video_path,dog_id,dog_name,label,L_stifle_mean,L_stifle_std,L_stifle_min,L_stifle_max,L_stifle_range,R_stifle_mean,R_stifle_std,R_stifle_min,R_stifle_max,R_stifle_range,L_hip_mean,L_hip_std,L_hip_min,L_hip_max,L_hip_range,R_hip_mean,R_hip_std,R_hip_min,R_hip_max,R_hip_range,L_elbow_mean,L_elbow_std,L_elbow_min,L_elbow_max,L_elbow_range,R_elbow_mean,R_elbow_std,R_elbow_min,R_elbow_max,R_elbow_range,L_shoulder_mean,L_shoulder_std,L_shoulder_min,L_shoulder_max,L_shoulder_range,R_shoulder_mean,R_shoulder_std,R_shoulder_min,R_shoulder_max,R_shoulder_range,neck_mean,neck_std,neck_min,neck_max,neck_range,back_mean,back_std,back_min,back_max,back_range,asym_stifle_mean,asym_stifle_std,asym_hip_mean,asym_hip_std,asym_elbow_mean,asym_elbow_std,asym_shoulder_mean,asym_shoulder_std,stride_freq_L_back_hz,stride_freq_R_back_hz,stance_var_ratio_back,stance_var_ratio_front,duration_s,pose_coverage,direction_LR
C:\Users\Gabe\OneDrive\Desktop\CISC\CISC442\cisc-442-final\videos\cisc442 dog videos\CCL Cases\Ash Swider 912908\Ash Gait Videos\Ash Swider_Visit 2_Day1-Baseline_7-24-24\IMG_6552 2.MOV,Ash Swider 912908,Ash Swider,1,127.1352856982378,29.32553802336968,22.380135051959567,180.0,157.61986494804043,115.94559881119064,20.578036080462056,79.59228868750995,173.6598082540901,94.06751956658016,160.26717723750107,16.90814540614841,110.11963314081831,180.0,69.88036685918169,159.6463301977233,15.187588719688705,126.2538377374448,180.0,53.7461622625552,156.98655600839894,23.223541583562717,33.50343698241422,180.0,146.49656301758577,161.5526111504109,11.86427761068733,127.87498365109822,180.0,52.12501634890178,152.13726152624093,20.746430667878585,76.32869286780416,180.0,103.67130713219584,147.96930315019483,18.974984276240423,105.25511870305779,180.0,74.74488129694221,133.07868543830918,14.1765985760143,104.43206293613592,173.65980825409017,69.22774531795424,149.7612674356101,25.63106173276793,1.8476102659945155,165.96375653207352,164.116146266079,27.345428512561455,23.023389310772725,19.16680544755317,12.781764108807492,17.243341433436704,17.101463254452785,25.8306334226098,18.62621895148207,2.570918468557826,0.4284864114263044,1.3619639788723839,0.9580630968539684,2.3337962962962964,1.0,1.0
C:\Users\Gabe\OneDrive\Desktop\CISC\CISC442\cisc-442-final\videos\cisc442 dog videos\CCL Cases\Ash Swider 912908\Ash Gait Videos\Ash Swider_Visit 2_Day1-Baseline_7-24-24\IMG_6555 2.MOV,Ash Swider 912908,Ash Swider,1,128.79220025439622,25.490655433744784,48.12213046211571,180.0,131.8778695378843,121.86849148966198,16.832632667416433,85.0302592718897,168.69006752597977,83.65980825409007,157.88416209813929,17.40778378244226,97.00938425662125,180.0,82.99061574337875,159.64971824173074,13.92788814778104,128.51692630710275,180.0,51.48307369289725,161.04912432760895,11.880753971909991,131.63353933657018,180.0,48.36646066342982,158.406955707088,15.309644559645449,94.96974072811031,180.0,85.03025927188969,147.26264724514144,20.77609135605594,90.0,179.18542295024056,89.18542295024056,148.23340973928248,20.448290128126708,94.96974072811031,178.21008939175394,83.24034866364363,130.6514137172007,14.921943408607577,78.93712737249142,173.65980825409005,94.72268088159863,140.98516396275335,36.137101511085525,16.389540334034788,179.99999914622634,163.61045881219155,25.641809133585326,21.9654148307928,21.23405689064799,14.464322327077054,13.841325133236479,12.211201667531968,27.354933522900538,18.220844388524128,0.33700930820633845,0.33700930820633845,1.5162691246092006,1.3286074639966063,2.9672770919067215,1.0,1.0
C:\Users\Gabe\OneDrive\Desktop\CISC\CISC442\cisc-442-final\videos\cisc442 dog videos\CCL Cases\Ash Swider 912908\Ash Gait Videos\Ash Swider_Visit 2_Day1-Baseline_7-24-24\IMG_6559 2.MOV,Ash Swider 912908,Ash Swider,1,127.07092182100922,19.301043670283498,77.31961650818018,179.99999914622634,102.68038263804617,118.56702754065203,16.11013673409707,79.69515353123397,170.53767779197435,90.84252426074038,155.44327816370608,16.444012450003296,109.17900802581072,179.497418333278,70.31841030746729,156.69485569868309,17.603465460541926,104.4593951503185,178.9583733239902,74.4989781736717,158.82152711993123,15.296844872521007,92.64254529406472,180.0,87.35745470593528,158.5240672365467,16.511645651092362,90.0,179.99999914622634,89.99999914622634,143.74790293258744,21.16922176233538,83.6598082540901,180.0,96.3401917459099,141.63290436217642,22.754251752565725,86.26860300083955,180.0,93.73139699916045,134.16361976429258,20.78139941853052,14.036243467926484,180.0,165.96375653207352,143.3736796411152,23.802893653176785,3.8140748342902824,160.20112364547506,156.38704881118477,21.17774802460927,15.029173829532748,20.921803532586445,13.197216384582118,16.990910399477716,14.620791020417734,24.00356447089115,18.585850845025327,1.7139850151602474,0.8569925075801237,1.11803795641503,1.729728350011375,3.5006140350877195,1.0,1.0
C:\Users\Gabe\OneDrive\Desktop\CISC\CISC442\cisc-442-final\videos\cisc442 dog videos\CCL Cases\Ash Swider 912908\Ash Gait Videos\Ash Swider_Visit 2_Day1-Baseline_7-24-24\IMG_6562 2.MOV,Ash Swider 912908,Ash Swider,1,136.40400332949258,17.41344893884179,96.3401917459099,178.21008939175394,81.86989764584403,119.70917288265406,21.45531842262546,68.19859051364818,179.30972280213493,111.11113228848674,143.50272619939352,13.893605641987966,112.83365417791754,167.10951937024868,54.27586519233114,145.01127397083891,22.677783565708562,85.89612452736306,178.58557678859793,92.68945226123488,158.85644227103623,11.39743365606481,130.6012946450045,180.0,49.39870535499551,155.2417464196029,18.61045560831277,91.78991060824607,180.0,88.21008939175393,146.95049638089267,15.222527974110013,108.10376303450664,175.6012946450045,67.49753161049784,145.1156480318402,19.322162592992605,76.53479190518829,178.21008939175394,101.67529748656565,116.92158160985663,15.95897531433804,50.9061411137705,156.80140948635182,105.89526837258131,146.92821630145244,5.002727619209084,133.99048721738362,163.73979529168804,29.749308074304423,24.817775445551963,17.20720560716981,18.543970961951892,15.47231109807085,17.420348604504376,12.734608540218334,19.793900528340107,14.542154240025303,2.2427038634302328,2.2427038634302328,0.8764872120548709,0.6764762951052625,3.5671227621483377,1.0,0.0
C:\Users\Gabe\OneDrive\Desktop\CISC\CISC442\cisc-442-final\videos\cisc442 dog videos\CCL Cases\Ash Swider 912908\Ash Gait Videos\Ash Swider_Visit 2_Day1-Baseline_7-24-24\IMG_6563 2.MOV,Ash Swider 912908,Ash Swider,1,125.86522565225633,26.341321822790412,41.295372557922875,180.0,138.70462744207714,118.10661488432014,19.63325456416853,55.38885781546961,180.0,124.6111421845304,153.5114232790946,16.72393785593456,111.80140948635182,179.79390096261494,67.99249147626313,159.19790302576698,15.76910303619229,117.8755103865275,180.0,62.124489613472505,160.59597897676795,14.60689348189973,105.25511870305778,180.0,74.74488129694222,157.48745448087956,14.834736398344466,103.73626830562257,180.0,76.26373169437743,145.20668621138896,19.41941981506322,88.69804732742112,178.98602127721435,90.28797394979323,142.22287575901413,26.459947820961904,8.13010235415596,178.21008939175374,170.0799870375978,132.02388547325552,18.431608673977475,77.038598149008,178.21008939175394,101.17149124274594,147.9522536169972,14.910012412860379,47.792702365713296,163.82784098421746,116.03513861850416,28.87969192457361,21.617644261455723,20.981919596353944,11.11192344616725,16.43404925753608,13.569404760862241,26.7700714488398,18.68655932775999,1.9807905598579294,1.1318803199188168,1.042874653768478,0.9692395053401629,3.5339425287356323,1.0,1.0
C:\Users\Gabe\OneDrive\Desktop\CISC\CISC442\cisc-442-final\videos\cisc442 dog videos\CCL Cases\Ash Swider 912908\Ash Gait Videos\Ash Swider_Visit 2_Day1-Baseline_7-24-24\IMG_6564 2.MOV,Ash Swider 912908,Ash Swider,1,136.6543860227257,16.515403287262004,75.96375653207353,175.60129464500443,99.6375381129309,124.56608313672861,20.690525889408438,56.309932474020215,177.06432655357892,120.75439407955871,142.9971963114232,14.811000940512455,101.80243420778356,177.63862534182428,75.83619113404072,143.0716609125533,23.670380689148274,84.40066066347944,178.96775530843428,94.56709464495484,161.46460935941408,11.495694661092001,122.57405713457253,180.0,57.42594286542747,158.99880749635687,18.618085071537934,63.43494882292201,180.0,116.56505117707799,143.35310380024603,17.87375079652525,96.11550356628541,177.27368900609395,81.15818543980853,143.64161485551753,19.917735114153654,90.0,180.0,90.0,125.17912225424438,13.254476841485587,96.70983680775694,161.565051177078,64.85521436932106,149.1203020703785,8.304107395156445,135.13873042988763,169.47608835795276,34.33735792806513,24.006633087054965,18.059243993610846,25.970599360982533,18.650748386235705,15.241360744630834,14.006661779119911,23.933091389140404,18.046496779230363,0.44768505711537526,2.462267814134564,1.0384980262577481,0.9531082403014454,4.467426303854875,1.0,0.0
C:\Users\Gabe\OneDrive\Desktop\CISC\CISC442\cisc-442-final\videos\cisc442 dog videos\CCL Cases\Ash Swider 912908\Ash Gait Videos\Ash Swider_Visit 2_Day1-Baseline_7-24-24\IMG_6565 2.MOV,Ash Swider 912908,Ash Swider,1,126.63989303073927,21.73995551227653,82.99873244250466,165.96375653207352,82.96502408956886,118.8430868662438,16.06306724034176,90.0,165.96375653207355,75.96375653207355,157.48909208435495,14.90303247437457,112.16634582208246,179.10482628978946,66.938480467707,156.74848810808115,16.23965168623631,117.77251177354904,178.15238973400508,60.37987796045604,155.4083026482132,19.14422630575358,98.13010235415598,180.0,81.86989764584402,157.52463872945418,15.425942567814218,108.43494882292201,180.0,71.56505117707799,142.76835089219145,20.229679302319013,97.1250163489018,173.88449643371456,76.75948008481276,144.69236534508153,21.147089102480052,93.81407483429035,175.91438322002503,82.10030838573468,136.23924773457176,16.13346336757269,97.4314079711725,178.26429541107143,80.83288743989893,149.49929477778107,28.437084307297358,2.2906100426385936,174.59620863975027,172.30559859711167,23.102136053102917,17.963225019979443,19.86876628629948,12.618220140432555,18.35925278846841,14.581178613055018,26.812701420936456,17.289959896078038,0.34085599807449996,0.34085599807449996,1.1257723014777201,2.8904495573226625,2.9337902388369677,1.0,1.0
C:\Users\Gabe\OneDrive\Desktop\CISC\CISC442\cisc-442-final\videos\cisc442 dog videos\CCL Cases\Ash Swider 912908\Ash Gait Videos\Ash Swider_Visit 2_Day1-Baseline_7-24-24\IMG_6566 2.MOV,Ash Swider 912908,Ash Swider,1,128.8237463902793,17.986990187051315,74.5387822595581,172.74680538727463,98.20802312771653,120.28595742945497,20.867501349251405,26.565051177078008,178.6677801461303,152.1027289690523,149.8333314696077,20.244445647146755,84.11401216697173,180.0,95.88598783302827,159.98184001224476,13.640001508396692,126.86989764584402,179.2926806314559,52.42278298561189,159.1551404606094,19.153568136048733,90.0,180.0,90.0,156.35857050781158,16.1243628186991,92.72631099390628,180.0,87.27368900609372,144.471292645789,17.552086845228636,98.1980688460163,177.7394980888588,79.5414292428425,152.74269941306846,20.072451793864957,73.3611943295737,180.0,106.6388056704263,127.72142912659196,11.854296661563767,94.23639479905886,149.93141717813756,55.69502237907871,151.2657863351893,10.142693805532566,87.27368900609373,176.18592516570973,88.912236159616,22.748468853886813,17.324537166758507,19.99166898130055,16.889036386335,17.974024468848178,15.311468965259703,24.199681243544784,19.017335210340867,0.37030717801917257,0.37030717801917257,0.7449956500332156,1.3650979235440193,2.7004607508532423,1.0,0.0
C:\Users\Gabe\OneDrive\Desktop\CISC\CISC442\cisc-442-final\videos\cisc442 dog videos\CCL Cases\Ash Swider 912908\Ash Gait Videos\Ash Swider_Visit 2_Day1-Baseline_7-24-24\IMG_6568 2.MOV,Ash Swider 912908,Ash Swider,1,131.69650013827322,21.53559922485153,51.11550356628541,172.0565281894096,120.94102462312418,124.63255207235747,22.095087241233184,78.69006752597979,180.0,101.30993247402021,142.5230411118394,17.71873500688169,95.61220322932488,178.78112476486868,83.1689215355438,155.79933605688146,15.093638960403522,122.68055474336342,179.63506366426947,56.95450892090605,159.20023737720808,20.271347597239043,45.0,180.0,135.0,156.15783753796507,16.796215228405572,71.56505117707799,180.0,108.43494882292201,137.74107245851766,16.533096721890107,82.18470645323312,174.0938588862295,91.90915243299638,152.71373137450175,18.733094132799756,105.94539590092286,180.0,74.05460409907714,123.42245171382353,11.204508831091708,96.519801751657,148.1725534233269,51.65275167166989,149.79758842722993,12.919319639935685,75.96375653207353,164.05460409907715,88.09084756700362,23.421452448983796,18.434771518513287,19.748938188429424,17.419109867782417,15.935258544495317,11.596681674670016,24.303671969545864,15.154271217526507,0.35706455351270083,1.0711936605381025,0.9319749458743466,1.745774279716526,2.8006140350877193,1.0,0.0
C:\Users\Gabe\OneDrive\Desktop\CISC\CISC442\cisc-442-final\videos\cisc442 dog videos\CCL Cases\Ash Swider 912908\Ash Gait Videos\Ash Swider_Visit 2_Day1-Baseline_7-24-24\IMG_6570 2.MOV,Ash Swider 912908,Ash Swider,1,128.02489337940767,21.55891123127537,78.69006752597979,171.869897645844,93.1798301198642,124.00343880048322,15.506694291917508,86.63353933657021,155.3764352138364,68.74289587726619,154.01318294962255,19.9391185650091,101.39213583155274,180.0,78.60786416844726,159.23995900416912,15.920003029324654,127.07926009835892,179.30972280213544,52.230462703776524,160.2573060719091,12.360744411209723,112.61986494804043,180.0,67.38013505195957,159.29566957225018,15.229431139026753,90.0,180.0,90.0,146.26859960773703,20.615534748135687,94.86451443776053,180.0,85.13548556223947,144.65297819541803,22.27004925378555,86.26860300083955,178.84266693187053,92.57406393103098,139.4400122592876,14.749731206765883,103.67130713219584,171.869897645844,68.19859051364816,150.77571921507246,19.91004418925381,29.74488129694223,179.14490260373375,149.40002130679153,22.898423308719728,16.417312609907526,24.04234943309644,15.58742698689154,14.575008159890249,13.634214350263992,27.049422659521092,17.44436967498703,2.0925761241634913,0.6975253747211637,0.9469087575295926,1.0394684511811045,2.867279202279202,1.0,1.0
C:\Users\Gabe\OneDrive\Desktop\CISC\CISC442\cisc-442-final\videos\cisc442 dog videos\CCL Cases\Ash Swider 912908\Ash Gait Videos\Ash Swider_Visit 2_Day1-Baseline_7-24-24\IMG_6572 2.MOV,Ash Swider 912908,Ash Swider,1,139.44278112323232,15.412944272460994,105.46121774044191,174.0938588862295,68.63264114578759,117.8407612951088,13.43884006323928,94.76364169072617,154.44003482817618,59.676393137450006,136.8285729559706,15.980789453169047,105.161242578138,163.81079374297306,58.64955116483506,157.5879229740643,15.73687057800817,95.79279649503216,180.0,84.20720350496784,161.0500235785778,14.093076548209448,101.30993247402021,180.0,78.69006752597979,155.9889138214828,18.323075478094044,93.1221304621157,180.0,86.8778695378843,135.9381306903378,17.742529945536425,87.47388308838046,168.0558228115537,80.58193972317324,141.8901521709782,18.169495357520642,105.70863782901574,178.8426669318708,73.13402910285507,125.73458205470332,10.124885900023687,99.46232220802563,144.76177477504226,45.29945256701663,147.94978637376528,6.207008945548256,120.96375653207352,163.6104596659652,42.64670313389169,27.890835332371164,15.37448667782164,26.676282235374533,18.025901868561228,17.701571054250483,14.892033616328936,23.04215998196347,15.265325255274046,0.36138595102143384,0.36138595102143384,0.7456180161158775,0.6383999150970552,2.7671247240618104,1.0,0.0
C:\Users\Gabe\OneDrive\Desktop\CISC\CISC442\cisc-442-final\videos\cisc442 dog videos\CCL Cases\Ash Swider 912908\Ash Gait Videos\Ash Swider_Visit 2_Day1-Baseline_7-24-24\IMG_6573 2.MOV,Ash Swider 912908,Ash Swider,1,129.54047263320575,22.021927419169113,52.334378801416705,174.0938588862295,121.7594800848128,101.09773460373245,15.333484924867417,39.09385888622951,136.7357045889284,97.64184570269889,153.57412256384697,15.14496678074263,122.09259132873417,178.06941255883305,55.97682123009888,163.0239755440488,10.548864081005409,138.3664606634298,180.0,41.63353933657021,155.20536968569854,19.214367187176634,90.0,180.0,90.0,161.2703992040676,14.46240882457156,107.65012421993013,180.0,72.34987578006987,138.84900020109816,21.334747408495172,87.51044707800085,176.26860300083962,88.75815592283877,145.1170517946707,20.439151398038785,94.86451443776053,177.24751459973146,82.38300016197093,137.85777641727455,11.986297397463137,107.35402463626133,170.8376529542783,63.48362831801697,149.6507789703848,5.2164635922235565,134.53037298031035,161.20011484134733,26.669741861036982,32.89679195458349,20.127297461063428,15.02924224504949,11.734862336406902,16.69445167985104,15.960956188531776,25.933942557922702,17.38910709716149,2.4188173237488444,2.4188173237488444,2.2968829778481727,2.7777358906748453,2.067125925925926,1.0,1.0
C:\Users\Gabe\OneDrive\Desktop\CISC\CISC442\cisc-442-final\videos\cisc442 dog videos\CCL Cases\Ash Swider 912908\Ash Gait Videos\Ash Swider_Visit 2_Day1-Baseline_7-24-24\IMG_6582 2.MOV,Ash Swider 912908,Ash Swider,1,138.7243892037749,20.34051676802422,87.51044707800085,173.99099404250546,86.48054696450461,160.44958897715702,16.085715411942687,100.30484646876603,180.0,79.69515353123397,149.3434102379421,22.497943365237905,100.78429786756261,180.0,79.21570213243739,116.34848918999566,15.847068749201592,81.86989764584403,171.86989764584405,90.00000000000001,162.35761960338013,19.0437077459205,90.0,180.0,90.0,170.74337180166194,15.774171892284329,90.0,180.0,90.0,171.09775904291607,8.638751261361886,143.13010235415598,179.30972280213544,36.17962044797946,140.0034551154995,11.53260437262937,122.81136679806812,175.03025927188972,52.2188924738216,148.03216654022035,31.17571051722335,73.35496178532405,179.2926806314554,105.93771884613135,146.86037500927267,20.938618142668535,77.64171494068238,169.33021719550334,91.68850225482096,26.012523381506103,18.762410727963644,38.904598703038964,23.912269059014015,9.744465195146844,7.935845355121404,34.721419463255295,9.180585706568673,1.4997678377960069,0.49992261259866894,1.1719295485562413,0.8462245735688819,2.00030959752322,1.0,1.0
C:\Users\Gabe\OneDrive\Desktop\CISC\CISC442\cisc-442-final\videos\cisc442 dog videos\CCL Cases\Ash Swider 912908\Ash Gait Videos\Ash Swider_Visit 2_Day1-Baseline_7-24-24\IMG_6587 2.MOV,Ash Swider 912908,Ash Swider,1,141.01118744636798,21.22922306982068,96.3401917459099,180.0,83.6598082540901,164.04062429595058,19.947287700446697,103.70696100407982,180.0,76.29303899592018,161.45733343964253,16.5243956887787,85.60129464500447,179.45692830627587,93.8556336612714,135.58065824254695,17.19173413631333,100.95406264339833,177.3974377975002,76.44337515410187,163.2546167214987,15.535970858069293,90.0,180.0,90.0,168.74210098810264,9.462383875421377,143.13010235415598,180.0,36.86989764584402,160.08874880682865,15.343181812583,116.56505117707799,180.0,63.43494882292201,139.3624210172568,12.115461781287792,119.05460409907714,164.57783868126134,45.5232345821842,112.07382580446001,23.860428951536317,76.35276166685597,169.38034472384496,93.02758305698899,117.17438600739828,15.551313265251677,83.78077031120885,150.0684881594922,66.28771784828335,31.35855892984285,18.55524519183531,32.3736505113992,16.072409708550783,13.697466808563725,10.357995141931779,25.34346226691749,15.215113454243765,0.5768465720726693,0.5768465720726693,1.0509971938734242,1.0724825111872478,3.4671264367816095,0.9903846153846154,1.0
C:\Users\Gabe\OneDrive\Desktop\CISC\CISC442\cisc-442-final\videos\cisc442 dog videos\CCL Cases\Ash Swider 912908\Ash Gait Videos\Ash Swider_Visit 2_Day1-Baseline_7-24-24\IMG_6589 2.MOV,Ash Swider 912908,Ash Swider,1,131.2415745516428,23.570731393187522,71.20011484134734,180.0,108.79988515865266,160.93358155950068,17.927474663158968,98.13010235415598,180.0,81.86989764584402,162.93696120835736,18.471980278391218,103.3924977537511,180.0,76.6075022462489,124.40799167838686,15.092405503293579,93.53229458389089,173.08877288097534,79.55647829708445,164.8006453628404,14.369053707396448,105.01836063115068,180.0,74.98163936884932,168.46897468033373,11.15859019233815,107.03776779562564,180.0,72.96223220437436,162.97315077126282,13.000244015547285,116.56505117707799,180.0,63.43494882292201,135.58857910267128,15.736383141239834,72.89727103094764,179.42127443439267,106.52400340344504,112.89753181159283,17.581739485468756,82.76975736074843,172.78573796079328,90.01598060004486,116.38712966943437,12.115600086350044,85.30131948270056,142.1250163489018,56.82369686620123,30.085060078953326,17.92246133718752,40.234770623643556,19.319279286549634,13.864802183333687,14.280727154271682,29.30353370914807,17.68682047584634,1.4703906021486677,0.8822343612892005,0.9927444817892326,0.9464331423313955,3.4004569892473118,1.0,1.0
C:\Users\Gabe\OneDrive\Desktop\CISC\CISC442\cisc-442-final\videos\cisc442 dog videos\CCL Cases\Chance Sommo 931005\Chance Sommo Gait Videos\Chance Sommo_Visit2-Baseline_Day1_6-4-24\Back_Chance_Day1_Visit2\Trial 1_Back.MOV,Chance Sommo 931005,Chance Sommo,1,146.62861895997023,27.57178524231628,63.43494882292201,180.0,116.56505117707799,143.24418820801432,29.161329419497637,58.67130713219583,179.99999914622634,121.32869201403051,135.99515216461788,21.17709434914907,81.86989764584403,176.82016988013575,94.95027223429172,157.85942814205836,15.949483552481793,130.90112030833768,180.0,49.09887969166232,149.78877199311734,22.256122513928073,80.53767779197439,180.0,99.46232220802561,146.35681011161142,30.118484597948992,99.86580694308438,180.0,80.13419305691562,127.28322677648141,17.676851433225178,80.81116392264124,163.393019421383,82.58185549874176,164.17210245533494,24.48624088665633,3.8506388239107796,179.63506366426947,175.7844248403587,123.39979863168936,22.28874365725133,78.85711014166068,178.21008939175394,99.35297925009326,126.13921515982268,43.28029103637652,3.0355691250554395,175.23635830927395,172.2007891842185,28.369014583858856,22.20510442895543,24.550826549196927,21.128813371203822,22.182854761291587,16.886912012084448,41.97126621908837,19.279005722822316,0.425531914893617,0.6382978723404256,0.48298069050227527,0.922341450421643,4.7,1.0,1.0
C:\Users\Gabe\OneDrive\Desktop\CISC\CISC442\cisc-442-final\videos\cisc442 dog videos\CCL Cases\Chance Sommo 931005\Chance Sommo Gait Videos\Chance Sommo_Visit2-Baseline_Day1_6-4-24\Back_Chance_Day1_Visit2\Trial 2_Back.MOV,Chance Sommo 931005,Chance Sommo,1,147.90551159314248,17.163933735554032,99.46232220802563,180.0,80.53767779197437,145.63838268087576,21.007952425013148,103.57043438516149,180.0,76.42956561483851,137.2603192133841,15.518920952550113,106.39885520625204,174.65082257047075,68.25196736421871,147.4074217528731,20.569924139149624,101.07020257793937,179.99999879258172,78.92979621464235,153.45351356743708,15.447810494122779,83.1402399944742,180.0,96.8597600055258,140.50623316527054,20.411593452666853,63.10376303450663,180.0,116.89623696549337,125.71337535198211,19.804889811519963,69.07549825507884,169.77099171264047,100.69549345756162,143.84470372202628,17.034755005608833,90.0,180.0,90.0,133.3387043118369,36.28013301748226,49.71669077565778,180.0,130.28330922434222,142.80678257198818,32.02977036051619,1.9414863909145343,177.06432655357878,175.12284016266423,22.05528440096974,15.24433409502712,26.36387753452133,15.069883359828559,23.72575872586086,17.088986868752524,23.44131418913716,18.411688546299207,,0.4081632653061224,1.17611534901016,0.6250245570755726,4.9,1.0,1.0
C:\Users\Gabe\OneDrive\Desktop\CISC\CISC442\cisc-442-final\videos\cisc442 dog videos\CCL Cases\Chance Sommo 931005\Chance Sommo Gait Videos\Chance Sommo_Visit2-Baseline_Day1_6-4-24\Back_Chance_Day1_Visit2\Trial 5_Back.MOV,Chance Sommo 931005,Chance Sommo,1,158.4754290324948,27.67332782291338,49.63546342690263,180.0,130.36453657309738,153.7618379849563,24.544072878078815,93.17983011986423,180.0,86.82016988013577,129.59254402503538,26.465337484139962,65.69545073406327,169.20623175574465,103.51078102168138,160.71582214326807,11.55395848200757,132.59978553914337,177.16121215899457,44.561426619851204,147.55724632758742,26.567296715834704,79.69515353123397,180.0,100.30484646876603,157.83644551419525,17.492089710006507,100.61965527615513,180.0,79.38034472384487,109.36548538245914,24.105449528040573,59.03624346792648,168.15173376158555,109.11549029365906,157.69267010330995,11.445470591196095,105.94539590092286,179.09061955080105,73.14522364987819,148.64416692247457,18.74954570505457,65.85445803957835,180.0,114.14554196042165,138.85942868840948,37.634020127755896,16.316602799698977,179.14490260373333,162.82829980403434,25.384326399121463,30.922283642853497,36.85893949401634,28.898257666009282,22.003487798525942,18.950642928700784,48.111271727025475,23.889647555034276,0.75,0.75,0.7957863934778969,0.947173427843229,4.0,1.0,1.0
C:\Users\Gabe\OneDrive\Desktop\CISC\CISC442\cisc-442-final\videos\cisc442 dog videos\CCL Cases\Chance Sommo 931005\Chance Sommo Gait Videos\Chance Sommo_Visit2-Baseline_Day1_6-4-24\Back_Chance_Day1_Visit2\Trial 8_Back.MOV,Chance Sommo 931005,Chance Sommo,1,161.34573161676605,19.354043761665146,64.33480853782642,177.27368900609378,112.93888046826736,157.012873233597,18.004496814792393,71.56505117707799,179.05304855322674,107.48799737614875,146.1756841486922,11.004836466606836,131.9606004310731,163.00917670801385,31.048576276940764,168.59649879603077,7.3753653786247915,153.82917961644563,177.98540121212935,24.156221595683718,173.0168143665455,7.5576638473893825,157.72973207994468,180.0,22.270267920055318,167.17711586588868,8.312069806613056,153.434948822922,180.0,26.565051177078004,126.24137567014876,16.948743894048437,97.69605172201658,140.19442890773482,42.49837718571824,144.73681608753344,16.25428241125861,112.83365417791754,174.28940686250036,61.45575268458282,156.12071600525297,15.086444149292808,135.0,176.82016988013575,41.82016988013575,78.71953211058565,22.144786923895044,15.945395900922879,105.42216131873867,89.4767654178158,16.53729607068495,23.394331650529544,22.42081464733857,9.334611698911717,10.904670545969026,7.043430242443515,17.83866593869209,16.25631201607345,,,1.0291144159580874,0.7401306286393893,4.466666666666667,0.8805970149253731,1.0
C:\Users\Gabe\OneDrive\Desktop\CISC\CISC442\cisc-442-final\videos\cisc442 dog videos\CCL Cases\Chance Sommo 931005\Chance Sommo Gait Videos\Chance Sommo_Visit2-Baseline_Day1_6-4-24\Back_Chance_Day1_Visit2\Trial 9_Back.MOV,Chance Sommo 931005,Chance Sommo,1,152.90740376798,30.07776001711628,71.56505117707799,176.6335393365703,105.0684881594923,156.03037515706328,36.85543707934885,18.434948822922,179.99999879258172,161.56504996965973,139.4386677476444,21.724173381332523,100.61965527615513,177.77603875961452,77.1563834834594,164.5946608984621,9.918780370283907,141.04121268794898,179.49071759502243,38.44950490707345,153.26353406657134,24.55463727707334,90.0,180.0,90.0,154.9729596868664,18.945550611961828,108.43494882292202,174.59620863975027,66.16125981682825,144.15125340628853,24.40495291754706,103.2405199151872,179.99999914622634,76.75947923103914,143.4418494060647,38.39737510664107,33.31386952104218,179.51030440687092,146.19643488582875,142.99329831885711,28.322055126548314,79.99202019855866,178.15238973400568,98.16036953544702,117.72425433949157,12.90252947975963,92.99034497516537,140.42522636842034,47.43488139325497,15.546534597471425,14.824078481738853,31.696649738165775,15.715180819918608,12.02241573039319,5.600488791682492,34.91572562098607,18.034460025155653,,0.6521739130434783,1.0174503938983337,0.288137622943174,1.5333333333333334,1.0,1.0
C:\Users\Gabe\OneDrive\Desktop\CISC\CISC442\cisc-442-final\videos\cisc442 dog videos\CCL Cases\Chance Sommo 931005\Chance Sommo Gait Videos\Chance Sommo_Visit2-Baseline_Day1_6-4-24\Front_Chance_Day1_Visit2\Trial 8_Front.MOV,Chance Sommo 931005,Chance Sommo,1,155.63273038379742,26.366068200005895,37.99873244250467,180.0,142.00126755749534,146.9839509430522,27.68701767444288,37.8749836510982,180.0,142.1250163489018,138.70240785461493,26.847318053324077,46.20183306445212,176.68905848538853,130.4872254209364,147.13098808473512,19.163575026521073,102.52880770915151,180.0,77.47119229084849,158.4094332098507,20.385930116366154,49.69868051729944,180.0,130.30131948270056,165.03871125049974,15.79190366968114,22.682426283883363,180.0,157.31757371611664,133.28814341023698,30.053709535663256,42.763020936562306,180.0,137.2369790634377,141.64234226240208,18.73792048756585,47.26795453590584,177.95459151111262,130.6866369752068,104.67506546326175,28.300338794287583,12.094757077012089,168.111341960372,156.0165848833599,132.71649906675313,22.904807185619628,64.6538240580533,173.7843641002974,109.1305400422441,24.451106456509876,23.543492704962897,16.768647696890362,15.122842084849331,14.40094301824442,14.148404632102192,21.139223595448023,14.547142199453418,0.3921568627450981,0.3921568627450981,1.029675528421656,0.8721289965195286,10.2,0.8790849673202614,1.0
C:\Users\Gabe\OneDrive\Desktop\CISC\CISC442\cisc-442-final\videos\cisc442 dog videos\CCL Cases\Chance Sommo 931005\Chance Sommo Gait Videos\Chance Sommo_Visit2-Baseline_Day1_6-4-24\L Sag_Chance_Day1_Visit2\Trial 1_L Lat.MOV,Chance Sommo 931005,Chance Sommo,1,123.78040758223017,18.727844832339677,86.82016988013577,168.69006752597977,81.869897645844,110.64952627573794,25.69258545163218,67.28558764683277,180.0,112.71441235316723,156.71146728474125,18.398301621217282,122.90524292298791,178.91907581333942,56.01383289035151,161.76872872130497,14.918866762597098,127.87498365109822,180.0,52.12501634890178,136.93417892448537,24.647204121412994,52.69605172201657,180.0,127.30394827798344,144.28899156787838,19.702105005441915,93.3664606634298,180.0,86.6335393365702,145.38318125877356,23.115561562028812,68.83874018317172,180.0,111.16125981682828,141.38394109621967,24.289112722137997,59.03624346792648,177.33699923393283,118.30075576600635,137.93461087605812,12.437038500765258,115.55996517182382,164.05460409907712,48.494638927253305,155.33578921194908,7.451745389755209,123.81824578980331,176.42366562500274,52.60541983519943,24.611942598579414,20.025840235931888,17.234158260001113,17.477291096479426,25.522495056392547,19.794455177531724,29.857471687259398,23.714710247373084,0.4347826086956522,0.4347826086956522,0.8700281840905829,1.439323941710647,2.3,1.0,0.0
C:\Users\Gabe\OneDrive\Desktop\CISC\CISC442\cisc-442-final\videos\cisc442 dog videos\CCL Cases\Chance Sommo 931005\Chance Sommo Gait Videos\Chance Sommo_Visit2-Baseline_Day1_6-4-24\L Sag_Chance_Day1_Visit2\Trial 3_L Lat.MOV,Chance Sommo 931005,Chance Sommo,1,131.61862863413015,17.397166284671613,94.39870535499554,172.87498365109818,78.47627829610263,127.01153806344954,24.27841212943604,85.60129464500447,180.0,94.39870535499553,149.1471244223276,18.87123198927488,97.76516601842533,177.63862534182428,79.87345932339895,152.18141476999034,17.323098749763894,110.96571184055743,179.6154703404151,68.64975849985767,144.64626111474996,21.264825993076148,66.80140948635182,180.0,113.19859051364818,144.6979465571053,22.453515790473425,71.56505117707799,180.0,108.43494882292201,134.14228774740513,23.916263817023342,69.52772048025808,173.0887728809753,103.56105240071723,141.77055725343374,24.71449858106,79.50852298766841,180.0,100.49147701233159,137.6998164463975,11.32473618373558,118.04015297793495,161.565051177078,43.52489819914305,152.4745762123514,6.90465049714513,132.04542017594034,166.7594800848128,34.71405990887246,22.238101951241372,16.266784457118202,22.804059124429575,18.357916143431527,24.625726780593908,18.400058354678443,28.81267242016764,24.655352021040773,0.4166666666666667,0.4166666666666667,0.8671550529413717,1.0874432636593907,2.4,1.0,0.0
C:\Users\Gabe\OneDrive\Desktop\CISC\CISC442\cisc-442-final\videos\cisc442 dog videos\CCL Cases\Chance Sommo 931005\Chance Sommo Gait Videos\Chance Sommo_Visit2-Baseline_Day1_6-4-24\L Sag_Chance_Day1_Visit2\Trial 4_L Lat.MOV,Chance Sommo 931005,Chance Sommo,1,135.5772310759506,17.442598762835182,95.1944289077348,180.0,84.8055710922652,123.01275590188676,18.61952503986933,77.17121712854458,166.7594800848128,89.58826295626821,146.98877264711456,22.26047755297655,91.17714488598206,179.25834848629387,88.08120360031181,151.79424005180317,17.267044602888816,78.89145783724754,176.30861401354855,97.417156176301,143.92910303092356,17.71822197976522,94.76364169072617,176.82016988013575,82.05652818940958,144.8438135717986,23.962791508093932,48.94518622903756,180.0,131.05481377096243,143.76881771345887,23.869264659561146,71.56505117707799,180.0,108.43494882292201,142.28885042843845,21.284687460725035,87.39743779750019,180.0,92.60256220249981,134.9423903124098,13.574577777794332,109.74683660542613,170.81116392264124,61.06432731721512,156.50915889747804,6.944073111783373,136.76782705585606,170.713072487503,33.94524543164695,19.89035477100989,13.60247328360803,21.091200922946623,16.152538459024267,22.795143549222225,19.284887078117723,29.224121273514037,21.662356477379735,0.8256880733944955,1.1009174311926606,0.6781011640031228,0.6657766362122748,3.6333333333333333,1.0,0.0
C:\Users\Gabe\OneDrive\Desktop\CISC\CISC442\cisc-442-final\videos\cisc442 dog videos\CCL Cases\Chance Sommo 931005\Chance Sommo Gait Videos\Chance Sommo_Visit2-Baseline_Day1_6-4-24\L Sag_Chance_Day1_Visit2\Trial 6_L Lat.MOV,Chance Sommo 931005,Chance Sommo,1,138.89290677582915,18.482492697076793,95.79279649503216,180.0,84.20720350496784,126.14501738781073,18.873634631320478,88.8542371618249,180.0,91.1457628381751,141.81458508074513,19.081610983236665,95.00391995224034,178.4198275272,83.41590757495966,150.1070818785619,18.774612252615,79.14358665193775,180.0,100.85641334806225,141.19695465401315,19.112370910770263,59.03624346792648,180.0,120.96375653207352,146.1647067059092,19.50997788208958,63.43494882292201,180.0,116.56505117707799,138.1018906167229,21.190497284401957,83.6598082540901,175.23635830927387,91.57655005518377,141.90250085662893,22.926863877488422,56.88183142468196,180.0,123.11816857531804,139.00978722287795,17.10991896482493,101.853004167744,178.05851360908585,76.20550944134185,151.9212447657139,6.260427761070957,136.6846843178963,165.96375653207355,29.279072214177233,19.49596796895698,16.11139299339646,25.610069883767082,17.764724927556095,21.294818534969696,15.928721838199841,26.949397071327947,18.717962593531624,0.5128205128205129,0.5128205128205129,0.8267583472393589,1.0047892412789858,3.9,1.0,0.0
C:\Users\Gabe\OneDrive\Desktop\CISC\CISC442\cisc-442-final\videos\cisc442 dog videos\CCL Cases\Chance Sommo 931005\Chance Sommo Gait Videos\Chance Sommo_Visit2-Baseline_Day1_6-4-24\L Sag_Chance_Day1_Visit2\Trial 7_L Lat.MOV,Chance Sommo 931005,Chance Sommo,1,135.68738271542242,17.15570385335963,98.9726266148964,180.0,81.0273733851036,126.13074339412321,20.982531514076584,56.30993247402022,178.6677801461303,122.35784767211007,145.9195120954118,19.66506993502887,95.9061411137705,178.78112476486868,82.87498365109818,154.38949664363275,14.70477834891746,116.81969740935085,178.12212255271461,61.30242514336376,145.33623760746278,19.062481018065732,71.56505117707799,180.0,108.43494882292201,144.54234208806096,21.348354325813723,60.46121774044192,180.0,119.53878225955808,140.59074610469617,21.301960374516717,90.0,180.0,90.0,144.4370641733415,20.722975475995035,87.0262689175199,179.30130561701682,92.27503669949692,131.69857294871707,13.9302979802054,90.0,171.86989764584405,81.86989764584405,152.0479478718657,13.27441120363573,52.1250163489018,176.63353933657018,124.50852298766839,19.513383795678887,15.4354659644922,23.85889801412662,16.118681543986654,20.15041386436201,16.676034055935297,25.78298539516159,17.984353067903672,1.0434782608695652,0.5217391304347826,0.6360779771219846,0.8859720098609218,3.8333333333333335,1.0,0.0
C:\Users\Gabe\OneDrive\Desktop\CISC\CISC442\cisc-442-final\videos\cisc442 dog videos\CCL Cases\Chance Sommo 931005\Chance Sommo Gait Videos\Chance Sommo_Visit2-Baseline_Day1_6-4-24\L Sag_Chance_Day1_Visit2\Trial 8_L Lat.MOV,Chance Sommo 931005,Chance Sommo,1,131.01960088032249,13.93184912558501,108.43494882292202,164.7448812969422,56.30993247402017,123.3978520135408,19.66583625875673,84.8055710922652,174.8055710922652,90.00000000000001,139.91292798719982,21.90353408120538,90.98776039963981,172.90525083238896,81.91749043274915,156.06505057786134,17.298555093913468,99.74364128703718,176.30861401354883,76.56497272651166,142.15510676130057,21.050382023853793,81.86989764584403,180.0,98.13010235415597,147.1362493865461,19.141315482603762,78.69006752597979,180.0,101.30993247402021,139.29298732033834,22.164855644837154,78.85711014166068,176.98721249581672,98.13010235415604,144.33285706734307,21.42402900463253,89.18154453831139,180.0,90.81845546168861,137.25372415712624,11.969516718774667,111.55707928503773,177.87890360333856,66.32182431830083,154.01462204210674,4.579763835168452,142.76516601842536,163.28218339080175,20.517017372376387,21.79939883085675,13.334237850946339,29.868525653772405,20.722164317298656,26.112066366521304,18.21100107131336,26.538095382557298,18.380179333779456,1.348314606741573,0.33707865168539325,0.974225179274012,1.4078616275504348,2.966666666666667,1.0,0.0
C:\Users\Gabe\OneDrive\Desktop\CISC\CISC442\cisc-442-final\videos\cisc442 dog videos\CCL Cases\Chance Sommo 931005\Chance Sommo Gait Videos\Chance Sommo_Visit2-Baseline_Day1_6-4-24\L Sag_Chance_Day1_Visit2\Trial 9_L Lat.MOV,Chance Sommo 931005,Chance Sommo,1,136.07604080433154,16.6602850379941,85.39990433373671,173.08877288097534,87.68886854723863,120.951407718134,15.644499742052846,80.99149625797484,153.43494882292202,72.44345256494718,140.5126118923129,23.10346264963937,85.64059215565518,178.7981669355475,93.15757477989231,156.5870794516363,13.705484743438427,124.99202019855868,179.63506366426847,54.643043465709795,143.45595296604728,17.609319905759953,92.72631099390628,180.0,87.27368900609372,144.92562468148586,21.30629605720555,63.43494882292201,180.0,116.56505117707799,137.7619573909455,19.17372351515893,83.6598082540901,178.61964592655562,94.95983767246553,139.78696070771187,22.814958743695712,67.87366519062671,176.98721249581686,109.11354730519015,137.20575974991465,12.475288784541435,113.62937773065683,162.3498757800699,48.72049804941308,154.98732786865475,6.1183217920690005,139.4473848500905,171.4222834749835,31.974898624893,23.140924372179832,15.069662322877782,29.363768548366814,20.182216643555407,21.024996800816503,16.82148288048577,25.41854367853499,20.76320784090984,0.30927835051546393,0.30927835051546393,0.5681780419039187,0.5908455111523793,3.2333333333333334,1.0,0.0
C:\Users\Gabe\OneDrive\Desktop\CISC\CISC442\cisc-442-final\videos\cisc442 dog videos\CCL Cases\Chance Sommo 931005\Chance Sommo Gait Videos\Chance Sommo_Visit2-Baseline_Day1_6-4-24\R Sag_Chance_Day1_Visit2\Trial 2_R Lat.MOV,Chance Sommo 931005,Chance Sommo,1,125.51806929496009,22.985459329825545,68.1985905136482,176.8201698801356,108.62157936648741,119.52341907903693,20.231193210766357,77.47119229084849,177.23787168662116,99.76667939577267,152.75619494746405,20.641277401045432,60.49484859913863,180.0,119.50515140086137,159.70776366980343,18.12932981381791,102.70402361405685,179.73350992394143,77.02948630988458,154.29342936564439,23.25491795810808,79.69515353123397,180.0,100.30484646876603,148.54369947863873,25.296439721726625,34.69515353123396,180.0,145.30484646876604,131.24608592915956,23.97023316717249,61.50436138175502,178.02506598911788,116.52070460736286,130.80059968001146,21.52288204700534,69.44395478041653,175.91438322002512,106.47042843960858,138.4226061495806,13.254342088828516,112.5205656028969,178.85423716182518,66.33367155892829,156.53932945189374,12.255488429486926,64.5366549381284,166.75948008481282,102.22282514668443,21.88097769857731,17.890585533870222,27.41186880455605,19.121747826821764,23.535188840530136,21.2988443270814,25.138211464175342,18.83888295365456,0.3125,0.3125,0.9203463188117997,0.7435369496959874,3.2,0.9791666666666666,1.0
C:\Users\Gabe\OneDrive\Desktop\CISC\CISC442\cisc-442-final\videos\cisc442 dog videos\CCL Cases\Chance Sommo 931005\Chance Sommo Gait Videos\Chance Sommo_Visit2-Baseline_Day1_6-4-24\R Sag_Chance_Day1_Visit2\Trial 3_R Lat.MOV,Chance Sommo 931005,Chance Sommo,1,132.1375777025466,19.04373732815282,78.69006752597979,168.6900675259798,90.00000000000001,128.5124414049124,19.194272809421484,92.12109639666146,175.23635830927373,83.11526191261227,149.98381180486567,18.23091482013939,104.4702941000659,180.0,75.5297058999341,158.75478750902585,21.752107747357467,81.79278358808185,180.0,98.20721641191815,153.07764016393014,21.71425329366223,84.14398641457105,180.0,95.85601358542895,149.0935307503564,23.746939463377164,36.1932073055647,180.0,143.8067926944353,131.96709359403238,24.79528183533695,53.13010235415599,177.66269414087648,124.5325917867205,135.1509204491101,21.19873149042214,71.56505117707799,178.21008939175374,106.64503821467575,139.26042887255346,10.867961714523956,116.56505117707799,180.0,63.43494882292201,155.92951621221255,7.6473086098230745,124.38034472384487,178.78112476486868,54.40078004102381,18.418943948868552,13.940556904882515,28.716355521073208,16.683497247311404,26.96617435384453,21.535176118737322,27.956466912475857,20.909432990077114,0.36585365853658536,0.36585365853658536,0.6976352855532806,1.2807505962714811,2.7333333333333334,1.0,1.0
C:\Users\Gabe\OneDrive\Desktop\CISC\CISC442\cisc-442-final\videos\cisc442 dog videos\CCL Cases\Chance Sommo 931005\Chance Sommo Gait Videos\Chance Sommo_Visit2-Baseline_Day1_6-4-24\R Sag_Chance_Day1_Visit2\Trial 4_R Lat.MOV,Chance Sommo 931005,Chance Sommo,1,123.42528262993643,20.579947005612123,64.4400348281762,176.46770541610917,112.02767058793297,126.27428752233484,21.15491824066406,68.19859051364818,180.0,111.80140948635182,152.9762279658806,21.106621461196543,59.26112762301809,179.73350992394143,120.47238230092333,152.9335237244385,22.86369684207642,64.4242595588851,180.0,115.5757404411149,151.1226031937386,25.095263978479576,29.054604099077153,180.0,150.94539590092285,142.68169960362948,20.99896901108378,63.43494882292201,180.0,116.56505117707799,130.20261345177832,23.206819531820567,73.46156948028727,177.7093899573614,104.24782047707413,133.9841388837276,25.758379763713872,58.972933240087364,179.3013056170163,120.32837237692894,136.16002195017018,11.439463120960497,106.60698057861701,164.4871256729415,57.880145094324476,158.2884430221784,9.29505443031462,105.25511870305779,172.0565281894096,66.8014094863518,19.794796576651027,15.601118213849901,24.21480485029739,16.968468527380967,26.089333691473524,24.009893961683872,27.83599378870893,19.251468892663976,0.35714285714285715,0.35714285714285715,0.6725967320344518,0.954894406269528,2.8,1.0,1.0
C:\Users\Gabe\OneDrive\Desktop\CISC\CISC442\cisc-442-final\videos\cisc442 dog videos\CCL Cases\Chance Sommo 931005\Chance Sommo Gait Videos\Chance Sommo_Visit2-Baseline_Day1_6-4-24\R Sag_Chance_Day1_Visit2\Trial 5_R Lat.MOV,Chance Sommo 931005,Chance Sommo,1,125.63193317194532,23.471599079559414,59.25003269780358,179.99999914622634,120.74996644842275,129.62648727614214,22.23489568845874,77.47119229084849,180.0,102.52880770915151,153.81704144101474,21.921106404355065,64.11075236432953,179.01223960036057,114.90148723603104,157.99481939417515,17.984666924475864,102.52880770915151,179.4490960207818,76.9202883116303,155.06516566646238,19.308805834035542,101.30993247402021,180.0,78.69006752597979,143.68397736460807,22.451072972151604,87.27368900609373,180.0,92.72631099390627,132.9225709689189,26.385560747591708,76.20051460398064,179.56594936786087,103.36543476388023,135.20960007077264,27.077934291534053,62.165946059449176,180.0,117.83405394055083,138.55643647280579,11.659349968275285,116.56505117707799,170.13419305691562,53.56914187983763,157.8325831873401,20.386742811735132,12.528807709151492,177.96367454520174,165.43486683605025,21.56312593740686,17.40613139790883,26.435597453069374,19.436022762991932,22.907017624547482,17.494518684306755,33.024961915284194,24.531590347374163,0.5555555555555556,1.3888888888888888,0.8598214542486303,1.199528837622301,3.6,1.0,1.0
C:\Users\Gabe\OneDrive\Desktop\CISC\CISC442\cisc-442-final\videos\cisc442 dog videos\CCL Cases\Chance Sommo 931005\Chance Sommo Gait Videos\Chance Sommo_Visit2-Baseline_Day1_6-4-24\R Sag_Chance_Day1_Visit2\Trial 6_R Lat.MOV,Chance Sommo 931005,Chance Sommo,1,130.79020657299665,22.443117628483485,90.0,180.0,90.0,125.49534017884275,19.781810240923324,82.74680538727468,176.2686030008395,93.52179761356483,150.30574345358744,19.0348641256486,109.47030200946696,179.73350992394143,70.26320791447446,157.17948450912044,20.82500318125663,70.43621638041735,179.58025820866487,109.14404182824752,148.95543454200282,22.909848050463506,53.9726266148964,180.0,126.0273733851036,147.83457923896472,21.834779419532225,63.43494882292201,180.0,116.56505117707799,130.45793046866686,25.11514248996645,61.69924423399363,177.43622978853506,115.73698555454143,130.45308848731455,23.623597284005566,48.5517333548204,171.869897645844,123.31816429102359,140.65876369313554,11.402413811221036,109.4400348281762,168.11134196037202,58.67130713219582,156.01309079005028,10.972231533780391,112.75097634278764,172.9063270722129,60.15535072942525,23.971620995022334,16.339139023340195,26.81253425178859,17.352972134933985,21.827570621362952,17.23908271395219,28.56759836128122,21.196584012503088,0.32967032967032966,1.3186813186813187,0.9347495051309609,1.4902866735581406,3.033333333333333,1.0,1.0
C:\Users\Gabe\OneDrive\Desktop\CISC\CISC442\cisc-442-final\videos\cisc442 dog videos\CCL Cases\Chance Sommo 931005\Chance Sommo Gait Videos\Chance Sommo_Visit2-Baseline_Day1_6-4-24\R Sag_Chance_Day1_Visit2\Trial 8_R Lat.MOV,Chance Sommo 931005,Chance Sommo,1,129.15592758060586,16.652039452564676,98.13010235415598,171.86989764584405,73.73979529168807,126.40524354068899,18.12687274034137,96.3401917459099,173.65980825409017,77.31961650818026,151.26681266550125,19.67964320705427,93.3664606634298,179.99999914622634,86.63353848279654,159.88736990878735,15.560698412183482,113.56154534777102,179.4490960207818,65.8875506730108,152.15830116864598,20.69802064099587,81.86989764584403,180.0,98.13010235415597,145.63777501815758,19.42010492509815,87.51044707800085,180.0,92.48955292199915,131.54987201673862,19.807640545274445,90.0,177.27368900609366,87.27368900609366,131.9855872691161,23.558508841779908,61.531081003405674,178.15238973400508,116.62130873059941,135.11240724131736,10.662912923699405,98.13010235415598,169.69515353123398,71.565051177078,158.76926504643447,6.258963501062463,143.13010235415598,173.0887728809753,29.958670526819333,20.481989056249123,14.679545351873184,26.183114586536863,14.71636856481125,25.016776196685424,18.471773002192826,25.36538411438094,19.763951403454993,1.4634146341463414,0.36585365853658536,0.8717723460544955,1.0499089156508308,2.7333333333333334,1.0,1.0
C:\Users\Gabe\OneDrive\Desktop\CISC\CISC442\cisc-442-final\videos\cisc442 dog videos\CCL Cases\Cherish Shapiro 960946\Cherish Shapiro Gait Videos\Cherish_Baseline_Visit2_Baseline Day1_8-29-24\IMG_7096.MOV,Cherish Shapiro 960946,Cherish Shapiro,1,126.55641057877158,18.651369350130384,74.05460409907714,170.42577211490817,96.37116801583103,123.52940963554467,20.867935317707534,64.98310652189998,176.49646835521563,111.51336183331564,156.9617217758424,16.772640290361725,117.89727103094764,180.0,62.102728969052365,159.33686124283025,16.404790456835478,123.02386755579664,178.58557678859793,55.56170923280129,150.71583758098978,25.988362844227346,77.47119229084849,180.0,102.52880770915151,153.7017372415638,22.734828031959847,75.96375653207353,180.0,104.03624346792647,123.06663146946686,18.031454283563402,75.96375653207352,154.44003482817618,78.47627829610266,138.66192357069346,17.842984530940036,93.17983011986423,176.6335393365703,83.45370921670606,125.69512173289351,11.491675801437214,86.7754773934801,149.03624346792648,62.26076607444638,145.02446823730793,7.431508056895137,123.9704687760195,160.98296604188758,37.01249726586808,21.445499066500684,16.725822334910738,24.564611125391696,14.277566188882023,28.951850149736163,26.14926527329235,23.522758016106174,16.90775147286839,1.1536444677503932,1.4420555846879914,0.940553458602272,1.0857286138120399,3.4672727272727273,0.9711538461538461,0.0
C:\Users\Gabe\OneDrive\Desktop\CISC\CISC442\cisc-442-final\videos\cisc442 dog videos\CCL Cases\Cherish Shapiro 960946\Cherish Shapiro Gait Videos\Cherish_Baseline_Visit2_Baseline Day1_8-29-24\IMG_7097.MOV,Cherish Shapiro 960946,Cherish Shapiro,1,125.14642089138563,16.18176346113423,94.39870535499554,168.04812486997523,73.64941951497968,120.7880429072077,18.07798383493515,88.78112476486871,170.53767779197435,81.75655302710564,152.43876133117152,17.549676864960087,109.98310652189998,178.4465968758316,68.46349035393162,157.04430276324473,17.23051341649726,106.7746664539392,179.4743653935423,72.69969893960311,149.19438133351588,22.762673770453354,65.22485943116808,180.0,114.77514056883192,157.43744024350164,16.50338307804245,83.90413845540418,180.0,96.09586154459582,127.88438344792804,19.780002962124865,72.89727103094764,173.65980825409005,100.76253722314242,126.37970178277189,19.97024599891599,79.33021719550332,172.87498365109818,93.54476645559485,129.5157969464938,16.124296842592226,98.13010235415598,176.63353933657018,78.5034369824142,142.941498422841,14.508061556048485,38.04704253182608,166.7594800848128,128.71243755298673,18.832746420532,13.987418687632552,21.830768460452568,14.870349196917365,21.19730619148104,16.892675670585458,19.787583378162545,14.719621947530468,1.4997273223050354,0.5998909289220141,1.0038651083297556,1.2609265908483538,3.333939393939394,1.0,1.0
C:\Users\Gabe\OneDrive\Desktop\CISC\CISC442\cisc-442-final\videos\cisc442 dog videos\CCL Cases\Cherish Shapiro 960946\Cherish Shapiro Gait Videos\Cherish_Baseline_Visit2_Baseline Day1_8-29-24\IMG_7098.MOV,Cherish Shapiro 960946,Cherish Shapiro,1,124.27393047243434,15.805693059563586,90.0,171.17962044797892,81.17962044797892,120.88599908499945,15.585826941808863,81.08507304285214,175.60129464500457,94.51622160215243,159.2710215090897,14.981289870897507,118.17859010995917,179.99999879258172,61.82140868262255,155.22188619773038,15.96840588673938,113.19859051364818,178.95837332399054,65.75978281034236,153.18245637306993,18.489134899695085,98.13010235415598,180.0,81.86989764584402,155.51424546661715,18.547921144669804,84.55966796899449,180.0,95.44033203100551,129.24176076533237,15.93073654717186,72.59729586864373,161.565051177078,88.96775530843428,137.2114892254902,16.714951359958807,96.519801751657,170.39479584498707,73.87499409333007,127.1193356862333,14.864074354833171,93.17983011986423,164.7448812969422,71.56505117707796,143.8546966295849,7.3300983865184435,128.7386736956978,176.82016988013584,48.08149618443804,17.791558286416954,12.505911707900704,23.041303845108946,13.136821390728063,19.724481483026878,18.85555983790395,19.004914906266265,14.165815606127719,0.6248816512024237,1.041469418670706,1.1389362306092246,0.9213677070911479,4.800909090909091,1.0,0.0
C:\Users\Gabe\OneDrive\Desktop\CISC\CISC442\cisc-442-final\videos\cisc442 dog videos\CCL Cases\Cherish Shapiro 960946\Cherish Shapiro Gait Videos\Cherish_Baseline_Visit2_Baseline Day1_8-29-24\IMG_7099.MOV,Cherish Shapiro 960946,Cherish Shapiro,1,126.05483717729383,15.804471571651586,87.27368900609373,180.0,92.72631099390627,120.91229725342157,15.51077233200084,86.63353933657021,176.8778695378843,90.24433020131409,159.019952241226,16.32966032008845,121.62866803010809,180.0,58.37133196989191,155.07465664500432,18.34473629102464,111.76235306464858,180.0,68.23764693535142,149.6741951494813,18.638982351159665,82.23483398157467,180.0,97.76516601842533,155.5742196040292,19.201326100339458,80.53767779197439,180.0,99.46232220802561,129.05663925656813,16.165749298550974,88.12212255271464,165.0183674276091,76.89624487489445,129.96325500138317,18.12548055033424,83.08877288097531,164.9315118405078,81.84273895953248,142.3340044076699,15.679632291377791,114.89376520164069,175.9717363335148,61.07797113187411,146.84262369613182,5.706293320478281,135.64014966952354,159.83930154930616,24.19915187978262,18.982371689437354,13.407491136155363,23.074742416816427,14.430665990937305,19.969896665521397,17.14246024415578,19.7754890427857,13.28625755009049,1.0167521075602874,1.2709401344503592,1.250828434312119,1.5194800892454856,3.9340956072351423,1.0,1.0
C:\Users\Gabe\OneDrive\Desktop\CISC\CISC442\cisc-442-final\videos\cisc442 dog videos\CCL Cases\Cherish Shapiro 960946\Cherish Shapiro Gait Videos\Cherish_Baseline_Visit2_Baseline Day1_8-29-24\IMG_7101.MOV,Cherish Shapiro 960946,Cherish Shapiro,1,124.6854162145662,15.588302428741038,90.0,164.9315118405078,74.9315118405078,118.53290632270789,15.729651730846234,72.34987578006988,161.565051177078,89.21517539700812,160.76575489524322,15.348323330761009,124.69515353123397,179.73100770630546,55.03585417507149,157.0225483017273,15.609654364281955,110.96571184055742,179.6154703404151,68.64975849985768,153.10383320483396,19.917438700808372,88.09084756700362,180.0,91.90915243299638,152.7121855601599,23.4414011797621,81.86989764584403,180.0,98.13010235415597,128.68766186788716,16.04697554585576,81.86989764584403,159.22774531795417,77.35784767211014,137.88035945445955,17.564644346751457,84.55966796899449,178.26429541107143,93.70462744207694,132.85824385600063,14.78411180420495,84.61068824002659,165.96375653207352,81.35306829204693,144.97930493152032,5.891044745946513,131.63353933657018,157.60039645422188,25.9668571176517,19.09851625673809,14.66138045892563,23.044616454664276,13.666673299226318,23.934194324416552,19.900141026134914,19.310373376926556,15.559454098417316,0.5768215238378942,1.1536430476757884,1.6766914516863716,1.2477715071689603,3.4672769953051645,1.0,0.0
C:\Users\Gabe\OneDrive\Desktop\CISC\CISC442\cisc-442-final\videos\cisc442 dog videos\CCL Cases\Cherish Shapiro 960946\Cherish Shapiro Gait Videos\Cherish_Baseline_Visit2_Baseline Day1_8-29-24\IMG_7102.MOV,Cherish Shapiro 960946,Cherish Shapiro,1,124.8043461379243,15.897534491843086,92.95077910900636,171.25383773744485,78.30305862843849,121.66435773044871,14.936668480033843,93.17983011986423,180.0,86.82016988013577,159.96693093856484,16.19231635287563,118.81079374297306,180.0,61.18920625702694,155.48629349366828,17.605281350166884,116.25024236968888,180.0,63.74975763031112,154.8196507567943,17.455134000917667,90.0,180.0,90.0,154.49877689432853,18.62948444158886,88.26429541107161,180.0,91.73570458892839,129.51761491518795,16.561493635227144,93.17983011986423,167.90524292298792,74.72541280312369,132.29515047070228,17.06654839153553,82.50414236027014,160.40771810894847,77.90357574867834,135.23938254513735,15.032414532999953,93.2928394003649,162.89727103094765,69.60443163058275,146.10234509662942,10.687166563519913,50.52754015165618,176.82016988013584,126.29262972847965,17.518554710790713,13.054272409334846,22.58776314347812,15.091789715493363,19.99458986319478,15.739541080432819,19.4273075227028,13.310990401169178,1.0789598119897787,1.0789598119897787,1.5696644798970527,1.112689842160251,4.634092896174863,1.0,1.0
C:\Users\Gabe\OneDrive\Desktop\CISC\CISC442\cisc-442-final\videos\cisc442 dog videos\CCL Cases\Cherish Shapiro 960946\Cherish Shapiro Gait Videos\Cherish_Baseline_Visit2_Baseline Day1_8-29-24\IMG_7103.MOV,Cherish Shapiro 960946,Cherish Shapiro,1,124.39697952244487,16.057777511983357,95.44033203100551,168.46537934635532,73.02504731534981,121.22742711586694,14.992717650182628,88.78112476486871,173.65980825409005,84.87868348922134,158.06710456986573,16.374514176742004,106.27386933469565,179.30972280213493,73.03585346743928,155.84222454855086,16.564489629088893,109.27747308366243,179.4031905487702,70.12571746510777,153.58362029929853,20.58890654253999,90.0,180.0,90.0,152.1025049821243,23.872392810256496,71.56505117707799,180.0,108.43494882292201,130.4311170389573,18.18799599832484,79.14358665193775,176.68221883166507,97.53863217972732,137.7423365566065,19.773646393377163,79.79602627826831,179.99999914622634,100.20397286795803,134.84323733211127,15.827463874161245,103.4161834818409,177.3974377975002,73.9812543156593,145.6806915577759,5.23712495282571,132.0454201759403,157.75097634278765,25.705556166847344,19.059098972785876,15.364126403506784,24.525913078518315,14.799231496061942,25.68410997033753,21.994285166633155,19.72165942162422,15.407026954559477,1.0082477675532489,1.0082477675532489,1.6208308244428489,0.9035871440540585,3.9672788065843623,1.0,0.0
C:\Users\Gabe\OneDrive\Desktop\CISC\CISC442\cisc-442-final\videos\cisc442 dog videos\CCL Cases\Cherish Shapiro 960946\Cherish Shapiro Gait Videos\Cherish_Baseline_Visit2_Baseline Day1_8-29-24\IMG_7104.MOV,Cherish Shapiro 960946,Cherish Shapiro,1,123.18809681048069,15.684972140025911,81.57303097851933,165.96375653207355,84.39072555355422,123.17795194310617,17.38713121811014,84.21760767763595,180.0,95.78239232236405,161.6774823949702,15.362229857437187,126.86989764584402,180.0,53.13010235415598,151.9929405736942,20.167089615033504,93.74850404635326,179.01223960036057,85.26373555400731,149.1688280563276,19.125488608960712,90.0,180.0,90.0,154.24852012931913,18.873350483350627,83.6598082540901,180.0,96.3401917459099,131.6270033808979,14.363562610598978,97.81529354676688,163.90918365114786,66.09389010438098,133.03982572453214,18.046382109651553,84.14398641457105,178.1523897340053,94.00840331943427,136.34578965502635,15.177622104582356,111.5014343240479,178.78112476486868,67.27969044082077,145.60065991439677,15.064169985829077,46.97493401088199,168.5034369824142,121.52850297153222,19.25706761180458,13.973797646822684,25.397682622925995,15.752493325064728,21.019351424372175,15.691562079211176,18.43985728000631,13.516273085026098,1.209455093050969,1.209455093050969,0.8681997489591373,0.8377806211791983,4.134093137254902,1.0,1.0
C:\Users\Gabe\OneDrive\Desktop\CISC\CISC442\cisc-442-final\videos\cisc442 dog videos\CCL Cases\Cherish Shapiro 960946\Cherish Shapiro Gait Videos\Cherish_Baseline_Visit2_Baseline Day1_8-29-24\IMG_7106.MOV,Cherish Shapiro 960946,Cherish Shapiro,1,124.70976109632691,19.93083754388758,83.6598082540901,180.0,96.3401917459099,120.72473343488417,16.622260996132727,73.49563861824498,161.09924209431298,87.603603476068,158.40268105959336,15.595523977453649,122.90524292298791,178.57502572748456,55.66978280449665,157.31454819182548,15.858368014602753,119.74488129694222,179.99999914622634,60.25511784928412,151.8976885733668,22.35976138676858,77.47119229084849,180.0,102.52880770915151,152.8252240950944,21.277209321733654,75.52970589993411,180.0,104.47029410006589,125.90280362331227,21.365857301508356,78.55895613123258,180.0,101.44104386876742,136.9749839892905,17.932815586811888,87.06432655357884,177.87890360333873,90.81457704975989,134.7475732041131,12.627566779273856,102.52880770915151,175.60129464500443,73.07248693585292,143.1316296102386,17.08038494112379,4.085616779974798,158.91085566367136,154.82523888369656,20.1347818064751,14.964058830590137,22.431365194413484,12.05807890742163,24.121095640143967,21.41672167987738,22.779317755142774,17.412500416171067,0.41951383008358095,0.41951383008358095,0.8922200198092056,1.0862584435770035,4.76742328042328,1.0,0.0
C:\Users\Gabe\OneDrive\Desktop\CISC\CISC442\cisc-442-final\videos\cisc442 dog videos\CCL Cases\Cherish Shapiro 960946\Cherish Shapiro Gait Videos\Cherish_Baseline_Visit2_Baseline Day1_8-29-24\IMG_7107.MOV,Cherish Shapiro 960946,Cherish Shapiro,1,124.98463343456952,16.7422633337378,93.73139699916045,165.9637565320735,72.23235953291304,121.7679153187108,14.014085414551017,95.1944289077348,175.23635830927378,80.04192940153898,160.35275168869353,15.935706943372162,99.46232220802563,180.0,80.53767779197437,153.94687397542208,18.1621656478765,111.46288592471981,180.0,68.53711407528019,151.0629007055545,18.999591758739566,90.0,180.0,90.0,152.2321284414812,21.89059193915298,74.29136217098426,180.0,105.70863782901574,129.27731869174048,17.306078328287636,87.27368900609373,167.0053832080835,79.73169420198975,128.35300042296674,18.834449685574093,74.29136217098426,156.61477894278624,82.32341677180199,139.7986052882997,15.30887762378315,108.37149837320884,174.7099187946288,66.33842042141997,146.89948504591297,5.662264033835479,133.492564241225,162.57013718233216,29.07757294110715,18.511923826143025,13.181625952433123,22.602145851210842,13.782404478786138,24.044661970764185,18.03457925006686,21.906780238534903,13.986536607873239,1.171708564124414,1.171708564124414,1.219405977592527,0.7642329132126529,4.2672727272727276,1.0,1.0
C:\Users\Gabe\OneDrive\Desktop\CISC\CISC442\cisc-442-final\videos\cisc442 dog videos\CCL Cases\Cherish Shapiro 960946\Cherish Shapiro Gait Videos\Cherish_Baseline_Visit2_Baseline Day1_8-29-24\IMG_7108.MOV,Cherish Shapiro 960946,Cherish Shapiro,1,124.19388803801309,16.935722746232443,68.19859051364818,180.0,111.80140948635182,120.350564308983,17.807884016042504,80.40686573726967,168.11134196037204,87.70447622310238,151.38853868976375,22.798369483190875,66.17573941710458,180.0,113.82426058289542,157.44605005778268,13.963692072560924,121.96134341697704,178.05851360908585,56.097170192108806,147.88720383451238,21.513708481985528,72.40757543781841,180.0,107.59242456218159,151.29776540093692,21.938353609065896,66.80140948635182,180.0,113.19859051364818,125.5472483030615,22.694657542367352,61.750264505025726,175.60129464500443,113.8510301399787,136.78721914706148,19.768077393203495,71.56505117707799,179.99999914622634,108.43494796914835,135.43417037659884,14.831915300467228,92.93567344642118,177.9174347202692,84.98176127384802,138.61391992786537,5.760352784134823,123.95905981967626,158.6293777306568,34.67031791098056,19.458700751803512,15.626550586660292,24.249950741599044,16.7739891048816,23.13322100349231,20.555364748286078,23.107376654605634,15.354255907969302,0.38703968869374106,0.9675992217343526,1.375995500036371,0.6911387813897094,5.167428711897738,1.0,0.0
C:\Users\Gabe\OneDrive\Desktop\CISC\CISC442\cisc-442-final\videos\cisc442 dog videos\CCL Cases\Cherish Shapiro 960946\Cherish Shapiro Gait Videos\Cherish_Baseline_Visit2_Baseline Day1_8-29-24\IMG_7109.MOV,Cherish Shapiro 960946,Cherish Shapiro,1,127.1625592985038,15.211964727606158,98.13010235415598,175.45624234853287,77.32613999437689,123.48430981042554,17.718708755690553,85.36453657309735,180.0,94.63546342690265,160.15812482205928,16.054901591419664,116.56505117707799,180.0,63.43494882292201,154.39883232605894,17.655336155859835,101.63968871512978,179.73100770630413,78.09131899117435,150.9093514207204,21.243493211154206,83.8844964337146,180.0,96.1155035662854,157.40982444835703,17.30485440180081,90.0,180.0,90.0,130.48392314778548,14.727083486691788,94.39870535499554,172.87498365109823,78.47627829610269,133.4885052231334,21.17738126058127,72.01266534793854,178.09084756700364,106.0781822190651,140.39081099454415,14.64609125936182,112.38013505195958,180.0,67.61986494804042,146.4839876525244,8.001440811906457,132.38953820020942,170.75388725443682,38.364349054227404,20.639805076494675,12.259571757353795,23.482073396758757,15.403224988190757,19.870069308843515,17.57484267254704,20.649710063629694,14.969241234155703,1.153563417714361,0.9228507341714889,1.1956496118264992,0.8219839209394461,4.334395424836601,1.0,1.0
C:\Users\Gabe\OneDrive\Desktop\CISC\CISC442\cisc-442-final\videos\cisc442 dog videos\CCL Cases\Cherish Shapiro 960946\Cherish Shapiro Gait Videos\Cherish_Baseline_Visit2_Baseline Day1_8-29-24\IMG_7110.MOV,Cherish Shapiro 960946,Cherish Shapiro,1,122.54016654639223,18.161376569798065,85.60129464500447,180.0,94.39870535499553,122.08263167730004,18.2553973359548,80.53767779197437,171.86989764584405,91.33221985386967,158.91847369750394,16.282364374193488,117.89727103094764,180.0,62.102728969052365,153.74225379631093,18.2396537310436,91.19348942398204,178.78112476486868,87.58763534088664,150.1406806027633,21.825297774400813,90.0,180.0,90.0,153.816387182258,21.125830664909095,92.72631099390627,180.0,87.27368900609373,125.6792750101932,18.6028283086676,79.69515353123397,180.0,100.30484646876603,136.5355167296527,18.23332807060516,91.90915243299638,176.8201698801356,84.91101744713923,133.95951259609149,13.601645305147587,98.65254179111473,171.02737338510363,72.3748315939889,145.25411690644978,5.190971706368754,134.35625428582463,158.03943597990352,23.683181694078883,19.285715894217716,14.947983682775677,24.263651672710726,15.284543563909033,23.705347465991313,18.556484194755512,23.047145794762088,17.195165674714165,1.2928995209066338,1.034319616725307,0.9002163805474671,1.6019284493510098,3.8672765509989486,1.0,0.0
C:\Users\Gabe\OneDrive\Desktop\CISC\CISC442\cisc-442-final\videos\cisc442 dog videos\CCL Cases\Cherish Shapiro 960946\Cherish Shapiro Gait Videos\Cherish_Baseline_Visit2_Baseline Day1_8-29-24\IMG_7111.MOV,Cherish Shapiro 960946,Cherish Shapiro,1,124.11883520823042,15.7761797511066,77.47119229084849,164.7448812969422,87.2736890060937,120.53914255664311,14.385086863224233,90.0,167.10625595511783,77.10625595511783,158.8905942139513,17.47499966958044,105.25511870305779,179.14490260373333,73.88978390067554,154.85114384191297,17.335639753330852,112.71441235316725,180.0,67.28558764683275,152.92807620325442,19.049138781337522,90.0,180.0,90.0,153.77825741046308,22.47504003873734,74.05460409907714,180.0,105.94539590092286,130.59050427639934,15.670434002930405,79.84573341979974,165.6506679570529,85.80493453725315,132.55363770957157,17.917262213511208,81.86989764584403,179.2926806314559,97.42278298561187,136.44832173840038,14.190593375030723,111.80140948635182,170.5376777919744,58.73626830562259,146.07855872857266,5.933361306445893,133.492564241225,156.7698415669493,23.2772773257243,18.564660563643976,12.685879098109146,22.293018011454812,14.199255346295185,22.493019819463836,17.14048427815344,19.130499073172746,14.224651189625892,0.43788322384225503,1.0947080596056376,1.2290420240547757,0.8138153925850136,4.567427777777778,1.0,1.0
C:\Users\Gabe\OneDrive\Desktop\CISC\CISC442\cisc-442-final\videos\cisc442 dog videos\CCL Cases\Cherish Shapiro 960946\Cherish Shapiro Gait Videos\Cherish_Baseline_Visit2_Baseline Day1_8-29-24\IMG_7112.MOV,Cherish Shapiro 960946,Cherish Shapiro,1,122.97196246527997,15.199824660493235,97.1250163489018,176.93351449887408,79.80849814997228,122.41495666424794,16.203131263559715,72.34987578006988,173.65980825409005,101.30993247402017,157.18294717009547,16.07826856045765,111.80140948635182,179.15747573925904,67.35606625290723,154.77938934106933,16.23516019407323,118.61045966596521,179.48844413341274,60.87798446744753,150.84515807497502,19.414344945113314,87.83892051177362,180.0,92.16107948822638,151.61117689523778,23.135938590063148,69.62356478616361,180.0,110.37643521383639,130.14724381166755,18.09260872568698,71.56505117707799,176.18592516570973,104.62087398863174,136.84500611118474,17.66979891776361,87.27368900609373,180.0,92.72631099390627,133.30606883759194,12.374418787355948,100.00797980144135,164.29136217098429,64.28338236954293,144.93624759339593,6.769700412898203,116.56505117707799,180.0,63.43494882292201,17.76210893953004,13.283733660493045,23.014953332589286,14.111716850326355,21.347555196912644,20.503961711847726,20.099574506446448,16.2421945289116,1.041501872066656,1.2498022464799874,1.1973033377871536,0.7780531152134234,4.800759493670886,1.0,0.0
C:\Users\Gabe\OneDrive\Desktop\CISC\CISC442\cisc-442-final\videos\cisc442 dog videos\CCL Cases\Cherish Shapiro 960946\Cherish Shapiro Gait Videos\Cherish_Baseline_Visit2_Baseline Day1_8-29-24\IMG_7113.MOV,Cherish Shapiro 960946,Cherish Shapiro,1,128.9619099770159,16.58878633522117,100.61965527615513,173.6598082540901,73.04015297793498,123.2973804741445,15.93435077080209,90.0,179.99999914622634,89.99999914622634,159.4815175516969,15.538941897989949,125.10332803233091,179.99999914622634,54.89667111389544,153.7264095929447,17.253120900915835,114.634463735911,179.53607670137387,64.90161296546287,150.08033750228503,22.328005358451296,55.49147701233159,180.0,124.50852298766841,156.12110879150217,18.03287706438707,85.23635830927383,180.0,94.76364169072617,128.7282652682145,15.040472098624278,91.90915243299638,164.87599269168942,72.96684025869304,134.3157763362626,18.617921503021897,83.08877288097533,179.09777883847045,96.00900595749512,139.20035385295407,16.795685588725874,106.69924423399362,177.954591511113,71.25534727711937,143.7480000168313,14.840411321159547,35.53767779197439,158.1985905136482,122.66091272167382,17.45123500328461,12.254107967393063,22.72688198802948,16.084905579934485,19.820925731429462,17.667802612062083,19.631369874319553,14.663378687580678,1.0343206393982136,1.0343206393982136,0.4857667420706226,0.8179578688536497,4.834090909090909,1.0,1.0
C:\Users\Gabe\OneDrive\Desktop\CISC\CISC442\cisc-442-final\videos\cisc442 dog videos\CCL Cases\Cherish Shapiro 960946\Cherish Shapiro Gait Videos\Cherish_Baseline_Visit2_Baseline Day1_8-29-24\IMG_7114.MOV,Cherish Shapiro 960946,Cherish Shapiro,1,167.69964680130923,8.790044646524066,152.65012421993012,174.8055710922652,22.15544687233509,178.09084756700364,0.0,178.09084756700364,178.09084756700364,0.0,109.476575498932,0.0,109.476575498932,109.476575498932,0.0,105.94539590092286,0.0,105.94539590092286,105.94539590092286,0.0,168.69006752597977,0.0,168.69006752597977,168.69006752597977,0.0,143.45777820941942,31.949703063983748,100.30484646876603,176.63353933657018,76.32869286780415,,,,,,,,,,,,,,,,,,,,,,,3.531179598009132,0.0,68.38522105721374,0.0,,,,,1.6269221385169679,0.9178579928018683,0.9001567944250871,1.0,0.0
C:\Users\Gabe\OneDrive\Desktop\CISC\CISC442\cisc-442-final\videos\cisc442 dog videos\CCL Cases\Cherish Shapiro 960946\Cherish Shapiro Gait Videos\Cherish_Baseline_Visit2_Baseline Day1_8-29-24\IMG_7115.MOV,Cherish Shapiro 960946,Cherish Shapiro,1,162.73014767830097,20.357006443514024,97.1250163489018,180.0,82.8749836510982,148.75242449416308,29.062824261457322,78.69006752597979,179.3704013915899,100.68033386561011,142.03909352120618,25.03313883813513,98.58362148011395,179.2882877939642,80.70466631385025,146.06371293869032,32.2408959088898,61.76255446183274,179.2639062884424,117.50135182660966,157.46913086018668,13.600746581943492,135.0,180.0,45.0,161.48498384586696,17.48408749824205,99.95062668795161,180.0,80.04937331204839,148.3000411275803,21.135695487146947,108.43494882292201,178.09084756700364,69.65589874408163,165.71757200985613,13.178144461637507,117.34987578006988,180.0,62.65012421993012,161.23466863558818,10.71326738751128,138.17983011986425,175.23635830927378,37.05652818940953,89.02331279469273,44.15904855176202,3.179830119864394,164.05460409907712,160.87477397921273,13.315275363472086,11.556959784763121,17.32501124477421,14.601378055885673,18.212948984775785,12.552189831306409,21.214497117466877,13.951895718850876,1.5251846716549926,0.5083948905516642,0.8575634273247831,0.8915706084866356,1.966974921630094,1.0,1.0
C:\Users\Gabe\OneDrive\Desktop\CISC\CISC442\cisc-442-final\videos\cisc442 dog videos\CCL Cases\Cherish Shapiro 960946\Cherish Shapiro Gait Videos\Cherish_Baseline_Visit2_Baseline Day1_8-29-24\IMG_7116.MOV,Cherish Shapiro 960946,Cherish Shapiro,1,166.517189651594,15.321549569252653,95.9061411137705,180.0,84.0938588862295,155.64552342437074,23.89858887988714,53.13010235415599,180.0,126.86989764584402,107.01327265509711,12.540869953439328,64.82246457036521,129.0938588862295,64.27139431586428,80.27774936502266,31.991499509255092,31.990277545498316,170.88864295521603,138.8983654097177,164.43360583344594,20.196051386404715,90.0,180.0,90.0,165.0854882516739,16.824623356919936,90.0,180.0,90.0,152.8766633717434,16.673851027811917,99.8193006387579,177.51044707800074,77.69114643924284,146.52895366662398,12.611604797065164,106.89864869403823,175.23635830927373,68.3377096152355,160.69613557119257,11.757569893508062,125.72739822279969,178.96775530843465,53.240357085634955,138.67282391590135,22.78306455389577,72.03086025984298,178.9583733239902,106.92751306414722,26.548122924148554,23.983529205349107,42.22209160773056,20.988786008733076,12.837716065052211,15.604896229832242,15.57406026634233,11.64973444280451,1.3040870086852192,0.4346956695617398,1.0517477281085135,0.6428269119656383,2.3004599999999997,1.0,0.0
C:\Users\Gabe\OneDrive\Desktop\CISC\CISC442\cisc-442-final\videos\cisc442 dog videos\CCL Cases\Cherish Shapiro 960946\Cherish Shapiro Gait Videos\Cherish_Baseline_Visit2_Baseline Day1_8-29-24\IMG_7117.MOV,Cherish Shapiro 960946,Cherish Shapiro,1,158.45839300248218,22.35731191650447,81.86989764584403,180.0,98.13010235415597,152.31848408948622,16.622981884438758,113.07041224982466,180.0,66.92958775017534,140.9722868260525,25.19112572136042,95.44501803569884,174.2176076776359,78.77258964193706,137.55482912729332,34.40631853584212,52.94347181059042,179.6655926327575,126.72212082216708,154.56393755598657,17.6576497470984,119.05460409907714,180.0,60.94539590092286,164.63136088428325,18.553156235706133,82.19359917076424,180.0,97.80640082923576,128.07311492616512,30.8381800546038,45.00000000000001,167.0053832080835,122.00538320808349,165.14033905775267,9.172529876588937,140.71059313749964,179.21517539700739,38.50458225950774,158.8592564860125,12.8974827067808,135.0,180.0,45.0,111.95487234211535,23.97323332960696,79.13274134078334,158.62937773065684,79.4966363898735,17.612391407382365,19.25688127559729,17.60934570906416,13.088155583400434,17.127703389993894,13.934704359898285,39.52654692968191,32.79893480223418,2.631153194424339,1.0524612777697357,1.1895571465816455,1.2871413524688962,1.9003074433656957,1.0,1.0
C:\Users\Gabe\OneDrive\Desktop\CISC\CISC442\cisc-442-final\videos\cisc442 dog videos\CCL Cases\Cherish Shapiro 960946\Cherish Shapiro Gait Videos\Cherish_Baseline_Visit2_Baseline Day1_8-29-24\IMG_7118.MOV,Cherish Shapiro 960946,Cherish Shapiro,1,161.10203416649765,15.762109289806494,122.47119229084849,180.0,57.52880770915151,162.52435028002134,12.399107872332522,140.82634202955578,179.99999914622634,39.17365711667057,78.64458687463042,18.35492540167451,40.82956347515789,115.31059955439646,74.48103607923858,81.1847398502261,33.7066401994635,50.23747606681252,164.93151184050777,114.69403577369525,134.5256322723991,30.510915373912884,79.69515353123397,175.03025927188966,95.33510574065569,128.65688260214083,49.808166266441454,26.749578009339476,171.57303097851928,144.8234529691798,128.3023461741208,12.764333504652065,96.3401917459099,150.2551187030578,53.9149269571479,143.74961843353515,24.863216027289845,104.03624346792648,178.78112476486928,74.7448812969428,161.95089801806586,14.883451644383854,136.97493401088198,178.02506598911805,41.05013197823607,155.58147241996022,16.385826519069465,130.8150838748816,178.4518423010218,47.636758426140204,14.524317228009952,11.591335602692357,17.434704940244632,20.11944719041312,11.791999801889382,9.709434522158496,33.957311937672685,11.402402157065403,1.578752940718994,0.789376470359497,0.6685630361703943,0.015390141054564224,1.2668226600985222,1.0,0.0
C:\Users\Gabe\OneDrive\Desktop\CISC\CISC442\cisc-442-final\videos\cisc442 dog videos\CCL Cases\Cherish Shapiro 960946\Cherish Shapiro Gait Videos\Cherish_Baseline_Visit2_Baseline Day1_8-29-24\IMG_7119.MOV,Cherish Shapiro 960946,Cherish Shapiro,1,160.44521593314,22.2435872889022,48.731396999160445,180.0,131.26860300083956,144.71232739417454,33.62967210452537,47.72631099390626,180.0,132.27368900609375,130.93519605241713,25.082974967165306,68.86017519134235,175.86081074427375,107.0006355529314,150.04646196452902,33.02289354611925,55.04934858812488,180.0,124.95065141187513,156.52662302439578,19.09464327209829,95.71059313749964,180.0,84.28940686250036,165.45763791889343,14.227920519190555,113.19859051364818,180.0,66.80140948635182,135.94856219560782,23.86644518144699,48.01278750418334,173.6598082540901,125.64702074990677,161.17015925100432,8.412162400635003,140.85601358542897,177.3974377975002,36.541424212071234,165.8178984258708,12.419119062057492,131.18592516570965,180.0,48.81407483429035,110.62786348934937,31.721469708784372,31.7594800848128,165.96375653207357,134.20427644726078,21.28083857044243,26.018145331938875,33.17166127241834,21.781922790626375,18.42623243826145,17.313586455281058,26.431313093229708,24.56108001105115,0.4761216724805801,0.4761216724805801,1.0000229736431123,0.6302611143676007,2.1003034682080925,1.0,1.0
C:\Users\Gabe\OneDrive\Desktop\CISC\CISC442\cisc-442-final\videos\cisc442 dog videos\CCL Cases\Cherish Shapiro 960946\Cherish Shapiro Gait Videos\Cherish_Baseline_Visit2_Baseline Day1_8-29-24\IMG_7120.MOV,Cherish Shapiro 960946,Cherish Shapiro,1,168.1336882289082,7.746829161302663,148.276397042316,180.0,31.723602957683994,150.66077834228955,16.722822037428934,106.6183408995771,176.9872124958166,70.3688715962395,96.03007878968405,12.112584774641363,67.61986494804043,113.48689290856484,45.86702796052441,58.42659267245168,39.4674860629683,2.836660101125572,117.45674228459988,114.62008218347431,159.65812520164445,24.877122666483334,75.96375653207353,180.0,104.03624346792647,174.77247876498302,5.533553671321935,165.96375653207352,180.0,14.036243467926482,138.46003303351955,19.43747557010451,96.04409216224111,169.79602627826833,73.75193411602721,157.38111117965167,5.634868602951193,150.94539590092285,168.2118167008924,17.266420799969552,166.13946983048382,11.059729643213519,140.59933933652056,178.21008939175414,37.61075005523358,131.40523236436385,23.236210441700738,85.8295634751579,176.18592516570962,90.35636169055172,20.748113886792787,19.627670251689068,51.83111270569433,32.534214152655125,11.90332590929484,5.748677414946072,9.070953464087182,6.873733662113456,1.8747210236571938,2.812081535485791,2.9990675806954448,0.5035982277825748,1.066825396825397,1.0,0.0
C:\Users\Gabe\OneDrive\Desktop\CISC\CISC442\cisc-442-final\videos\cisc442 dog videos\CCL Cases\Cherish Shapiro 960946\Cherish Shapiro Gait Videos\Cherish_Baseline_Visit2_Baseline Day1_8-29-24\IMG_7121.MOV,Cherish Shapiro 960946,Cherish Shapiro,1,162.27777060875493,13.233638289459275,136.21887523513132,180.0,43.78112476486868,156.77302213630517,21.175091556558467,93.57633437499736,180.0,86.42366562500264,137.6062832443518,19.977373804639647,108.43494882292201,179.488444133412,71.05349531048999,147.68333696097963,31.58185475448545,87.23614262908745,178.3939970107177,91.15785438163024,163.2084135444794,10.961187390054514,153.43494882292202,180.0,26.565051177077976,167.44816078098734,9.957827320699064,135.0,180.0,45.0,147.64083776871092,17.276255767970166,126.86989764584402,176.18592516570973,49.31602751986571,166.51791056248513,9.293511449726067,145.30484646876604,178.78112476486868,33.476278296102635,160.7383257084763,13.229279859206239,130.76360520094119,180.0,49.236394799058814,90.35212557656442,14.98652826844609,46.00508600525418,113.19859051364818,67.193504508394,18.43374921103241,13.097949117956423,23.66877264468254,16.227115929243492,9.773464721557374,5.820691350047417,27.479011714986267,15.424222181718022,1.7644594494689372,2.6466891742034058,3.591904614151493,3.182743258909149,1.1334916201117318,1.0,1.0
C:\Users\Gabe\OneDrive\Desktop\CISC\CISC442\cisc-442-final\videos\cisc442 dog videos\CCL Cases\Cherish Shapiro 960946\Cherish Shapiro Gait Videos\Cherish_Baseline_Visit2_Baseline Day1_8-29-24\IMG_7122.MOV,Cherish Shapiro 960946,Cherish Shapiro,1,165.2864608763569,12.385497639464752,131.02511145142876,180.0,48.97488854857124,154.3176004622539,16.516407670374615,116.56505117707799,180.0,63.43494882292201,104.30230566116602,19.347357819832315,48.262033477396756,150.31281836080632,102.05078488340956,90.93198212971643,35.60004682094472,35.17606827658413,179.41536947929387,144.23930120270973,164.84643669032545,27.78781474782788,0.0,180.0,180.0,169.9882231610317,8.771342122221656,142.28402365441687,180.0,37.71597634558313,154.24015136985255,10.633645107465922,122.00538320808352,177.39743779750034,55.39205458941683,150.8118644428067,14.117652214178046,125.16096261399898,177.61405596961112,52.45309335561214,163.28067478863915,13.16816867153544,116.56505117707799,180.0,63.43494882292201,153.0007016924765,21.31358945882913,116.56505117707799,180.0,63.43494882292201,20.9186852516553,16.289125829577287,37.18163333602281,20.21285092518241,6.993613622246393,7.343236983485645,15.816258727526247,10.014843119325068,0.47612107078657145,0.47612107078657145,1.0396445536243704,0.6607020563601425,2.1003061224489796,1.0,0.0
C:\Users\Gabe\OneDrive\Desktop\CISC\CISC442\cisc-442-final\videos\cisc442 dog videos\CCL Cases\Cherish Shapiro 960946\Cherish Shapiro Gait Videos\Cherish_Baseline_Visit2_Baseline Day1_8-29-24\IMG_7123.MOV,Cherish Shapiro 960946,Cherish Shapiro,1,166.67663651725732,8.894907724609997,138.17983011986425,179.38394009160177,41.20410997173752,169.18571349258227,10.646289324567995,128.9559078377589,180.0,51.0440921622411,142.60679897005,15.434072165091065,114.32093665595028,170.75388725443673,56.43295059848646,162.6877496642644,17.141475799627283,87.16121215899463,180.0,92.83878784100537,163.09471197502702,14.44061498439445,135.0,180.0,45.0,157.05486095636246,42.43548916246701,6.340191745909908,180.0,173.65980825409008,148.64400703331773,14.636250396720738,120.50435004695902,169.21570213243743,48.71135208547841,159.85115806595633,22.049345088241928,65.01876039378396,180.0,114.98123960621604,164.55629605883482,12.488917459363021,138.01278750418334,180.0,41.987212495816664,81.51309919565844,30.151346614550448,1.041626676010165,146.30993247402023,145.26830579801006,11.395550011096537,8.999709314516558,21.001760700211722,14.37396181149001,18.29653478605281,15.683172762508352,34.059738419031426,22.134073924922408,0.4347251053748354,0.4347251053748354,2.0516360882627183,0.7653152070643919,2.3003042328042325,1.0,1.0
C:\Users\Gabe\OneDrive\Desktop\CISC\CISC442\cisc-442-final\videos\cisc442 dog videos\CCL Cases\Cherish Shapiro 960946\Cherish Shapiro Gait Videos\Cherish_Baseline_Visit2_Baseline Day1_8-29-24\IMG_7126.MOV,Cherish Shapiro 960946,Cherish Shapiro,1,163.22383225952098,16.958413941551306,106.38954033403479,180.0,73.61045966596521,164.43319050750037,13.555513025614426,119.56657550477715,180.0,60.43342449522285,95.59088642690774,24.112634216445727,50.869600443014704,149.9816325723909,99.1120321293762,97.7791147779652,21.160913383179537,11.592175410291105,125.13419305691563,113.54201764662453,161.8968723656201,14.349297307425752,129.28940686250036,180.0,50.71059313749964,170.6938984277456,7.873699236992074,149.03624346792648,180.0,30.963756532073518,154.2032041094531,9.098007292451262,128.6598082540901,172.2348339815747,43.57502572748459,148.4682407203697,8.322497427974223,122.47119229084849,166.7594800848128,44.2882877939643,146.91103619021027,17.724150327911772,82.33952466553367,177.51044707800102,95.17092241246735,153.71139516637606,25.834572986602907,75.32360686254998,172.87498365109818,97.5513767885482,14.28468342886007,15.571304882569908,24.575050490270865,21.492308645279085,8.942314455054621,5.815868013439435,11.152423087318574,8.913193612497553,1.3331956065144785,1.9997934097717178,1.6987853079684447,3.0943771395698905,1.500154958677686,1.0,0.0
C:\Users\Gabe\OneDrive\Desktop\CISC\CISC442\cisc-442-final\videos\cisc442 dog videos\CCL Cases\Cherish Shapiro 960946\Cherish Shapiro Gait Videos\Cherish_Baseline_Visit2_Baseline Day1_8-29-24\IMG_7127.MOV,Cherish Shapiro 960946,Cherish Shapiro,1,161.14685974068757,20.952190990132163,58.912494676520026,180.0,121.08750532347997,167.9916259928101,9.227310453938543,139.3987053549955,180.0,40.60129464500449,140.92611439011364,18.012738402784827,102.0947570770121,180.0,77.9052429229879,158.3200607412209,17.461177100549627,114.27444113443947,178.91321854700163,64.63877741256216,161.31139251922838,12.295261707298087,135.0,180.0,45.0,167.1652735436874,10.83171989001627,119.05460409907714,180.0,60.94539590092286,150.71999259398325,24.687539782122478,87.87890360333854,176.36181342213536,88.48290981879681,165.29195994656237,10.463002696175783,126.55680907082336,180.0,53.44319092917664,161.08688178227985,11.754463204633337,134.2151753970081,180.0,45.784824602991904,104.45661835467,26.733321948128687,7.224315694045359,175.8150838748816,168.59076818083622,12.161249950336721,8.893567514018901,17.477386959854236,9.639592696200745,14.127126586055828,9.497654292648551,14.361780075649285,13.431594523731704,0.49992308875557606,1.4997692662667281,18.120640002407885,0.8229683985772258,2.0003076923076923,1.0,1.0
C:\Users\Gabe\OneDrive\Desktop\CISC\CISC442\cisc-442-final\videos\cisc442 dog videos\CCL Cases\Cherish Shapiro 960946\Cherish Shapiro Gait Videos\Cherish_Baseline_Visit2_Baseline Day1_8-29-24\IMG_7129.MOV,Cherish Shapiro 960946,Cherish Shapiro,1,168.0447282786939,13.881468873181511,105.94539590092286,180.0,74.05460409907714,160.2887187542046,18.782595968404507,63.43494882292201,180.0,116.56505117707799,148.61286754643587,13.500857727400842,116.56505117707799,174.28940686250036,57.72435568542237,149.9520829620003,39.9011634384869,3.1603616260455496,179.1574757392599,175.99711411321434,147.5241214159446,34.088710546577744,63.43494882292201,180.0,116.56505117707799,164.2294285304224,15.132023485934916,101.30993247402021,180.0,78.69006752597979,136.31487683649635,28.283840467256937,54.68878656036681,172.87498365109823,118.18619709073143,159.67699158258804,15.611656521604411,111.1169046644634,180.0,68.8830953355366,159.225401958862,14.60001637225581,124.38034472384487,180.0,55.61965527615513,97.73241692848326,45.917657120740124,0.0,168.95109432834528,168.95109432834528,11.320527915433168,9.532034455775602,23.4548224543172,13.838154615212044,28.053027508387846,28.279935425325082,31.899484085581403,26.69406679408305,0.37493513233004677,0.37493513233004677,0.8679331805733479,0.8851938663651381,2.667128027681661,1.0,1.0
C:\Users\Gabe\OneDrive\Desktop\CISC\CISC442\cisc-442-final\videos\cisc442 dog videos\CCL Cases\Cooper Linden 997319\Cooper Linden Gait Videos\Cooper Linden_Visit 2_Baseline Day1_4-17-24\Force Plate Walking_Cooper_4-17-24\FP walking TRIAL 3_Cooper_4-17-24.MOV,Cooper Linden 997319,Cooper Linden,1,157.5173850206169,15.186041748227648,127.0565281894096,180.0,52.943471810590395,138.10540149164646,20.305683871543252,86.82016988013577,180.0,93.17983011986423,131.48192669577858,18.379677906245885,91.15733306812952,171.43799067079314,80.28065760266362,140.36068175554746,14.954761867293222,96.29394818895108,175.66768601681156,79.37373782786048,162.3339006672075,15.329974266012966,111.17573941710458,180.0,68.82426058289542,165.47449618374375,16.120476910048122,82.23483398157467,180.0,97.76516601842533,133.5710582409325,23.20164121338142,76.2930389959202,180.0,103.7069610040798,140.86932094550374,23.21482108878269,82.23483398157467,175.73210669970914,93.49727271813447,129.45861970192894,14.486586936176877,98.74616226255522,180.0,81.25383773744478,156.41366920822216,12.666619669170327,97.1250163489018,179.41536947929512,82.29035313039333,22.697922269072446,17.19985153309291,21.741058864591068,13.072585649603528,17.028666774089128,17.568112221240437,25.93399137248364,14.264846082289452,0.8333333333333334,1.25,1.1306340008691627,1.3571619720255135,2.4,1.0,0.0
C:\Users\Gabe\OneDrive\Desktop\CISC\CISC442\cisc-442-final\videos\cisc442 dog videos\CCL Cases\Cooper Linden 997319\Cooper Linden Gait Videos\Cooper Linden_Visit 2_Baseline Day1_4-17-24\Force Plate Walking_Cooper_4-17-24\FP Walking_TRIAL 1_Cooper_4-17-24.MOV,Cooper Linden 997319,Cooper Linden,1,145.18782800350587,18.75119749563827,97.1250163489018,179.99999914622634,82.87498279732455,135.55891086958474,19.337359870387687,90.0,176.6335393365703,86.6335393365703,138.86744844872158,20.81786066319718,90.29997516230391,173.88449643371462,83.58452127141071,152.23553742496892,14.153060423648274,127.9716037610504,176.82016988013575,48.84856611908535,165.95053999572397,13.304023342686406,105.25511870305779,180.0,74.74488129694221,165.4489300338396,13.291993597304684,130.6012946450045,180.0,49.39870535499551,136.9876212103644,18.439576678076275,86.05481377096244,178.85423716182453,92.79942339086209,125.65813577241057,19.383893628190172,88.49256424122504,168.6900675259798,80.19750328475476,137.48862009213306,12.475297240193816,115.3461759419467,165.96375653207352,50.61758059012682,154.59994138882195,7.636109057229252,139.3987053549955,168.0558228115537,28.657117456558183,22.219836369427053,17.2188509351377,27.39580193995505,19.438802147667896,13.678103490724641,13.328640994594569,25.55350517581149,15.58423757355948,0.45454545454545453,0.45454545454545453,0.842491870395333,0.8509614552900755,2.2,1.0,0.0
C:\Users\Gabe\OneDrive\Desktop\CISC\CISC442\cisc-442-final\videos\cisc442 dog videos\CCL Cases\Cooper Linden 997319\Cooper Linden Gait Videos\Cooper Linden_Visit 2_Baseline Day1_4-17-24\Force Plate Walking_Cooper_4-17-24\FP walking_TRIAL 2_Cooper_4-17-24.MOV,Cooper Linden 997319,Cooper Linden,1,140.19049061869347,27.130682673223205,83.32553095288243,180.0,96.67446904711757,129.0870887074669,22.727092386596556,85.36453657309735,176.28471089457128,90.92017432147392,129.64234319889394,30.03105800683937,66.80140948635182,174.8389019666397,108.03749248028788,123.83985330322814,37.937420059300045,56.309932474020215,173.56526084896325,117.25532837494303,160.7867778627477,14.841015907972842,123.11134196037203,178.78112476486868,55.66978280449665,153.9443878032611,17.050911277626327,114.44395478041653,178.21008939175414,63.766134611337606,137.25880324881575,25.78735868412834,67.61986494804043,170.39479584498702,102.77493089694659,131.68311535920424,33.073613489755516,30.96375653207351,180.0,149.03624346792648,125.6210136280819,17.104737469094953,96.11550356628541,153.434948822922,57.319445256636584,155.23614729212505,6.861883968614028,145.73889710090543,170.78897345918338,25.05007635827795,28.78098452642692,16.671777683255378,14.197877515020457,10.513596899725382,20.23107322614875,16.160866890024813,33.524055937432124,23.44311763570133,2.6666666666666665,1.3333333333333333,1.6049681192393344,0.48918324160202903,1.5,0.9555555555555556,1.0
C:\Users\Gabe\OneDrive\Desktop\CISC\CISC442\cisc-442-final\videos\cisc442 dog videos\CCL Cases\Cooper Linden 997319\Cooper Linden Gait Videos\Cooper Linden_Visit 2_Baseline Day1_4-17-24\Force Plate Walking_Cooper_4-17-24\FP walking_TRIAL 2a_Cooper_4-17-24.MOV,Cooper Linden 997319,Cooper Linden,1,150.19482144263972,16.49921852110291,119.1676133795778,172.9987324425046,53.8311190629268,140.13246185187435,20.07447170246634,101.14288985833933,174.09385888622958,72.95096902789025,133.66279046030226,12.916980364269351,106.92751306414705,154.98310652189997,48.05559345775292,139.9066796529261,25.211385688446565,88.49256424122504,178.8655783690229,90.37301412779786,162.01086704541618,15.591784519742024,112.38013505195958,180.0,67.61986494804042,158.08604304384465,24.723301095991573,73.49563861824498,180.0,106.50436138175502,145.21423264350884,18.029743037513583,111.5953104489677,176.2686030008397,64.67329255187201,141.50713127180288,34.63334085270284,78.41658139531293,179.99999879258172,101.58341739726879,135.67043373236146,13.391426191996022,106.00567549942205,163.73979529168804,57.734119792265986,154.8456033278098,15.528340163752375,98.13010235415598,175.23635830927378,77.1062559551178,22.65426736479561,16.828117075813307,14.857556094835704,9.13840244722168,18.05920343598863,18.46885970566594,26.460395987052898,19.552901277827562,1.090909090909091,1.090909090909091,0.9314948762618691,1.5645105374139876,1.8333333333333333,1.0,1.0
C:\Users\Gabe\OneDrive\Desktop\CISC\CISC442\cisc-442-final\videos\cisc442 dog videos\CCL Cases\Cooper Linden 997319\Cooper Linden Gait Videos\Cooper Linden_Visit 2_Baseline Day1_4-17-24\Treadmill_Cooper_4-17-24\Back\Treadmill_Back_TRIAL 3_Coooper_4-17-24.MOV,Cooper Linden 997319,Cooper Linden,1,169.8026263386466,9.482762908640156,127.87498365109822,180.0,52.12501634890178,169.00763832410595,11.421227007697214,97.59464336859145,180.0,82.40535663140855,145.86988905936911,28.62587624482131,46.21887523513131,172.18470645323316,125.96583121810185,152.30404129419148,31.051263436179045,33.578813725000714,179.0942133398894,145.51539961488868,157.12387609234204,22.607200016655312,64.6538240580533,180.0,115.3461759419467,157.49189163637092,23.760472913463712,5.527540151656126,180.0,174.47245984834387,156.43413787211176,18.587814006458636,98.91492695714787,180.0,81.08507304285213,158.2833870518616,23.165893211811355,23.962488974578182,180.0,156.03751102542182,146.96385614139803,35.187180631776904,63.43494882292201,175.60129464500443,112.16634582208242,112.08056629376725,52.97959003098111,0.0,180.0,180.0,8.471923756628543,8.78531041764774,14.849021070458631,12.151240748492002,22.048661132647858,23.5326326992786,19.698425976887776,17.088684231927537,0.43227665706051877,0.43227665706051877,0.6933632132807902,1.878843906104796,11.566666666666666,0.8933717579250721,1.0
C:\Users\Gabe\OneDrive\Desktop\CISC\CISC442\cisc-442-final\videos\cisc442 dog videos\CCL Cases\Cooper Linden 997319\Cooper Linden Gait Videos\Cooper Linden_Visit 2_Baseline Day1_4-17-24\Treadmill_Cooper_4-17-24\L Sagittal\Treadmill_L lat TRIAL 1_Cooper_4-17-24 .MOV,Cooper Linden 997319,Cooper Linden,1,147.65964209852618,13.853746708988993,90.0,180.0,90.0,134.75178444667108,13.868479486074108,90.0,180.0,90.0,132.81424852070182,16.83347056016721,84.14398641457105,178.85423716182518,94.71025074725414,145.0589557428161,14.081066616162248,97.76516601842535,178.6677801461303,80.90261412770495,155.4156077821075,19.03216401514721,71.56505117707799,180.0,108.43494882292201,155.00629498177307,19.20712073272098,63.43494882292201,180.0,116.56505117707799,133.7800389302533,19.30439901859486,52.1250163489018,180.0,127.8749836510982,127.3512578079933,19.55928975330798,48.70462744207711,178.75463573323168,130.05000829115457,149.25810814075123,15.509998876951775,91.78991060824607,180.0,88.21008939175393,150.79989119531058,7.497002273209028,126.48601207024967,167.9052429229879,41.419230852738224,19.91955048327531,15.122632051024922,19.826198035934915,15.864517637564248,20.121781691394947,18.370000483297435,19.373989543423267,12.919761694779414,0.8701686211921449,0.8701686211921449,0.8129602302110662,1.7502691528600791,43.66969696969697,1.0,0.0
C:\Users\Gabe\OneDrive\Desktop\CISC\CISC442\cisc-442-final\videos\cisc442 dog videos\CCL Cases\Cooper Linden 997319\Cooper Linden Gait Videos\Cooper Linden_Visit 2_Baseline Day1_4-17-24\Treadmill_Cooper_4-17-24\L Sagittal\Treadmill_L Lat_TRIAL 3_Cooper_4-17-24.MOV,Cooper Linden 997319,Cooper Linden,1,148.7504498733544,13.717437215229644,111.80140948635182,180.0,68.19859051364818,135.09704790093036,13.598668423244042,102.0947570770121,177.27368900609378,75.17893192908167,136.1417682204674,15.981891588755763,90.0,168.02386755579664,78.02386755579664,150.38380051793374,12.598052673427057,108.43494882292201,176.55778471410267,68.12283589118066,157.70920089012287,16.025051468387435,75.96375653207353,180.0,104.03624346792647,154.93176878771104,19.64101257393268,74.74488129694222,180.0,105.25511870305778,144.95434078469654,15.800345519428221,86.58001690513889,180.0,93.41998309486111,138.92156185939422,14.876421399997536,97.1250163489018,171.869897645844,74.7448812969422,141.51184430658267,14.763845618103195,100.84030545433056,180.0,79.15969454566944,156.69264465583097,5.047132603300113,130.2363583092738,171.25383773744485,41.01747942817104,20.849414598405133,15.676524443845244,20.72800773220505,17.888127192882312,19.281477693869824,16.455772298824147,17.10991533912297,11.802456861826041,0.9763313609467457,0.9763313609467457,1.1545354429504193,1.7809319039881026,11.266666666666667,1.0,1.0
C:\Users\Gabe\OneDrive\Desktop\CISC\CISC442\cisc-442-final\videos\cisc442 dog videos\CCL Cases\Cooper Linden 997319\Cooper Linden Gait Videos\Cooper Linden_Visit 2_Baseline Day1_4-17-24\Treadmill_Cooper_4-17-24\R Sagittal\Treadmill R Lat_TRIAL 2_Cooper_4-17-24.MOV,Cooper Linden 997319,Cooper Linden,1,135.57851248548005,16.57235507383183,81.86989764584403,180.0,98.13010235415597,133.94191576611007,14.110382866437728,101.30993247402021,173.6598082540901,72.3498757800699,143.44388621076945,15.519960239029663,101.2169199266474,178.69804732742128,77.48112740077387,149.39826201747965,15.40687986846421,102.80426606528675,180.0,77.19573393471325,157.17698533768362,20.247108580443175,65.37643521383639,180.0,114.62356478616361,155.6146895916564,19.635791783514648,50.527540151656176,180.0,129.47245984834382,131.6584882924722,21.37532942389942,65.55604521958347,176.6335393365703,111.07749411698683,130.8186022705891,22.56893973909533,64.01076641616699,179.20427644726072,115.19351003109374,144.00046629527674,19.816081890282273,85.8150838748816,180.0,94.1849161251184,147.1087445319929,12.082358582057093,119.29136217098426,180.0,60.70863782901574,20.316289188251933,14.168436277535259,18.963673495941936,12.41979006552666,19.80304418080346,19.247831007513643,21.317297519055167,15.43130892406652,0.935064935064935,0.3116883116883117,0.6361382067369236,0.9611595388385565,12.833333333333334,1.0,1.0
C:\Users\Gabe\OneDrive\Desktop\CISC\CISC442\cisc-442-final\videos\cisc442 dog videos\CCL Cases\Cooper Linden 997319\Cooper Linden Gait Videos\Cooper Linden_Visit 2_Baseline Day1_4-17-24\Treadmill_Cooper_4-17-24\R Sagittal\Treadmill R Lat_TRIAL 3_Cooper_4-17-24.MOV,Cooper Linden 997319,Cooper Linden,1,131.75320807008703,16.976154329941767,94.96974072811031,180.0,85.03025927188969,132.27652369566053,13.800531752641861,99.59313426273035,177.27368900609366,77.68055474336332,146.5867919383968,14.507473696432648,102.83881627990081,178.21008939175394,75.37127311185313,153.1982111106655,13.224196013676838,116.56505117707799,180.0,63.43494882292201,157.27076352868758,18.378828936893193,70.3461759419467,180.0,109.6538240580533,156.7910895937453,18.54805999272632,64.38451567935783,180.0,115.61548432064217,136.91688266034248,18.622338596349802,81.86989764584403,177.27368900609378,95.40379136024974,127.15621669893203,20.492242193587227,67.54306100005788,167.90524292298795,100.36218192293008,135.75852263119768,32.233109647766305,13.240519915187155,177.8789036033384,164.63838368815124,150.10235146728203,8.368530822369177,126.67434966957317,168.69006752597977,42.015717856406596,19.70959713396123,13.156463854043986,18.72371363937749,11.767871389952788,18.25283261742358,16.755941893962547,18.417368605737366,15.189767292632585,0.3896103896103896,0.6493506493506493,0.8348302963625379,0.7882267250392213,7.7,1.0,1.0
C:\Users\Gabe\OneDrive\Desktop\CISC\CISC442\cisc-442-final\videos\cisc442 dog videos\CCL Cases\Cooper Linden 997319\Cooper Linden Gait Videos\Cooper Linden_Visit 2_Baseline Day1_4-17-24\Treadmill_Cooper_4-17-24\R Sagittal\Treadmill_R Lat_TRIAL 1_Cooper_4-17-24.MOV,Cooper Linden 997319,Cooper Linden,1,136.72750617460974,18.185771657130015,32.27564431457765,180.0,147.72435568542235,138.83756008244794,15.670951904088406,49.085616779974885,180.0,130.91438322002512,138.98958259709065,15.178201274384174,27.51200262385144,175.18644910629357,147.67444648244214,149.83017359846212,14.846434053525014,85.42607874009914,180.0,94.57392125990086,158.38110296637447,19.338638647465128,46.57655005518374,180.0,133.42344994481627,155.9047154355346,17.727721311744673,67.83365417791754,180.0,112.16634582208246,140.83971347096735,19.974481350466053,64.56378361958265,180.0,115.43621638041735,136.88188230793534,19.2218587661139,60.46121774044189,180.0,119.5387822595581,138.62167332910795,25.064532989799677,0.0,180.0,180.0,150.42228347745151,12.779926811807517,5.1944289077348,180.0,174.8055710922652,19.985145656304944,14.963102327947409,19.53437837281133,13.984489182326383,18.436056017928014,18.09126200581388,18.60884231804265,14.048736141403042,0.3617941688211627,0.33164465475273247,0.4293439330524279,1.4313557517287387,33.16803042763158,1.0,0.0
C:\Users\Gabe\OneDrive\Desktop\CISC\CISC442\cisc-442-final\videos\cisc442 dog videos\CCL Cases\Cooper Linden 997319\Cooper Linden Gait Videos\Cooper Linden_Visit 2_Baseline Day1_4-17-24\Walking_Cooper_4-17-24\Front-Back\Walk_Front-back_TRIAL 1_Cooper_4-17-24.MOV,Cooper Linden 997319,Cooper Linden,1,161.88784993853307,17.194504674270544,85.91438322002513,180.0,94.08561677997487,166.27132347361362,12.341968108136314,110.92450174492117,180.0,69.07549825507883,149.97113835584082,17.697889743681227,105.25511870305779,180.0,74.74488129694221,147.52737609431657,23.78468664871246,86.05481377096244,180.0,93.94518622903756,167.73065558177927,13.980166377331125,63.43494882292201,180.0,116.56505117707799,165.96028470832303,16.02890641307576,75.96375653207353,180.0,104.03624346792647,149.29730563730735,18.74427006852948,95.64054943215683,180.0,84.35945056784317,150.0817063057285,18.062667883986258,73.30075576600639,180.0,106.69924423399361,120.3357774648033,41.50020929162916,10.175510843043227,177.5104470780006,167.33493623495735,106.82527840374365,38.85673713854191,0.0,180.0,180.0,14.889978989012622,13.980526214417894,25.149544886655,13.643905380942073,12.515094059968177,14.305880322730458,21.968288129849807,13.514772826482554,0.3440187421985311,0.3440187421985311,1.0220138083220793,1.0282358279089032,14.534091858037579,0.5963302752293578,1.0
C:\Users\Gabe\OneDrive\Desktop\CISC\CISC442\cisc-442-final\videos\cisc442 dog videos\CCL Cases\Cooper Linden 997319\Cooper Linden Gait Videos\Cooper Linden_Visit 2_Baseline Day1_4-17-24\Walking_Cooper_4-17-24\Front-Back\Walk_Front-back_TRIAL 2_Cooper_4-17-24.MOV,Cooper Linden 997319,Cooper Linden,1,150.7836393678513,17.250006226818876,77.4346516200927,180.0,102.5653483799073,163.0709149371826,15.088583597976466,112.16634582208246,180.0,67.83365417791754,158.3535443895883,18.17893378940996,68.56539587058197,179.63506366426847,111.0696677936865,139.356798256808,16.634008620409723,106.35039050786729,179.54164354199835,73.19125303413107,164.6254595412002,16.168962468730104,86.18592516570965,180.0,93.81407483429035,163.90219420484132,15.468029275638786,82.87498365109822,180.0,97.12501634890178,155.82858257457355,21.762747682239915,85.60129464500447,180.0,94.39870535499553,132.76307839182417,18.72159092431018,84.38241940987318,176.82016988013575,92.43775047026257,149.0073027006038,30.8864308002841,28.11320887605596,180.0,151.88679112394405,122.73083149356823,25.597656234081928,32.47119229084849,180.0,147.52880770915152,19.600098499208496,16.310561639066457,27.92969100334295,14.89589120733367,15.82413242190384,15.84858320565214,31.552538391554585,16.375704268957666,,,1.3130049276254843,1.0215096767193832,10.333940462201332,0.5580645161290323,1.0
C:\Users\Gabe\OneDrive\Desktop\CISC\CISC442\cisc-442-final\videos\cisc442 dog videos\CCL Cases\Cooper Linden 997319\Cooper Linden Gait Videos\Cooper Linden_Visit 2_Baseline Day1_4-17-24\Walking_Cooper_4-17-24\Front-Back\Walk_Front-back_TRIAL 3_Cooper_4-17-24.MOV,Cooper Linden 997319,Cooper Linden,1,158.90530169811558,15.467813259463256,56.7418658664187,180.0,123.25813413358131,166.01775932059942,11.575486233853082,130.2363583092738,180.0,49.76364169072619,153.30673764581235,18.40940612262243,104.74356283647074,180.0,75.25643716352926,143.59096802447533,17.73256646602934,96.519801751657,174.89783474764178,78.37803299598478,167.76673240050224,12.478607069041988,88.32760563891074,180.0,91.67239436108926,163.37395384664924,20.496471898284888,62.049030972109826,180.0,117.95096902789018,146.31608034718198,22.52889844061511,74.79759129082386,180.0,105.20240870917614,139.9703074458126,20.873900114597138,77.29288649868342,180.0,102.70711350131658,128.46212749250193,54.120433964045596,2.0454084888871935,180.0,177.9545915111128,113.44834838356799,37.85965316443604,4.398705354995508,177.06432655357892,172.6656211985834,14.79195222924771,10.754382048465573,22.972359292547257,16.588801179907552,14.247811315431857,16.317334518565296,22.863164565919064,20.373467956236816,0.31248516214804617,0.3906064526850577,1.1270295842502733,1.1136663891687362,12.800607787274455,0.5703125,1.0
C:\Users\Gabe\OneDrive\Desktop\CISC\CISC442\cisc-442-final\videos\cisc442 dog videos\CCL Cases\Cooper Linden 997319\Cooper Linden Gait Videos\Cooper Linden_Visit 2_Baseline Day1_4-17-24\Walking_Cooper_4-17-24\Left Sagittal\Walk_L Lat_TRIAL 4_Cooper_4-17-24.MOV,Cooper Linden 997319,Cooper Linden,1,151.74253248230383,13.456510988465253,118.14160123226173,175.81508387488168,57.673482642619945,138.8218775675705,16.80452749886723,108.43494882292201,168.6900675259798,60.25511870305779,126.58772063422855,15.327772232493897,86.89196906500017,170.30439007661758,83.41242101161741,147.2021676155932,17.14655923946888,104.62087398863166,175.19102937924274,70.57015539061108,150.70160711960088,23.145336731739864,84.61068824002659,180.0,95.38931175997341,154.20214031023144,18.12802082476527,81.86989764584403,178.85423716182453,96.9843395159805,137.02935039242067,20.80967759694986,83.6598082540901,179.1873484057468,95.52754015165671,152.57427020251765,19.537221889112946,98.13010235415598,178.26429541107143,80.13419305691545,117.02520732213932,25.28383829618314,73.73979529168804,175.30131948270056,101.56152419101252,157.37674047025754,6.230025328596033,145.25119875081742,169.03889596797873,23.78769721716131,23.287731113197722,17.037200909405517,25.44057212779936,19.417206648312224,22.0809618460246,19.790049591239395,20.988112828015492,17.150308977262263,0.4054054054054054,0.4054054054054054,1.0073701240812818,1.0422490077802986,2.466666666666667,1.0,0.0
C:\Users\Gabe\OneDrive\Desktop\CISC\CISC442\cisc-442-final\videos\cisc442 dog videos\CCL Cases\Cooper Linden 997319\Cooper Linden Gait Videos\Cooper Linden_Visit 2_Baseline Day1_4-17-24\Walking_Cooper_4-17-24\Left Sagittal\Walk_L lat_TRIAL 6_Cooper_4-17-24.MOV,Cooper Linden 997319,Cooper Linden,1,155.59704543383856,14.65510858486719,115.69369965939961,178.13737905069323,62.443679391293614,138.6532749997674,17.362036026687914,113.62937773065681,180.0,66.37062226934319,124.22687393886214,15.021267737342246,90.0,174.451533706282,84.45153370628199,146.60170054398057,14.66727073683355,113.78924772829487,173.27311595099874,59.483868222703876,156.19733388964116,19.088515860750864,95.1944289077348,180.0,84.8055710922652,148.1569530488787,26.086811754421753,53.498558879493686,180.0,126.50144112050631,124.72617802063552,16.87077251626649,81.08507304285214,165.96375653207357,84.87868348922143,148.44571648186962,19.46483568621528,107.98142969696404,178.99491399474624,71.0134842977822,130.86625884240325,20.533634329734788,95.71059313749964,177.06432655357867,81.35373341607902,147.59856952718522,20.403494074877234,9.782407031807285,165.06858282186244,155.28617579005515,24.416579980297374,16.137534545159312,27.82933545408558,19.22930598186903,26.654142703354754,23.47266658447238,30.67169524253896,20.267718640283253,1.0465116279069768,1.0465116279069768,1.4898175826983724,1.7252542582762844,2.8666666666666667,1.0,0.0
C:\Users\Gabe\OneDrive\Desktop\CISC\CISC442\cisc-442-final\videos\cisc442 dog videos\CCL Cases\Cooper Linden 997319\Cooper Linden Gait Videos\Cooper Linden_Visit 2_Baseline Day1_4-17-24\Walking_Cooper_4-17-24\Right Sagittal\Walk R_Lat_TRIAL 1a_Cooper_4-17-24.MOV,Cooper Linden 997319,Cooper Linden,1,136.8103260033589,18.95398017666752,101.30993247402021,175.9143832200252,74.60445074600499,141.8207111030134,13.87906723604309,111.61477894278624,176.82016988013575,65.2053909373495,152.63101641229926,17.29291572498369,108.86899945506143,179.4031905487702,70.53419109370877,150.2179009397771,16.685278882869284,110.85445803957836,179.6762984750814,68.82184043550305,154.40266821062235,21.192816290542275,88.09084756700362,180.0,91.90915243299638,150.80582058757935,22.701537022645194,96.3401917459099,180.0,83.6598082540901,151.57641782287033,19.516832874158382,95.79279649503216,180.0,84.20720350496784,123.51088811922216,14.5826863176741,85.60129464500447,153.43494882292202,67.83365417791755,110.31973011875162,15.279044622472382,81.43085812016236,168.36636600105956,86.9355078808972,144.4070880946482,6.847111077057548,128.8844964337146,165.8040103488475,36.91951391513291,20.844546206700684,14.247370097087646,20.125829914652485,12.38362918539505,23.321189685617878,18.583742296863857,31.621708012547554,19.075934083535817,1.2371134020618557,1.2371134020618557,0.8516398681450901,0.7241490945388152,3.2333333333333334,1.0,1.0
C:\Users\Gabe\OneDrive\Desktop\CISC\CISC442\cisc-442-final\videos\cisc442 dog videos\CCL Cases\Cooper Linden 997319\Cooper Linden Gait Videos\Cooper Linden_Visit 2_Baseline Day1_4-17-24\Walking_Cooper_4-17-24\Right Sagittal\Walk_R Lat_TRIAL 6_Cooper_4-17-24.MOV,Cooper Linden 997319,Cooper Linden,1,140.2293832145302,19.04800303385595,103.3245312618908,178.85423716182453,75.52970589993373,139.5727706226595,16.72087834741672,115.3461759419467,180.0,64.6538240580533,136.1667345712425,15.835641981420066,93.53229458389089,179.70002483769758,86.1677302538067,138.79961545565266,19.466140407537463,105.25511870305779,175.2098692776367,69.95475057457891,148.6080978389213,29.026366277945208,67.16634582208245,177.06432655357892,109.89798073149647,145.14163102279383,19.251514358143318,84.61068824002659,174.92039213998547,90.30970389995888,134.23891347856178,17.57820607537439,90.0,163.65182845264874,73.65182845264874,137.77558704145832,17.838803133790208,98.79741070999107,176.82016988013575,78.02275917014468,131.07258250504387,16.591725439771693,104.03624346792648,180.0,75.96375653207352,157.03988172228267,7.804466316598013,142.236922025968,176.82016988013584,34.58324785416784,23.205507030426443,17.695350364614164,21.83642770562072,14.150746417861772,24.859398053555655,20.6157040955536,19.48008344620978,13.690151131773192,2.380952380952381,0.9523809523809523,1.4915303832686297,1.1476490765668055,2.1,1.0,1.0
C:\Users\Gabe\OneDrive\Desktop\CISC\CISC442\cisc-442-final\videos\cisc442 dog videos\CCL Cases\Greta Roy 988677\Greta Roy Gait Videos\Greta Roy_Visit 2_Day1-Baseline-injection_4-24-24\Left Sagittal Greta_ Baseline_4-24-24\L Sag_TRIAL10_1020am_Greta_4-24-24.MOV,Greta Roy 988677,Greta Roy,1,134.3011374148703,14.611519385589595,88.15238973400541,164.98163936884936,76.82924963484395,125.36540128377986,12.781657054141373,89.51030440687077,155.28255908891663,65.77225468204585,134.55408809944257,14.797648548929663,100.61965527615513,168.7893668711233,68.16971159496816,152.19280033982838,16.22431670218987,120.46554491945989,175.89612452736304,55.430579607903155,161.87784706178957,13.431803365344267,107.10272896905236,180.0,72.89727103094764,158.60520254201404,16.91864021503412,86.63353933657021,180.0,93.36646066342979,125.54290452285629,15.25259816475329,95.1944289077348,177.39743779750006,82.20300888976526,146.00971200983258,15.587386266640669,108.43494882292201,176.63353933657018,68.19859051364817,115.43317380204702,12.014009885757769,95.61758059012683,133.05851360908562,37.44093301895879,149.22745583282335,14.544597562066576,21.44773632710536,159.79638483167486,138.3486485045695,16.286054558284423,10.267310839596393,27.12262913198087,15.231633734001571,16.49236201243587,13.627601399388777,22.390033352589708,16.721035332814584,1.4285714285714284,1.4285714285714284,0.740513666886461,0.6572647116507484,3.5,1.0,0.0
C:\Users\Gabe\OneDrive\Desktop\CISC\CISC442\cisc-442-final\videos\cisc442 dog videos\CCL Cases\Greta Roy 988677\Greta Roy Gait Videos\Greta Roy_Visit 2_Day1-Baseline-injection_4-24-24\Left Sagittal Greta_ Baseline_4-24-24\L Sag_TRIAL3_1010am_Great_4-24-14.MOV,Greta Roy 988677,Greta Roy,1,137.2503707031855,13.183032046292894,93.94518622903756,166.26373169437744,72.31854546533988,127.28879903386036,14.100233446774808,101.30993247402021,156.80140948635182,55.4914770123316,144.77236556017988,20.238527982468057,103.72229713313355,180.0,76.27770286686645,148.7168693698748,15.492468154275977,117.40757543781842,179.73100770630276,62.32343226848434,156.36971173962365,20.320940824231553,84.55966796899449,180.0,95.44033203100551,160.3198968339535,16.876883048909246,104.03624346792648,180.0,75.96375653207352,128.03224455785875,15.007973163194867,94.86451443776053,164.7448812969422,69.88036685918166,157.7717167379945,16.716911448338156,102.33908727832619,180.0,77.66091272167381,110.34700395017335,10.3051170425575,91.54815769897796,133.99491399474581,42.446756295767855,148.4429171337407,5.989059996661665,134.28828779396432,162.91976642810863,28.631478634144315,15.696686442475142,11.62531723935653,22.710475011335987,15.333951343229659,18.90506016930149,17.466131405396524,31.846466433696875,18.30219267411452,1.3636363636363635,1.3636363636363635,0.83763380461604,0.7359703070289982,2.2,1.0,0.0
C:\Users\Gabe\OneDrive\Desktop\CISC\CISC442\cisc-442-final\videos\cisc442 dog videos\CCL Cases\Greta Roy 988677\Greta Roy Gait Videos\Greta Roy_Visit 2_Day1-Baseline-injection_4-24-24\Left Sagittal Greta_ Baseline_4-24-24\L Sag_TRIAL4_1012am_Greta_4-24-24.MOV,Greta Roy 988677,Greta Roy,1,128.52440824900447,17.985596610850425,21.80140948635181,171.869897645844,150.06848815949218,125.47596304927642,13.569317693016004,93.73139699916045,157.2855876468328,63.55419064767234,140.78120848288216,27.89659510323847,75.96375653207352,178.62882029711582,102.6650637650423,140.15793287093888,18.934299233562903,81.15818543980834,165.23738303070553,84.0791975908972,160.54499667226145,13.608824851440136,98.13010235415598,180.0,81.86989764584402,157.8596440294268,19.201767585108335,81.86989764584403,180.0,98.13010235415597,133.13232580453897,19.432567816373474,83.6598082540901,178.42344994481627,94.76364169072617,145.36617622704938,20.792383059930643,72.89727103094764,180.0,107.10272896905236,106.48756301270248,19.19333855188936,77.09259132873416,152.98733465206143,75.89474332332728,154.48583414150377,6.50542852948663,126.02737338510362,167.83497012971307,41.807596744609455,16.723680545000057,13.174447188403965,24.39209821939379,15.45647855956715,17.03019810741689,17.681811100661836,24.051663218126976,18.866128441068305,0.5084745762711864,0.5084745762711864,0.8878826819911371,0.8295375394891806,3.933333333333333,1.0,0.0
C:\Users\Gabe\OneDrive\Desktop\CISC\CISC442\cisc-442-final\videos\cisc442 dog videos\CCL Cases\Greta Roy 988677\Greta Roy Gait Videos\Greta Roy_Visit 2_Day1-Baseline-injection_4-24-24\Left Sagittal Greta_ Baseline_4-24-24\L Sag_TRIAL7_1016am_Greta_4-24-24.MOV,Greta Roy 988677,Greta Roy,1,129.16649687973634,16.419233295886546,74.74488129694222,162.25532837494308,87.51044707800085,124.90655302085112,13.975914989625359,77.47119229084849,156.37062226934316,78.89942997849467,144.65325058729675,20.109269838902062,93.34465031826588,178.99491399474624,85.65026367648036,157.365723426776,17.226827471505775,123.02386755579664,178.63607246839683,55.61220491260019,159.20083773014412,16.317007418817287,84.55966796899449,180.0,95.44033203100551,157.17721920643177,19.068870657843785,93.17983011986423,180.0,86.82016988013577,129.46718319303366,16.01080934509625,93.17983011986423,172.74680538727463,79.5669752674104,156.56768721897043,17.540833259492125,103.67130713219584,180.0,76.32869286780416,108.96173487802396,11.967303973214927,83.6598082540901,140.1021652523582,56.442356998268096,153.8248794472391,5.562539532441058,137.72631099390625,171.20258929000894,33.47627829610269,17.423440998044427,12.045951037602109,30.15723186928579,14.761609282306544,17.984111075731565,16.65351483944754,32.49680720273511,17.978572999175114,0.9090909090909092,1.5151515151515151,0.5189320005537457,1.788823520788686,3.3,1.0,0.0
C:\Users\Gabe\OneDrive\Desktop\CISC\CISC442\cisc-442-final\videos\cisc442 dog videos\CCL Cases\Greta Roy 988677\Greta Roy Gait Videos\Greta Roy_Visit 2_Day1-Baseline-injection_4-24-24\Left Sagittal Greta_ Baseline_4-24-24\L Sag_TRIAL8_1018am_Greta_4-24-24.MOV,Greta Roy 988677,Greta Roy,1,130.95017808326426,14.915515063137502,83.06161419466378,156.1612598168283,73.09964562216453,126.59190296755519,12.67571326886571,90.0,153.79988515865267,63.79988515865267,147.27350051142542,13.894040374389728,120.32360686255,173.45370921670596,53.130102354155966,145.84049855916265,16.26958872045795,116.66167128703019,172.01513378474348,55.353462497713295,160.19761051632693,17.352815417115373,81.02737338510362,180.0,98.97262661489638,154.90842911449164,21.911490727554195,64.6538240580533,180.0,115.3461759419467,130.70410308684288,16.546537449919825,90.0,176.78451600825173,86.78451600825173,143.25663978104043,19.707919966633185,76.26373169437744,178.7546357332314,102.49090403885396,115.69630651486824,18.39999446432243,86.82016988013577,150.06848815949223,63.24831827935647,154.2327802303141,5.0085934497884335,142.1250163489018,164.60878706473673,22.483770715834936,15.76758938260916,10.526473772394093,22.90463014970444,10.688134154297577,19.499183049396727,17.468483944628492,22.882115955689436,18.32949247250378,0.3125,1.5625,0.6940986247288825,1.3838941970264813,3.2,1.0,0.0
C:\Users\Gabe\OneDrive\Desktop\CISC\CISC442\cisc-442-final\videos\cisc442 dog videos\CCL Cases\Greta Roy 988677\Greta Roy Gait Videos\Greta Roy_Visit 2_Day1-Baseline-injection_4-24-24\Right Sagittal_Greta_Baseline_4-24-24\R Sag_TRIAL3_1011am_Greta_4-24-24.MOV,Greta Roy 988677,Greta Roy,1,125.90638772059323,13.106074438831461,87.51044707800085,153.43494882292202,65.92450174492117,124.83030989423483,14.432230046545117,95.79279649503216,153.434948822922,57.64215232788983,148.40120265259074,15.721789281085233,114.44395478041653,178.96775530843465,64.52380052801811,150.95840798879365,18.787131948641935,111.03751102542182,179.13630995540035,68.09879892997853,156.55844819430092,23.673724205249766,49.7279878188422,180.0,130.2720121811578,160.14316472156,15.055110930381693,83.8844964337146,180.0,96.1155035662854,132.75234060753735,20.61721127148324,77.38637254598126,176.18592516570962,98.79955261972836,133.9060987039731,24.363652281128715,71.56505117707799,179.99999914622634,108.43494796914835,130.5013245014513,14.64952370706252,108.43494882292201,176.6335393365703,68.19859051364828,154.93977396596208,13.786137862536538,58.3924977537511,168.69006752597977,110.29756977222867,15.14524044098068,10.28791943000963,24.199131118443287,16.353833607467614,17.875469931662728,19.880143234875835,22.47618828882224,17.235314197445252,1.6666666666666665,1.6666666666666665,0.6658630505153593,1.8752238678640372,3.0,1.0,1.0
C:\Users\Gabe\OneDrive\Desktop\CISC\CISC442\cisc-442-final\videos\cisc442 dog videos\CCL Cases\Greta Roy 988677\Greta Roy Gait Videos\Greta Roy_Visit 2_Day1-Baseline-injection_4-24-24\Right Sagittal_Greta_Baseline_4-24-24\R Sag_TRIAL5_1014am_Greta_4-24-24.MOV,Greta Roy 988677,Greta Roy,1,125.26738442195439,17.746427606161856,19.334808537826415,171.86989764584405,152.53508910801764,127.08062104561479,13.34187869491935,100.17551084304321,157.16634582208246,56.99083497903925,151.29507226879917,17.078045083303437,119.05460409907714,180.0,60.94539590092286,152.0971027575483,17.610068428335396,113.89991625153357,177.87890360333873,63.97898735180516,159.3867800809199,19.779236241337554,54.46232220802562,180.0,125.53767779197437,160.22037002761826,16.647311619732637,81.86989764584403,180.0,98.13010235415597,145.5814594092484,17.221271965648917,100.4914770123316,179.30972280213544,78.81824578980384,137.0719090389477,21.793709180546593,60.25511870305777,180.0,119.74488129694222,127.46614510765922,18.787556048311124,73.65711745655814,180.0,106.34288254344186,159.54445544035994,7.268731737145191,145.44883830056526,174.8055710922652,29.356732791699955,16.984877517110064,15.964292032571603,21.879769358244985,12.501785690576918,16.199471949592773,19.831199012468645,24.54416137818717,20.74525172134159,1.7142857142857142,1.4285714285714284,2.247289056959768,0.6166684801226199,3.5,1.0,1.0
C:\Users\Gabe\OneDrive\Desktop\CISC\CISC442\cisc-442-final\videos\cisc442 dog videos\CCL Cases\Greta Roy 988677\Greta Roy Gait Videos\Greta Roy_Visit 2_Day1-Baseline-injection_4-24-24\Right Sagittal_Greta_Baseline_4-24-24\R Sag_TRIAL6_1016am_Greta_4-24-24.MOV,Greta Roy 988677,Greta Roy,1,125.6312408502911,13.735088050820835,90.0,154.38451567935783,64.38451567935783,125.6003248073693,13.17498379848424,96.00900595749452,174.80557109226513,78.7965651347706,155.68440406129878,14.59152134022941,117.75854060106003,179.99999914622634,62.24145854516631,156.0841786100331,17.770635319079013,117.40074882287237,179.99999914622634,62.59925032335397,157.59549790374655,18.98934014668968,60.25511870305778,180.0,119.74488129694222,157.94066244757198,16.71986556536133,90.0,180.0,90.0,145.34451877975778,17.609050367225645,111.80140948635182,180.0,68.19859051364818,141.6486672080428,22.22938769872219,90.0,178.09084756700364,88.09084756700364,132.34203961800105,19.56092644145643,104.03624346792648,178.21008939175414,74.17384592382766,155.0945280129744,8.173011019207243,136.90915243299636,173.17185031842294,36.262697885426576,13.47548963273062,10.58979135789918,21.623203478737103,11.999916882738646,16.695596936996967,17.341166218998413,24.60500574584408,16.998177693537937,1.7647058823529411,1.7647058823529411,1.137809195367154,1.6699680905031915,2.8333333333333335,1.0,1.0
C:\Users\Gabe\OneDrive\Desktop\CISC\CISC442\cisc-442-final\videos\cisc442 dog videos\CCL Cases\Jasper Benson 913593\Jasper Gait Videos\Jasper Benson_Visit2_Baseline_9-17-24\IMG_7384.MOV,Jasper Benson 913593,Jasper Benson,1,114.92441899981141,18.73504610989462,74.19748604606448,173.88449643371462,99.68701038765013,125.12783171854423,25.044445455325068,65.22485943116808,171.50144112050629,106.2765816893382,163.4672584269462,12.838910505684314,131.29537255792286,180.0,48.70462744207714,152.01695803939185,18.451175136846533,94.01417569541103,179.56594936786001,85.55177367244899,158.04794733323038,17.680391428348063,102.3390872783262,180.0,77.6609127216738,153.37970221296024,14.541416770064783,96.3401917459099,179.99999914622634,83.65980740031644,139.39103998583093,17.776472018995918,96.3401917459099,173.48019824834304,77.14000650243314,150.53037642795047,15.12076448302747,114.77514056883193,178.1523897340055,63.37724916517358,122.90070704251445,15.397606212168533,93.17983011986423,165.96375653207352,72.78392641220928,149.84960752784167,7.106844573687293,134.2151753970081,164.27525427725254,30.060078880244447,24.222537290820902,17.12634447424986,17.433382740095745,12.76393481842001,20.127890020063386,13.961089616936937,23.228462864167387,16.107799935802287,1.9733241148849134,1.9733241148849134,0.7930046151248477,0.5495229165495388,2.533795620437956,1.0,0.0
C:\Users\Gabe\OneDrive\Desktop\CISC\CISC442\cisc-442-final\videos\cisc442 dog videos\CCL Cases\Jasper Benson 913593\Jasper Gait Videos\Jasper Benson_Visit2_Baseline_9-17-24\IMG_7385.MOV,Jasper Benson 913593,Jasper Benson,1,120.33757406172607,20.164056429306033,82.23483398157467,180.0,97.76516601842533,136.03157081116967,22.410816622629287,93.73139699916045,180.0,86.26860300083955,162.65774753318885,16.294343355590833,81.80573666536978,180.0,98.19426333463022,149.11326415754635,18.463691311010184,102.80426606528675,179.1533259761384,76.34905991085165,157.09168418814838,16.330903849080013,108.43494882292201,180.0,71.56505117707799,159.8060970960748,14.870661481481076,101.30993247402021,180.0,78.69006752597979,138.29763469363073,18.26957859871832,102.52880770915151,169.77783136636387,67.24902365721236,142.1615062873781,15.72240689290762,93.81407483429035,172.87498365109815,79.0609088168078,135.1703940734304,12.59533097289005,105.25511870305779,178.31531568210372,73.06019697904593,154.6788765329749,7.606779113797906,137.2605019111413,167.64171494068236,30.381213029541073,23.96128553974239,15.540740308920409,17.28444571891855,14.027855611904554,18.301392204021365,11.887273931484348,19.708393037725035,17.468383321017747,1.7139483228835721,3.8563837264880374,0.6967072317480225,0.8506496004072138,2.3337926509186353,1.0,1.0
C:\Users\Gabe\OneDrive\Desktop\CISC\CISC442\cisc-442-final\videos\cisc442 dog videos\CCL Cases\Jasper Benson 913593\Jasper Gait Videos\Jasper Benson_Visit2_Baseline_9-17-24\IMG_7386.MOV,Jasper Benson 913593,Jasper Benson,1,112.10166666801143,16.294736841615023,88.64893491728037,166.8659776936037,78.21704277632332,127.73782991633313,22.927793531417574,61.69924423399363,180.0,118.30075576600638,163.8423437976212,12.4390507028508,128.72892255049885,179.3097228021344,50.58080025163554,151.62165124842886,18.755238451386145,74.87254030681093,180.0,105.12745969318907,162.7347471496111,13.424678911015647,119.74488129694222,180.0,60.255118703057775,158.17849707516774,15.909803978769371,90.0,180.0,90.0,138.0155668282636,17.49041288679382,96.91122711902469,174.0938588862295,77.18263176720481,151.864348061435,17.856858355750994,100.30484646876603,178.78112476486837,78.47627829610234,116.09674948143014,15.227085715028457,80.53767779197439,167.0053832080835,86.4677054161091,151.3657986690943,6.9279092985085935,132.81835859644852,171.7872198107141,38.96886121426559,26.149171827382222,16.46456093918241,17.40975788093878,12.55962485129425,16.738767711950477,13.915766072461967,23.961597623360312,17.64491272204982,2.1681971223365166,2.1681971223365166,0.6237123802605323,0.9383377143444036,2.7672760646108663,1.0,0.0
C:\Users\Gabe\OneDrive\Desktop\CISC\CISC442\cisc-442-final\videos\cisc442 dog videos\CCL Cases\Jasper Benson 913593\Jasper Gait Videos\Jasper Benson_Visit2_Baseline_9-17-24\IMG_7387.MOV,Jasper Benson 913593,Jasper Benson,1,119.0788628548018,21.247939921589197,66.16125981682826,178.1523897340053,111.99112991717705,135.5834182942049,21.351486982630757,101.30993247402021,177.73949808885865,76.42956561483844,158.72966014435514,18.232418725867674,84.35945056784317,179.18154453831096,94.82209397046779,143.59034767289532,20.344440563245,80.8376529542783,178.698047327421,97.8603943731427,163.14696431132697,12.307032061501003,123.6900675259798,180.0,56.3099324740202,160.17438130763216,15.092214016044549,78.69006752597979,180.0,101.30993247402021,141.83304280609872,16.186979147052202,105.94539590092286,175.23635830927378,69.29096240835092,146.91618157022532,17.962719676926426,91.33221985386963,172.50414236027024,81.1719225064006,142.25280635445515,15.774595473332926,105.25511870305778,175.23635830927395,69.98123960621618,158.03698591746283,7.88105052267757,141.40435272638416,175.91438322002503,34.51003049364087,26.036943553489518,15.212205150959555,18.194594387348285,15.250632791630734,14.719213241066544,12.099407065832725,22.812703788135988,15.469041254234508,2.173480079319034,2.173480079319034,0.801581176328082,1.1129990530041087,2.300458167330677,1.0,1.0
C:\Users\Gabe\OneDrive\Desktop\CISC\CISC442\cisc-442-final\videos\cisc442 dog videos\CCL Cases\Jasper Benson 913593\Jasper Gait Videos\Jasper Benson_Visit2_Baseline_9-17-24\IMG_7388.MOV,Jasper Benson 913593,Jasper Benson,1,117.33852228972361,20.19045049648598,66.37062226934319,177.27368900609378,110.90306673675059,122.70534886185223,23.66109851817147,39.90788487550103,172.80076636163233,132.8928814861313,165.47666178688527,14.606116607750337,117.47443162627712,179.80577776252892,62.331346136251796,152.740062812553,16.660274036353705,115.55996517182382,178.4724745577873,62.91250938596349,157.05071072312006,16.999120773798698,98.13010235415598,180.0,81.86989764584402,159.15683266443253,13.284670761664787,126.86989764584402,180.0,53.13010235415598,137.75091856744493,19.42541378094129,87.27368900609373,176.82016988013584,89.5464808740421,149.64250315030137,18.18144977992376,97.1250163489018,178.90878377473726,81.78376742583546,119.23310362747345,16.392719360279592,86.63353933657021,166.67546873810926,80.04192940153905,151.0160106328914,6.819267201901227,118.81079374297306,170.53767779197443,51.72688404900137,23.917338201309757,17.91993727416627,16.48168588489862,14.043721454874998,16.361432734637532,13.800138498964271,25.21514680847897,16.817596481682973,0.30297419669758124,1.8178451801854876,0.8966208653214094,0.6065879030863718,3.300611111111111,1.0,0.0
C:\Users\Gabe\OneDrive\Desktop\CISC\CISC442\cisc-442-final\videos\cisc442 dog videos\CCL Cases\Jasper Benson 913593\Jasper Gait Videos\Jasper Benson_Visit2_Baseline_9-17-24\IMG_7389.MOV,Jasper Benson 913593,Jasper Benson,1,116.7379246144337,17.75814485512143,86.82016988013577,180.0,93.17983011986423,134.89434264654864,19.771041574337094,90.0,180.0,90.0,161.8545304220487,17.987767337865556,93.53229458389089,180.0,86.46770541610911,149.31419344200825,19.023458543460197,94.18491612511842,177.51044707800102,83.3255309528826,158.01441750361272,15.820862716500386,108.43494882292201,180.0,71.56505117707799,159.66896102193323,14.569411880773709,108.43494882292201,180.0,71.56505117707799,138.8791876990301,18.301259289499626,101.88865803962798,175.23635830927378,73.3477002696458,141.67663560878006,20.30305844704103,81.70285503016314,176.98721249581672,95.28435746565358,133.0766491115626,14.409423599438018,111.61477894278624,180.0,68.38522105721376,155.20461942202095,7.656095355668533,139.83275598713496,175.9143832200252,36.08162723289024,25.011575135586764,18.227204563170147,17.05125260497932,13.251227356876123,17.87459954859886,13.899885070401664,24.043838763442928,18.310423537881615,2.0829343037732233,2.0829343037732233,0.5730513248639462,1.1873070827275258,2.4004597701149426,1.0,1.0
C:\Users\Gabe\OneDrive\Desktop\CISC\CISC442\cisc-442-final\videos\cisc442 dog videos\CCL Cases\Jasper Benson 913593\Jasper Gait Videos\Jasper Benson_Visit2_Baseline_9-17-24\IMG_7390.MOV,Jasper Benson 913593,Jasper Benson,1,112.56989174088997,19.865039488538844,61.85839876773828,177.39743779750034,115.53903902976207,128.12945026718506,18.64346542770194,69.55045238920742,176.6335393365703,107.08308694736287,166.22176427651885,10.670965174538127,131.14319901441016,179.7561896438959,48.61299062948575,151.64705666471502,14.38609021223455,114.14554196042167,179.72973889350743,65.58419693308576,161.96666216639753,16.53354290340854,98.13010235415598,180.0,81.86989764584402,158.1507468772956,15.852066932802732,96.11550356628541,180.0,83.88449643371459,136.13368539167953,16.30399880521289,101.30993247402021,175.9143832200252,74.60445074600499,149.7817736059536,17.265638346090526,106.31385242626057,179.99999914622634,73.68614671996578,118.08595293298481,11.397849936368086,96.70983680775694,145.30484646876602,48.59500966100907,148.46786275993657,7.359028930316383,130.6012946450045,163.98301424106415,33.38171959605967,23.130917938437026,13.877938144998396,15.634235728445757,10.324472110872023,16.945534278449102,14.69206231576063,23.6425150594392,17.16383932611187,1.999633766709394,1.999633766709394,0.6422710938918968,0.7885863915126462,2.5004578754578755,1.0,0.0
C:\Users\Gabe\OneDrive\Desktop\CISC\CISC442\cisc-442-final\videos\cisc442 dog videos\CCL Cases\Jasper Benson 913593\Jasper Gait Videos\Jasper Benson_Visit2_Baseline_9-17-24\IMG_7393.MOV,Jasper Benson 913593,Jasper Benson,1,119.15825290901789,17.461433282881426,84.8055710922652,180.0,95.1944289077348,134.33799840253863,20.453305354957575,93.17983011986423,169.3803447238449,76.20051460398066,160.20457397554708,14.75263953790254,115.05761541830302,180.0,64.94238458169698,149.07546774545364,18.520533340662347,108.43494882292201,178.6677801461303,70.23283132320829,161.5340878790861,17.232797670652452,100.4914770123316,180.0,79.5085229876684,157.7523216133105,15.65497126569945,102.52880770915151,180.0,77.47119229084849,134.18480003285057,18.921040363065107,97.94347181059041,168.69006752597977,70.74659571538936,143.73455818309588,17.493744260837133,88.05851360908562,173.08877288097534,85.03025927188972,151.33833268038305,14.22073919780355,118.61045966596524,178.60281897270391,59.99235930673868,154.55071784535556,8.81589144091474,139.67013035930097,172.4053566314086,32.73522627210764,20.605352576351297,14.78881730741934,15.55654482620944,12.279401009188247,18.572652638013043,15.3306102803826,23.31193503866905,16.320969808930233,1.9667741026776075,1.9667741026776075,0.5545998091599078,0.9728807874839753,2.0337872023809527,1.0,1.0
C:\Users\Gabe\OneDrive\Desktop\CISC\CISC442\cisc-442-final\videos\cisc442 dog videos\CCL Cases\Jasper Benson 913593\Jasper Gait Videos\Jasper Benson_Visit2_Baseline_9-17-24\IMG_7394.MOV,Jasper Benson 913593,Jasper Benson,1,115.6929057917034,16.55500874825155,83.6598082540901,176.8778695378842,93.21806128379411,129.19777892962526,19.393003062766365,76.67546873810922,169.72666935837074,93.05120062026153,156.31268410038714,14.263890847301395,121.9543629370514,179.3338000298179,57.379437092766494,150.469704875253,15.376191223413086,113.36071735742978,177.4738830883804,64.11316573095063,161.55535043078433,12.463073446749654,105.25511870305778,178.85423716182453,73.59911845876675,158.28976240947364,17.42889318894626,85.23635830927383,180.0,94.76364169072617,137.321232261439,18.059696546443572,82.23483398157467,177.27368900609366,95.038855024519,147.1813527001287,20.62049991778816,100.00797980144135,178.698047327421,78.69006752597964,121.95744877871117,16.472614724943206,93.3664606634298,165.9637565320735,72.59729586864368,150.92067963611237,7.390330626294444,136.9414863909144,169.26110289909454,32.31961650818013,23.274621311143402,17.687014029397645,14.226719119902516,9.366300323869474,14.200888253220777,13.584287511795358,26.99343397233185,17.685140979810004,2.418814924663993,1.9350519397311945,0.7946280065819104,0.5084539837363006,2.067127976190476,1.0,0.0
C:\Users\Gabe\OneDrive\Desktop\CISC\CISC442\cisc-442-final\videos\cisc442 dog videos\CCL Cases\Jasper Benson 913593\Jasper Gait Videos\Jasper Benson_Visit2_Baseline_9-17-24\IMG_7395.MOV,Jasper Benson 913593,Jasper Benson,1,117.73056326660728,16.818638421683016,75.96375653207353,179.99999879258172,104.03624226050819,137.33861385649453,20.887061852609385,96.3401917459099,180.0,83.6598082540901,163.07045254466703,18.10875481800947,92.17474411461005,179.99999914622634,87.8252550316163,145.62330283659836,21.0447075265318,90.0,179.70002483769636,89.70002483769636,160.63650715593525,14.761396756314454,115.55996517182382,180.0,64.44003482817618,157.69121750684548,14.757486476595098,112.61986494804043,180.0,67.38013505195957,140.5286904419061,20.329793432527264,75.32360686254998,178.21008939175414,102.88648252920416,142.59245125887077,18.299655494594052,88.99491399474583,180.0,91.00508600525417,134.41835327414583,14.677226359843209,105.72474572274743,166.32869286780416,60.603947145056736,152.49181429047283,22.246807262683266,31.429565614838516,171.869897645844,140.44033203100548,24.239365668438413,14.930020660571545,22.100051198156383,16.363242714813445,18.892565316252725,12.288684936302309,22.050672530063633,17.624989592193597,2.1122618873405106,2.1122618873405106,0.8309350078086563,1.348278704717722,2.367130718954248,1.0,1.0
C:\Users\Gabe\OneDrive\Desktop\CISC\CISC442\cisc-442-final\videos\cisc442 dog videos\CCL Cases\Jasper Benson 913593\Jasper Gait Videos\Jasper Benson_Visit2_Baseline_9-17-24\IMG_7396.MOV,Jasper Benson 913593,Jasper Benson,1,120.64823280901544,18.683395954657186,88.31531568210372,180.0,91.68468431789628,128.4434435631797,25.029851123018517,51.91122711902468,180.0,128.0887728809753,162.88148070680862,13.589339011060966,128.453709216706,179.7347436566239,51.2810344399179,150.7391884530178,16.942460494080763,108.84461544389598,177.87890360333856,69.03428815944258,154.1248660751389,18.384786931496492,92.33730585912382,180.0,87.66269414087618,155.78179698099603,16.715599371679094,93.17983011986423,180.0,86.82016988013577,140.54040986802278,16.349790836029342,99.00850374202516,177.8789036033384,78.87039986131323,152.10292614884924,16.389605653710248,106.60698057861701,180.0,73.39301942138299,118.89924137506507,17.074207899129007,87.70938995736148,172.87498365109823,85.16559369373675,147.09097420073377,14.028446678946922,45.00000000000001,165.6506679570529,120.65066795705289,24.056745605536925,18.46600516433525,17.140947141952363,12.124185679163189,20.110302106082994,15.507673593818527,23.152798966123182,16.66837773131897,1.9995919200163232,1.9995919200163232,0.9889695855949318,0.5462855470288723,3.000612244897959,1.0,0.0
C:\Users\Gabe\OneDrive\Desktop\CISC\CISC442\cisc-442-final\videos\cisc442 dog videos\CCL Cases\Jasper Benson 913593\Jasper Gait Videos\Jasper Benson_Visit2_Baseline_9-17-24\IMG_7397.MOV,Jasper Benson 913593,Jasper Benson,1,121.61967350983623,18.12160442182072,90.0,169.939310204677,79.93931020467701,139.34588055786995,19.062522945423364,94.57392125990086,179.99999914622634,85.42607788632549,161.1111923087708,14.205160842136747,112.83365417791754,180.0,67.16634582208246,146.89617283474726,17.944783733764854,86.31937782696956,178.8426669318708,92.52328910490125,158.48512119658477,14.532377981876456,102.0947570770121,178.78112476486868,76.68636768785657,161.5704826239942,14.023196881401192,85.0302592718897,180.0,94.9697407281103,139.43452646173512,16.761004380106453,105.42216131873867,171.67434966957316,66.25218835083449,142.59624387059964,18.508943038327544,83.6598082540901,175.6012946450045,91.94148639091439,137.19177730927555,13.987422184648164,113.19859051364818,175.42607874009911,62.22748822645093,153.4529471194879,21.65353798070378,14.53445508054013,174.80557109226527,160.27111601172513,23.005980532695105,14.756879400662498,17.156374519253163,11.674407012658996,14.620092203587143,13.047385492117236,22.04828213909435,15.356954671548891,2.367988937861896,2.367988937861896,0.8642481390550311,0.9390037999469497,2.533795620437956,1.0,1.0
C:\Users\Gabe\OneDrive\Desktop\CISC\CISC442\cisc-442-final\videos\cisc442 dog videos\CCL Cases\Jasper Benson 913593\Jasper Gait Videos\Jasper Benson_Visit2_Baseline_9-17-24\IMG_7398.MOV,Jasper Benson 913593,Jasper Benson,1,120.53817578141526,14.851521451959831,93.94518622903756,158.19859051364818,64.25340428461062,127.72588864019144,20.662900381225285,53.13010235415597,180.0,126.86989764584402,159.70939436405402,13.714444635749135,124.88463867593283,180.0,55.115361324067166,150.02067808060457,14.859148734046496,111.68577739407127,177.72239104166607,66.0366136475948,157.34940799153088,18.244344164543136,100.61965527615513,180.0,79.38034472384487,155.10189578072806,17.138674907778178,77.47119229084849,180.0,102.52880770915151,131.81216466174217,17.90433853527367,86.38611924799636,168.6900675259798,82.30394827798344,147.57888088579492,18.198092645450462,100.00797980144135,179.45434240658417,79.44636260514282,121.3504699336607,11.175917433038716,93.31778116833485,161.56505117707798,68.24727000874313,146.57067002944441,6.768842261255067,133.1159497689082,168.29356327084668,35.17761350193848,18.378796430227403,16.44943049491518,17.592474565595484,12.65286880212962,18.024972838015167,14.461137523880538,27.02069806268813,19.182374875673627,2.249613468476207,2.249613468476207,0.8413975474969868,0.8465716671697339,2.6671248568155783,1.0,0.0
C:\Users\Gabe\OneDrive\Desktop\CISC\CISC442\cisc-442-final\videos\cisc442 dog videos\CCL Cases\Jasper Benson 913593\Jasper Gait Videos\Jasper Benson_Visit2_Baseline_9-17-24\IMG_7400.MOV,Jasper Benson 913593,Jasper Benson,1,114.80808161061788,43.94582485487916,15.945395900922879,180.0,164.05460409907712,144.91588322478185,22.837920208697252,90.0,171.86989764584405,81.86989764584405,149.26628159874463,13.916928123191,127.63525375501736,168.6900675259798,41.05481377096244,131.56105062737726,20.075117496537732,88.30910273704966,170.53767779197432,82.22857505492466,150.3096506642601,12.351079295444391,125.31121343963319,162.89727103094762,37.58605759131443,160.2343580336851,15.057432209635596,135.0,174.80557109226527,39.80557109226527,147.60181770111686,20.541585656038325,119.29136217098426,178.45184230102203,59.16048013003777,139.1203859460837,12.989623371059995,124.61114218453041,164.23281745752436,39.621675272993954,106.50667297829854,20.71221421640453,87.47917209228984,166.32542945267338,78.84625736038353,97.88428904252291,25.006625566444207,16.79550551142593,129.20720350496785,112.41169799354192,33.27266408400185,26.65565551680873,27.75471462804072,21.17530474239886,14.936936780591346,7.820912063588362,8.676932495898624,9.017243481632963,,0.5998884965619774,0.2778998844210708,2.814875146723422,1.6669764560099132,1.0,0.0
C:\Users\Gabe\OneDrive\Desktop\CISC\CISC442\cisc-442-final\videos\cisc442 dog videos\CCL Cases\Jasper Benson 913593\Jasper Gait Videos\Jasper Benson_Visit2_Baseline_9-17-24\IMG_7402.MOV,Jasper Benson 913593,Jasper Benson,1,160.4770605459937,17.093311041488157,102.9946167919165,180.0,77.0053832080835,144.0287287186408,25.877821971380982,5.710593137499568,169.38034472384484,163.66975158634528,140.53600084208637,16.18687091720799,104.74356283647074,169.140496764678,64.39693392820726,143.16609107620025,17.595257216155417,87.70938995736148,172.4053566314086,84.69596667404713,168.28974067483063,11.977295388671537,108.43494882292201,180.0,71.56505117707799,166.11977058269852,10.883213252467927,138.75172907052598,180.0,41.24827092947402,128.7028019757675,15.982951611825577,102.89374404488217,165.6506679570529,62.75692391217072,149.1721989924711,16.78145044669568,91.04162667600998,179.99999879258172,88.95837211657174,104.06786973181175,28.236713386786697,39.559667968994496,161.565051177078,122.00538320808352,123.01555941324467,21.62822439573947,81.86989764584403,165.65066795705286,83.78077031120883,26.34265992306715,25.140182449611796,20.03460839507906,14.838579007469397,11.58547598725401,7.999930650528827,27.37889963159573,16.820580677677828,0.9372971218351005,1.874594243670201,1.2248489204363888,1.0438035328896127,2.133795093795094,1.0,0.0
C:\Users\Gabe\OneDrive\Desktop\CISC\CISC442\cisc-442-final\videos\cisc442 dog videos\CCL Cases\Jasper Benson 913593\Jasper Gait Videos\Jasper Benson_Visit2_Baseline_9-17-24\IMG_7404.MOV,Jasper Benson 913593,Jasper Benson,1,156.77517122701025,20.404026583975487,90.0,180.0,90.0,139.1372040768392,32.43908545058508,2.1359155478563836,172.87498365109823,170.73906810324186,125.80397488855651,13.222094336440787,106.3610774553463,156.5953104489677,50.23423299362139,134.0185354060612,56.52511912789383,3.1912447585246553,175.8935028348296,172.70225807630496,165.69256140373167,10.655545527158434,141.1155035662854,180.0,38.88449643371459,165.1320618090495,13.829309700456024,120.96375653207352,180.0,59.03624346792648,131.90999334164462,19.651526235593618,96.48307369289724,166.6075022462489,70.12442855335168,152.06775356923208,15.038401716347915,114.34108993669251,176.83963837395447,62.49854843726196,124.4039288680594,39.30690596009685,68.64007322792163,177.87890360333873,109.2388303754171,128.56050785385824,38.69816424811984,53.13010235415599,180.0,126.86989764584402,28.608381746815976,29.706588995447675,43.84179619808837,35.39886100936013,12.361027545160779,11.22487344473785,22.34120037291783,12.73132759139512,0.42848708072089303,0.42848708072089303,1.2105896160478746,1.6284104309565974,2.3337926509186353,0.8428571428571429,0.0
C:\Users\Gabe\OneDrive\Desktop\CISC\CISC442\cisc-442-final\videos\cisc442 dog videos\CCL Cases\Jasper Benson 913593\Jasper Gait Videos\Jasper Benson_Visit2_Baseline_9-17-24\IMG_7413.MOV,Jasper Benson 913593,Jasper Benson,1,153.56996840927408,18.787574490514277,105.49927537650085,178.1523897340055,72.65311435750466,149.82095822381052,16.16493184239393,108.43494882292201,180.0,71.56505117707799,141.82936169818348,25.14702864088561,105.46121774044191,178.21008939175414,72.74887165131223,145.25164878676568,17.215725276480928,117.75854060106003,180.0,62.241459398939966,172.97683028687095,6.30155798428264,148.67130713219584,180.0,31.328692867804165,166.83491674630284,13.146577815799885,116.56505117707799,180.0,63.43494882292201,128.69393301510127,15.11808176315828,105.25511870305778,162.34987578006988,57.094757077012105,144.12068527743068,11.57113844443228,120.96375653207352,172.87498365109818,51.91122711902466,97.29088193285767,39.120908570424476,8.13010235415596,177.87890360333856,169.7488012491826,119.30450305098024,31.229554090548508,68.19859051364818,179.99999914622634,111.80140863257816,23.098507805501455,14.76400298258008,33.399479444866714,16.622200287820693,9.99432726230246,11.45058563818588,19.92106082532228,10.447743123403814,0.4410875416483868,0.4410875416483868,1.0865085561142491,1.2277852558907338,2.2671236559139785,0.9852941176470589,0.0
C:\Users\Gabe\OneDrive\Desktop\CISC\CISC442\cisc-442-final\videos\cisc442 dog videos\CCL Cases\Jasper Benson 913593\Jasper Gait Videos\Jasper Benson_Visit2_Baseline_9-17-24\IMG_7414.MOV,Jasper Benson 913593,Jasper Benson,1,154.3946300004286,22.21860547188687,71.56505117707799,177.27368900609395,105.70863782901596,155.93784764434113,18.65695634460294,90.0,180.0,90.0,139.80093982271197,21.742196999268348,91.2188752351313,178.78112476486868,87.56224952973737,151.88691553255725,18.660120831077666,113.65421335091024,179.77531182037822,66.12109846946798,159.4656391362156,18.112892499256947,107.10272896905236,180.0,72.89727103094764,164.52924142935942,14.51216463053923,116.56505117707799,180.0,63.43494882292201,139.45738874871003,20.030488517047804,101.30993247402021,175.8150838748816,74.50515140086138,167.438037528304,11.158807882714525,130.0302592718897,180.0,49.96974072811031,160.87298200835826,12.016740851906679,140.9061411137705,180.0,39.0938588862295,130.1712714134353,27.308233649706697,63.43494882292201,177.77603875961452,114.34108993669251,14.110438909035484,13.249373771077607,28.394779195382675,15.844977267437951,18.165397044933187,16.710307441538927,33.764526523864575,20.500342197941784,0.6248788994380934,0.6248788994380934,1.0900000743697593,0.829553843203062,1.60031007751938,1.0,1.0
C:\Users\Gabe\OneDrive\Desktop\CISC\CISC442\cisc-442-final\videos\cisc442 dog videos\CCL Cases\Jasper Benson 913593\Jasper Gait Videos\Jasper Benson_Visit2_Baseline_9-17-24\IMG_7415.MOV,Jasper Benson 913593,Jasper Benson,1,153.05398786510995,19.320361019980545,114.22774531795419,180.0,65.77225468204581,156.37443986411677,21.956404847447153,97.76516601842535,180.0,82.23483398157465,136.95555725933403,15.88570078553003,106.66347908288793,177.79740183823435,71.13392275534642,139.5593899673254,18.02991587783712,101.93560254326745,172.87498365109818,70.93938110783073,165.75836184482995,15.535652356984102,104.03624346792648,180.0,75.96375653207352,165.87031035793177,14.702159569148423,90.0,180.0,90.0,131.58709609072542,14.033991809692054,99.86580694308438,159.98123960621604,60.11543266313166,147.7817352086877,13.50644784225739,118.30075576600638,178.6677801461303,60.36702438012392,98.40390728804226,37.094137194198844,6.73601121411933,180.0,173.26398878588066,128.4088920414226,30.24950793907395,66.80140948635182,180.0,113.19859051364818,23.88957474816036,16.155313204967715,18.78972399122157,13.187374011979692,8.951777132744677,9.2967947203384,19.36221402624384,13.468765833539463,2.142381058177548,2.142381058177548,1.0527241398629945,1.3081347256519054,1.400311111111111,1.0,0.0
C:\Users\Gabe\OneDrive\Desktop\CISC\CISC442\cisc-442-final\videos\cisc442 dog videos\CCL Cases\Jasper Benson 913593\Jasper Gait Videos\Jasper Benson_Visit2_Baseline_9-17-24\IMG_7416.MOV,Jasper Benson 913593,Jasper Benson,1,160.78884131415717,13.709787003355647,139.7636416907262,180.0,40.23635830927381,155.39968713143753,18.133491139491117,124.69515353123397,180.0,55.30484646876603,120.23164148048586,14.669901688900488,98.13010235415598,161.565051177078,63.434948822922024,134.56844755732033,31.27458099046941,69.07549825507883,173.08877288097534,104.01327462589651,101.7727706618368,53.55390919120858,5.1944289077348,161.565051177078,156.37062226934322,172.8148722841666,7.087485688100628,153.434948822922,180.0,26.565051177078004,145.4494054654803,23.71721858357869,109.98310652189998,168.6900675259798,58.706961004079815,161.63061543619756,15.600716916237674,115.82099197418928,180.0,64.17900802581072,151.02900332280643,29.260584904217012,52.85331330197821,179.27782253845552,126.42450923647732,135.7688332834308,24.103855851619883,57.724355685422374,168.21947622308457,110.49512053766219,22.407732267080053,13.06649100855563,30.169200768506954,19.377724045258194,65.57509095021169,54.04017087316417,27.62513053038381,24.329753776934954,1.1109175714645145,1.1109175714645145,1.0722538857331494,0.43966748297414976,0.9001567944250871,1.0,1.0
C:\Users\Gabe\OneDrive\Desktop\CISC\CISC442\cisc-442-final\videos\cisc442 dog videos\CCL Cases\Reggie Bell 927479\Reggie Bell Gait Videos\Reggie Bell_Visit2_Day1-Baseline_6-17-24\IMG_6141 2.MOV,Reggie Bell 927479,Reggie Bell,1,127.35632236322155,25.253142749780867,53.13010235415599,173.88449643371456,120.75439407955858,131.17876895386652,14.993250044889198,100.4914770123316,172.87498365109823,72.38350663876663,143.6932153524149,17.67413681596746,103.91249467652003,173.88449643371456,69.97200175719453,157.0044220517281,21.248296084394784,68.87528085392752,178.15238973400508,109.27710888007756,163.1111773510702,16.44651233082508,106.85839876773828,180.0,73.14160123226172,152.04918501562872,18.445751057187383,81.86989764584403,180.0,98.13010235415597,128.95459636126307,15.689269652150758,88.95837332399003,175.03025927188972,86.07188594789969,159.42261401063598,16.712681168560678,109.6538240580533,180.0,70.3461759419467,92.07183863523326,24.518315286238195,60.36161631184867,147.52880770915152,87.16719139730284,149.75882287472118,14.995158585519283,91.36392753160293,178.88398960859305,87.52006207699013,22.514426803446298,19.692178941786967,22.755979277041767,15.296811130816907,22.36861659296361,17.33507122960989,34.779573894410916,18.1776516362332,0.30612244897959184,0.30612244897959184,1.3147513211070885,1.188973060826161,3.2666666666666666,1.0,0.0
C:\Users\Gabe\OneDrive\Desktop\CISC\CISC442\cisc-442-final\videos\cisc442 dog videos\CCL Cases\Reggie Bell 927479\Reggie Bell Gait Videos\Reggie Bell_Visit2_Day1-Baseline_6-17-24\IMG_6143 2.MOV,Reggie Bell 927479,Reggie Bell,1,135.5797620158005,21.966519136996308,63.43494882292201,180.0,116.56505117707799,131.99527325512886,16.383336913351446,84.0938588862295,180.0,95.9061411137705,147.97859548679236,14.025787334053323,111.92958775017536,174.92039213998552,62.990804389810165,160.6489309187748,13.642009755584345,123.02386755579664,180.0,56.97613244420336,159.61305965830653,21.23372048124043,63.43494882292201,180.0,116.56505117707799,153.49837619640695,20.45176281359766,71.56505117707799,180.0,108.43494882292201,128.05663600068743,19.12088141557335,87.51044707800085,169.33021719550334,81.81977011750249,156.47986306842202,22.059590478868476,90.0,180.0,90.0,86.71003346426713,28.968879150701053,54.18054195762615,169.50852298766839,115.32798103004224,150.79700708204533,12.79999467013174,81.86989764584403,179.41536947929512,97.54547183345109,23.697276025136368,18.67552818719774,18.614084160753123,13.273182095306138,21.325065175855816,19.133080678569446,39.04981598146277,19.271027524286232,0.3125,0.3125,1.350091421538826,0.7879365979942438,3.2,0.9791666666666666,0.0
C:\Users\Gabe\OneDrive\Desktop\CISC\CISC442\cisc-442-final\videos\cisc442 dog videos\CCL Cases\Reggie Bell 927479\Reggie Bell Gait Videos\Reggie Bell_Visit2_Day1-Baseline_6-17-24\IMG_6144 2.MOV,Reggie Bell 927479,Reggie Bell,1,123.16109121938231,23.013180888446353,47.489552921999156,180.0,132.51044707800085,128.3381393955411,19.462634430100906,81.86989764584403,180.0,98.13010235415597,152.3716898054973,15.930027805103187,108.43494882292201,178.65737597346194,70.22242715053993,148.94835220805024,22.929156066491693,69.62356478616361,178.86557836902355,109.24201358285994,161.9798543572216,16.27908900882313,109.6538240580533,180.0,70.3461759419467,159.69894015739433,15.662209142073143,90.0,180.0,90.0,133.68954978258924,17.767233466154366,98.13010235415598,171.86989764584405,73.73979529168807,138.28122589147057,21.845172829255233,92.72631099390627,177.53188208617152,84.80557109226525,133.0530562971472,15.456446508692624,94.96974072811031,171.869897645844,76.90015691773368,158.8474582060741,5.661948968712584,145.28537797494747,178.95837332398983,33.67299534904237,25.585442749251786,21.759406727173094,21.70448336732317,16.374245180953302,18.151628524220794,16.465123980201323,25.02484410473051,17.339516108199447,1.923076923076923,1.5384615384615383,1.1422147769530202,1.047845107807613,2.6,1.0,1.0
C:\Users\Gabe\OneDrive\Desktop\CISC\CISC442\cisc-442-final\videos\cisc442 dog videos\CCL Cases\Reggie Bell 927479\Reggie Bell Gait Videos\Reggie Bell_Visit2_Day1-Baseline_6-17-24\IMG_6145 2.MOV,Reggie Bell 927479,Reggie Bell,1,132.36530342505728,19.387936992591516,75.96375653207353,171.1581854398084,95.19442890773486,122.50665397847933,24.80479358728668,26.565051177077994,180.0,153.434948822922,147.93347161870787,19.48846041596905,71.56505117707799,170.96051719664487,99.39546601956688,154.86721283349453,18.84746377664603,62.38162109858792,180.0,117.61837890141209,161.4749463932619,18.245563888209364,93.3664606634298,180.0,86.6335393365702,153.16818292822788,22.592728293100553,71.56505117707799,180.0,108.43494882292201,130.87580289618217,17.690462068011463,86.63353933657021,177.02626891751984,90.39272958094963,154.1211193564415,21.324623943305568,85.60129464500447,180.0,94.39870535499553,118.12434870956257,11.908576112425507,90.0,157.24902365721238,67.24902365721238,154.62254209703025,9.259734225129245,129.28940686250036,172.87498365109818,43.58557678859782,25.527578125343304,22.20030977756649,17.49728576378398,13.968091604776454,22.27632181804362,21.076321556360014,33.20847526725304,22.608382948076574,0.4166666666666667,0.4166666666666667,1.3346664102496748,0.7283788108266382,2.4,1.0,0.0
C:\Users\Gabe\OneDrive\Desktop\CISC\CISC442\cisc-442-final\videos\cisc442 dog videos\CCL Cases\Reggie Bell 927479\Reggie Bell Gait Videos\Reggie Bell_Visit2_Day1-Baseline_6-17-24\IMG_6146 2.MOV,Reggie Bell 927479,Reggie Bell,1,130.018772983592,23.829427717768517,71.56505117707799,180.0,108.43494882292201,124.41386237518326,19.362053600536356,76.67546873810922,179.48383577023506,102.80836703212584,150.40179452476005,18.06021448341632,76.80353680778153,178.15238973400508,101.34885292622356,152.89797418934472,18.81564268281595,98.13010235415598,180.0,81.86989764584402,157.7440211833446,17.433793343956175,80.53767779197439,180.0,99.46232220802561,156.13541056229636,15.756665825708406,90.0,180.0,90.0,136.91504328935423,20.568482637210913,91.33221985386963,176.82016988013575,85.48795002626612,139.8942334158637,20.86074766447776,93.1221304621157,180.0,86.8778695378843,131.62936884637926,15.248388667364328,95.06361685303008,173.6598082540901,78.59619140106003,157.49691112652346,6.09088641420945,142.6433780714796,170.2724214485984,27.62904337711882,28.93737692798122,18.0356741953789,23.017045314082317,14.66950599798185,19.132115729176192,15.62176426150747,26.6696047690381,15.981109263570964,1.6,1.6,0.9376971461810701,1.3109787660957777,2.5,1.0,1.0
C:\Users\Gabe\OneDrive\Desktop\CISC\CISC442\cisc-442-final\videos\cisc442 dog videos\CCL Cases\Reggie Bell 927479\Reggie Bell Gait Videos\Reggie Bell_Visit2_Day1-Baseline_6-17-24\IMG_6147 2.MOV,Reggie Bell 927479,Reggie Bell,1,131.41274105016342,25.566864065975565,42.27368900609374,180.0,137.72631099390625,129.03530458176903,25.972010256814276,18.434948822922017,175.60129464500443,157.1663458220824,143.1839909098686,21.797333186274074,28.17859010995918,172.31859968141615,144.14000957145697,153.6736791110995,23.65524160111254,28.442928624363358,179.70002483769636,151.257096213333,159.23438097797697,20.933547715466357,69.14554196042165,180.0,110.85445803957835,153.23457565828926,20.20064769202098,68.40468955103232,180.0,111.59531044896768,129.44219765146056,19.20292665969968,90.0,180.0,90.0,154.61603094928665,18.5951987277597,106.76255446183275,180.0,73.23744553816725,115.62322192140488,15.429522194412302,80.81945804237385,166.6754687381092,85.85601069573535,150.3989828856018,12.338458230683138,98.9726266148964,171.4222834749835,72.44965686008709,24.76455574708594,20.89613513382557,28.32642697762534,21.506453166893316,22.616399698825905,20.894669683565755,34.62864300548591,21.82568628739518,0.5504587155963303,0.5504587155963303,1.1941623370187546,1.2564559262571733,3.6333333333333333,0.9908256880733946,0.0
C:\Users\Gabe\OneDrive\Desktop\CISC\CISC442\cisc-442-final\videos\cisc442 dog videos\CCL Cases\Reggie Bell 927479\Reggie Bell Gait Videos\Reggie Bell_Visit2_Day1-Baseline_6-17-24\IMG_6148 2.MOV,Reggie Bell 927479,Reggie Bell,1,131.06130211460453,17.975192343243844,93.1221304621157,173.65980825409005,80.53767779197435,130.17033274247933,17.125371652021016,83.6598082540901,180.0,96.3401917459099,151.33827577899854,14.570651613180408,114.22774531795417,176.80541053488955,62.57766521693537,153.32534308182485,16.86011408387209,115.3461759419467,180.0,64.6538240580533,156.3241668591813,19.60406507416827,104.03624346792648,180.0,75.96375653207352,157.0991698933334,16.865814485411462,90.0,180.0,90.0,134.1383987019523,18.88104947716772,90.0,180.0,90.0,142.90082101097332,19.7504095719299,93.1221304621157,180.0,86.8778695378843,129.5039346212252,12.257657216776318,112.47943439710312,175.60129464500432,63.121860247901196,158.7196461549537,5.317016040702225,145.28537797494747,171.2538377374448,25.968459762497332,22.193795959848426,16.187335108111462,21.68507289290887,12.403389153160926,21.34213508929072,17.980415595849482,24.81728902390504,15.863816304559814,1.6216216216216215,1.6216216216216215,0.6401596691458191,1.427739305269169,2.466666666666667,1.0,1.0
C:\Users\Gabe\OneDrive\Desktop\CISC\CISC442\cisc-442-final\videos\cisc442 dog videos\CCL Cases\Reggie Bell 927479\Reggie Bell Gait Videos\Reggie Bell_Visit2_Day1-Baseline_6-17-24\IMG_6149 3.MOV,Reggie Bell 927479,Reggie Bell,1,133.81079407678396,20.317580643694903,57.52880770915152,172.87498365109815,115.34617594194663,128.3996013126006,26.28222984140097,45.00000000000001,172.87498365109815,127.87498365109815,139.92991258165046,30.434732116318628,21.80140948635181,173.30873556744766,151.50732608109584,150.49715355374835,23.157297878612543,89.07595464722729,180.0,90.92404535277271,157.325680367136,26.617951422988952,45.00000000000001,180.0,135.0,154.78334227281027,17.945938921333255,97.76516601842533,180.0,82.23483398157467,130.1900674562227,21.28919405540121,45.00000000000001,169.38034472384487,124.38034472384487,147.70054478328265,19.31355008677559,103.67130713219584,180.0,76.32869286780416,124.73700341997774,15.632141493926943,104.20676611776037,176.2686030008395,72.06183688307914,155.1759722606536,7.728699067275612,143.4612881425714,175.6012946450045,32.140006502433096,27.17159449228223,19.884847474096205,27.859663428019655,20.142132335554166,24.76884213058389,22.19601641569313,28.92549985426186,19.479667371842876,0.4109589041095891,0.4109589041095891,1.0139389977539026,2.2632761074662273,2.433333333333333,1.0,0.0
C:\Users\Gabe\OneDrive\Desktop\CISC\CISC442\cisc-442-final\videos\cisc442 dog videos\CCL Cases\Reggie Bell 927479\Reggie Bell Gait Videos\Reggie Bell_Visit2_Day1-Baseline_6-17-24\IMG_6150 3.MOV,Reggie Bell 927479,Reggie Bell,1,128.69079216831116,20.946916454237936,81.02737338510362,177.27368900609378,96.24631562099016,129.6099770505294,16.111059565643558,83.45370921670597,157.38013505195957,73.9264258352536,150.6416036927051,19.04110501542169,69.44395478041653,179.18154453831096,109.73758975789443,154.29820160600923,17.702632294959194,115.3461759419467,179.42127443439267,64.07509849244597,156.18871489612462,18.443687158139976,82.87498365109822,180.0,97.12501634890178,156.52561714026368,15.156485653085088,96.3401917459099,180.0,83.6598082540901,134.37256476370445,18.549354709979024,94.18491612511842,180.0,85.81508387488158,142.15476397385385,20.747734802590156,87.47388308838046,177.27368900609378,89.79980591771331,139.36732779978317,13.975905839352778,109.23067237566129,177.3974377975002,68.16676542183892,160.2284206360896,6.234270773683904,145.22216863363613,175.7718172948383,30.549648661202184,23.972088082536168,16.25076583557245,24.681249627466205,14.527515775348595,21.33142690231401,16.787589765323546,24.3540738514306,17.427946977040982,1.6438356164383563,1.6438356164383563,1.5061700907894324,1.3673662221247016,2.433333333333333,1.0,1.0
C:\Users\Gabe\OneDrive\Desktop\CISC\CISC442\cisc-442-final\videos\cisc442 dog videos\CCL Cases\Reggie Bell 927479\Reggie Bell Gait Videos\Reggie Bell_Visit2_Day1-Baseline_6-17-24\IMG_6151 3.MOV,Reggie Bell 927479,Reggie Bell,1,132.5756151808977,25.370795392016355,14.036243467926484,180.0,165.96375653207352,131.70330338800588,14.664168818499158,90.0,180.0,90.0,144.02333572286955,19.4771693213199,89.23610153907,178.69804732742128,89.46194578835127,154.1695970342336,22.530808684709648,24.623564786163595,179.16565442445304,154.54208963828944,161.8231333951481,15.128315487295954,102.52880770915151,180.0,77.47119229084849,151.184970749808,20.151932942248326,63.43494882292201,180.0,116.56505117707799,129.90699484468908,15.404250727110485,83.8844964337146,161.565051177078,77.6805547433634,162.1551896089848,16.48673213380496,105.01836063115067,180.0,74.98163936884933,97.17570332526343,19.763384915616143,60.25511870305777,143.13010235415598,82.8749836510982,149.4004926139326,11.22602280390636,97.1250163489018,173.77905007884033,76.65403372993853,18.347199336481804,15.224248388020483,24.110204875273958,17.465261565494718,21.649672974947045,18.14001007435919,34.67566049415041,19.846494868231964,0.3125,0.3125,1.2025830626172402,0.5936605534692142,3.2,0.9895833333333334,0.0
C:\Users\Gabe\OneDrive\Desktop\CISC\CISC442\cisc-442-final\videos\cisc442 dog videos\CCL Cases\Reggie Bell 927479\Reggie Bell Gait Videos\Reggie Bell_Visit2_Day1-Baseline_6-17-24\IMG_6154 3.MOV,Reggie Bell 927479,Reggie Bell,1,130.25779458972968,25.654872718276053,26.565051177078008,180.0,153.434948822922,129.4185789087186,18.483695656593977,75.96375653207353,175.4260787400992,99.46232220802567,146.15691900249894,20.5728543239498,53.70737027152042,177.65586752593035,123.94849725440993,146.49853615529435,23.20816821539216,76.10880882854515,178.97084519569427,102.86203636714912,159.38897452004213,15.678509401123776,102.52880770915151,180.0,77.47119229084849,156.28887977359727,17.08369222647209,85.0302592718897,180.0,94.9697407281103,139.88676157090433,18.31015979465925,97.1250163489018,174.8055710922652,77.68055474336342,140.60355826339517,21.17248965756052,91.33221985386963,180.0,88.66778014613037,132.2604416253975,14.575940840155432,108.12186024790135,178.05851360908585,69.9366533611845,159.59792728742957,6.337663382002878,146.07020257793937,177.27368900609395,31.203486428154577,25.126253391105283,17.057917236873244,24.52707125528757,14.655759531098838,19.594717013124612,16.01124223608464,23.902752653537608,17.1414037760856,0.375,0.375,0.8155202502396819,0.9376722721241354,2.6666666666666665,1.0,1.0
C:\Users\Gabe\OneDrive\Desktop\CISC\CISC442\cisc-442-final\videos\cisc442 dog videos\CCL Cases\Reggie Bell 927479\Reggie Bell Gait Videos\Reggie Bell_Visit2_Day1-Baseline_6-17-24\IMG_6155 3.MOV,Reggie Bell 927479,Reggie Bell,1,138.96524857595307,20.086105840551046,90.0,180.0,90.0,132.66988216950796,20.187526229928046,59.65675111576043,175.6012946450045,115.94454352924406,142.85932130121535,16.46965675184062,104.03624346792648,173.99099404250546,69.95475057457898,150.372137245672,26.224236599364232,42.51044707800084,180.0,137.48955292199918,156.6017450363974,22.164516274871662,71.56505117707799,180.0,108.43494882292201,155.78565209274413,17.70326640739961,94.39870535499554,180.0,85.60129464500446,127.35631196940194,20.571822119353744,73.09257661929092,164.93151184050777,91.83893522121684,154.47012004855085,16.091034685711193,119.74488129694222,180.0,60.255118703057775,115.58447690327282,11.976361192493695,90.0,156.80140948635182,66.80140948635182,155.9175673404499,9.562963326779963,109.65382405805332,172.3718503314193,62.71802627336598,22.362599287397128,16.56038179431564,27.54534510331856,20.74536360170598,23.225226170091926,19.015418757182058,32.61818533823736,21.960872677003326,0.3529411764705882,0.3529411764705882,1.076509742829826,0.686145017726253,2.8333333333333335,1.0,0.0
C:\Users\Gabe\OneDrive\Desktop\CISC\CISC442\cisc-442-final\videos\cisc442 dog videos\CCL Cases\Reggie Bell 927479\Reggie Bell Gait Videos\Reggie Bell_Visit2_Day1-Baseline_6-17-24\IMG_6156 3.MOV,Reggie Bell 927479,Reggie Bell,1,128.39592841060153,20.626295096154504,71.56505117707799,180.0,108.43494882292201,132.6481023326189,17.146107652524545,73.14160123226172,173.45370921670602,100.3121079844443,150.69639852188124,16.926802009904417,100.37584492005105,180.0,79.62415507994895,148.5402704030563,21.648064708128263,70.23283132320836,179.050433143564,108.81760182035563,156.13660153218862,17.250091967982947,98.13010235415598,180.0,81.86989764584402,155.05867646938228,17.852639496512072,90.0,180.0,90.0,139.92231283711922,17.839846414543608,91.6846843178963,177.27368900609366,85.58900468819736,139.99438325709323,23.716911808983873,86.82016988013577,177.6467031338918,90.82653325375604,124.47552059035185,25.173377703446903,8.84181456019167,178.21008939175394,169.36827483156227,161.2856898187967,7.603440702076878,141.92721812600917,175.44623202084134,33.51901389483217,23.37816202604752,16.788121788325466,24.50969457483936,13.30126566537103,19.713239406028777,15.848924709127386,26.707440014642337,16.487072679656393,0.36585365853658536,0.36585365853658536,0.8844891400630686,0.693193356473059,2.7333333333333334,1.0,1.0
C:\Users\Gabe\OneDrive\Desktop\CISC\CISC442\cisc-442-final\videos\cisc442 dog videos\CCL Cases\Reggie Bell 927479\Reggie Bell Gait Videos\Reggie Bell_Visit2_Day1-Baseline_6-17-24\IMG_6157 3.MOV,Reggie Bell 927479,Reggie Bell,1,133.12701082634038,18.8376211725662,90.0,180.0,90.0,126.69022583180951,20.308305348249654,63.43494882292201,168.11134196037204,104.67639313745003,141.13101526902003,16.28278076009816,101.30993247402021,164.05460409907715,62.74467162505694,156.04309613241105,19.74453702804598,110.69545073406329,178.8655783690229,68.17012763495961,160.5914570621002,19.241405463222108,85.42607874009914,180.0,94.57392125990086,156.1568615385474,19.349629117614008,83.6598082540901,180.0,96.3401917459099,130.01720318670974,18.6931447373514,87.51044707800085,169.50852298766844,81.99807590966759,150.20780196979223,17.316765493396723,115.55996517182382,177.06432655357892,61.5043613817551,121.75303462395985,8.892720522382163,97.73359809902286,147.52880770915152,49.795209610128666,157.65082165603903,7.651306739837717,142.91416450904768,176.18592516570953,33.271760656661854,22.76641667250646,20.158571741835075,25.352619074031555,13.021808142764074,20.585161436220904,17.367021620102488,28.186261186085986,18.78947197023727,0.49180327868852464,0.49180327868852464,1.2305943709447922,1.348669899837241,2.033333333333333,1.0,0.0
C:\Users\Gabe\OneDrive\Desktop\CISC\CISC442\cisc-442-final\videos\cisc442 dog videos\CCL Cases\Reggie Bell 927479\Reggie Bell Gait Videos\Reggie Bell_Visit2_Day1-Baseline_6-17-24\IMG_6158 3.MOV,Reggie Bell 927479,Reggie Bell,1,127.88673052100212,22.816506250168736,47.16107948822638,180.0,132.8389205117736,131.48749651979114,19.055094943575607,88.69804732742112,168.6900675259798,79.99202019855868,153.21271786246658,17.500836365823822,102.52880770915151,180.0,77.47119229084849,148.88534582781463,25.29328020529302,61.85839876773829,180.0,118.1416012322617,159.8882389861546,17.596640695626913,95.71059313749964,180.0,84.28940686250036,161.08624282018985,14.355739415941928,100.40771131249005,180.0,79.59228868750995,146.3867452397181,18.89125558659323,67.16634582208245,178.17203175569503,111.00568593361258,145.2046838532987,19.339242080193202,93.81407483429035,178.55587446906398,84.74179963477363,131.87189724866676,16.501021012503543,105.49927537650085,177.6626941408762,72.16341876437535,163.64229598719555,17.614727192522263,16.26020470831199,180.0,163.739795291688,21.856967106691716,20.185389781854546,23.59536845136743,16.231198849913554,18.207211458868326,16.588398070338393,23.36874979657807,18.815588401254644,0.3448275862068966,0.3448275862068966,0.8840412720104665,0.9984165264002928,2.9,1.0,1.0
C:\Users\Gabe\OneDrive\Desktop\CISC\CISC442\cisc-442-final\videos\cisc442 dog videos\CCL Cases\Reggie Bell 927479\Reggie Bell Gait Videos\Reggie Bell_Visit2_Day1-Baseline_6-17-24\IMG_6162 3.MOV,Reggie Bell 927479,Reggie Bell,1,157.2723704779489,13.582563864655537,120.96375653207352,179.30972280213493,58.34596627006141,154.08809149142402,13.620192409344893,121.68236602705062,178.49256424122512,56.810198214174505,125.31286961596439,17.750644754302286,92.6025622024998,157.3447672913202,64.74220508882041,144.32210293733138,25.36845312878536,106.04426686320363,179.45434240658417,73.41007554338054,164.99303384656716,11.046748148600821,118.30075576600639,180.0,61.69924423399361,163.32336719882662,11.399591958757693,127.23483398157467,180.0,52.76516601842533,149.94966357491515,11.32655038951749,109.94238458169698,175.35492157410837,65.41253699241139,159.7365005986264,8.633110855910743,137.64254529406472,180.0,42.35745470593528,95.07406426537958,75.09864600313728,3.1798301198641643,180.0,176.82016988013584,153.4086955302669,12.343352592103063,106.60698057861701,173.6598082540901,67.0528276754731,13.631966237562215,8.95110624251167,18.86223218877942,14.050059990807773,11.157634160513565,10.57878597834459,13.121852002809261,10.595472191666794,,,0.9084401845367385,0.7255462183749856,3.4,1.0,1.0
C:\Users\Gabe\OneDrive\Desktop\CISC\CISC442\cisc-442-final\videos\cisc442 dog videos\CCL Cases\Reggie Bell 927479\Reggie Bell Gait Videos\Reggie Bell_Visit2_Day1-Baseline_6-17-24\IMG_6170 3.MOV,Reggie Bell 927479,Reggie Bell,1,162.55185074738785,11.985745694454975,130.2363583092738,180.0,49.76364169072619,142.676517276619,21.30746659225447,83.6598082540901,179.57871509583103,95.91890684174093,122.44809901497199,17.21508025547146,89.12627588803284,155.22485943116808,66.09858354313525,114.10652574769388,40.65560323148752,46.68468431789629,179.51030440687018,132.8256200889739,167.96579369840705,11.503400298496398,123.6900675259798,180.0,56.3099324740202,161.8900344234221,11.86318052062031,116.56505117707799,176.82016988013575,60.25511870305776,125.97174493012005,11.695510564071041,96.15516834327401,150.36846332179613,54.213294978522114,162.93132328172086,10.378443095012484,124.50852298766841,179.99999879258172,55.49147580491331,166.9615007845638,9.917248343558299,139.39870535499554,180.0,40.60129464500446,140.53566729181904,6.709089997076289,122.90524292298791,156.1874342231907,33.2821913002028,25.596403718610134,17.587585948797116,29.557545873056682,19.90393547276564,12.978396230876989,11.471007647576867,37.13399540775834,14.953433340842825,0.5357142857142857,0.5357142857142857,0.5313988052053723,1.044143550791094,1.8666666666666667,1.0,1.0
C:\Users\Gabe\OneDrive\Desktop\CISC\CISC442\cisc-442-final\videos\cisc442 dog videos\CCL Cases\Reggie Bell 927479\Reggie Bell Gait Videos\Reggie Bell_Visit2_Day1-Baseline_6-17-24\IMG_6173 3.MOV,Reggie Bell 927479,Reggie Bell,1,163.6315115050452,13.245383642183434,130.36453657309735,180.0,49.635463426902646,161.82606174913323,18.83838762268754,104.03624346792648,180.0,75.96375653207352,131.88065359224353,15.208746836759609,108.59395612843707,167.16439051359853,58.57043438516146,153.93648839714268,23.73055485405949,80.13419305691563,180.0,99.86580694308437,171.4605150644487,7.521089802730362,153.434948822922,180.0,26.565051177078004,163.49736632097685,20.66730197383425,101.30993247402021,180.0,78.69006752597979,112.56467243691053,19.05819526668738,71.56505117707799,151.14433878028348,79.57928760320549,121.48911956106404,25.417492222201563,63.43494882292201,165.96375653207352,102.52880770915151,86.2242144757761,33.7165421890063,9.727578551401624,170.53767779197443,160.8100992405728,114.7763769119844,31.479464682912685,42.220833135927926,171.68235075589368,129.46151761996575,14.39310068654512,15.539930586030524,30.806684954699175,21.49056354442305,18.56417923247288,17.695127115637863,19.653264384589786,15.66006164966534,0.8108108108108107,1.6216216216216215,0.9943797381011016,1.372563140026399,1.2333333333333334,1.0,1.0
C:\Users\Gabe\OneDrive\Desktop\CISC\CISC442\cisc-442-final\videos\cisc442 dog videos\Normals\Basil Arendt 912898\Basil Gait Videos\IMG_7001.MOV,Basil Arendt 912898,Basil Arendt,0,136.99707639385068,19.48612337064379,90.0,169.79602627826833,79.79602627826833,134.46358963914716,22.372146365233913,75.52970589993411,175.60129464500457,100.07158874507046,133.3285473263103,21.68404815154981,99.92624550665171,174.21760767763598,74.29136217098427,140.451256348841,12.501504962472007,119.74488129694222,157.90863459063706,38.16375329369484,159.01614387274282,13.691834880397192,120.96375653207352,180.0,59.03624346792648,160.3347631363458,13.274262015663039,108.43494882292201,180.0,71.56505117707799,131.02452277072166,19.48666145446998,86.63353933657021,179.09777883846925,92.46423950189904,132.33681141388385,17.64020102823333,95.59933933652057,177.39743779750006,81.79809846097949,128.3447901535512,14.820403332141057,105.94539590092286,150.52411099675427,44.57871509583141,157.21285992441355,9.309408096725752,118.07248693585296,169.69515353123398,51.62266659538102,18.760385468131247,17.219229445613493,20.371166093753054,15.233834121500976,14.225175091250481,10.877397892151446,22.446345210347225,15.719113376340944,1.96676814458564,0.49169203614641,0.2889645637763917,0.9322444860633152,2.033793363499246,1.0,0.0
C:\Users\Gabe\OneDrive\Desktop\CISC\CISC442\cisc-442-final\videos\cisc442 dog videos\Normals\Basil Arendt 912898\Basil Gait Videos\IMG_7004.MOV,Basil Arendt 912898,Basil Arendt,0,135.6405259550165,21.17401080194703,65.2825590889166,172.87498365109818,107.59242456218158,127.01887817939947,28.612306498168905,42.27368900609374,175.03025927188972,132.75657026579597,130.90946807116353,15.155782631182774,106.8583987677383,154.24952587268174,47.39112710494345,151.3561236444229,10.282092701262165,134.3883245252862,165.25643716352928,30.868112638243076,160.90124389550468,12.05355500980097,126.02737338510362,177.83892051177367,51.81154712667005,158.9972769938116,12.930656599181395,131.63353933657018,180.0,48.36646066342982,125.886590111833,18.86359466265512,83.6598082540901,158.19859051364818,74.53878225955809,133.10734374674914,15.257456856858088,102.9946167919165,161.07535558394878,58.08073879203228,139.38424644460258,18.531313865161035,113.62937773065683,178.88398960859274,65.25461187793591,154.391723013116,20.52755986020011,19.536654938128375,169.939310204677,150.40265526654863,23.48087166821815,19.474105339806773,25.114667133563024,11.563871846966098,13.938472794763241,10.349182576212373,20.72408079084436,13.174488178193423,2.1047522956870455,1.578564221765284,0.8633033465313552,0.7129083280113765,1.9004611650485437,1.0,0.0
C:\Users\Gabe\OneDrive\Desktop\CISC\CISC442\cisc-442-final\videos\cisc442 dog videos\Normals\Basil Arendt 912898\Basil Gait Videos\IMG_7006.MOV,Basil Arendt 912898,Basil Arendt,0,133.76250056051103,20.762638773827256,69.77514056883192,166.26373169437744,96.48859112554553,128.76019162958713,24.414282729334108,56.309932474020215,173.45370921670605,117.14377674268583,153.36992932385053,20.634683872073936,132.7352454517766,174.00461319592446,41.26936774414787,154.25253461534282,5.7359665065514776,148.51656810879135,159.9885011218943,11.471933013102955,158.37262719178165,16.065892556630953,113.1985905136482,180.0,66.8014094863518,157.69360889220744,19.196648033394766,87.06432655357884,180.0,92.93567344642116,126.71565397422182,18.51239956675923,87.51044707800085,161.565051177078,74.05460409907715,131.99859309081492,16.220891035847064,97.1250163489018,171.86989764584405,74.74488129694225,113.19184348368425,2.154332458262445,111.03751102542181,115.3461759419467,4.30866491652489,159.37126954030612,5.961126732496065,148.60973189581222,173.97934382316362,25.3696119273514,21.78591428253915,18.424916589992907,26.370650378625413,0.8826052914922968,18.20547261442434,14.651196851849159,22.481771607593952,13.916365047206273,2.1812728636022816,1.6359546477017113,0.7297779756440975,1.049453614256923,1.8337916666666667,1.0,0.0
C:\Users\Gabe\OneDrive\Desktop\CISC\CISC442\cisc-442-final\videos\cisc442 dog videos\Normals\Basil Arendt 912898\Basil Gait Videos\IMG_7008.MOV,Basil Arendt 912898,Basil Arendt,0,137.4629890793894,17.096201266404865,101.88865803962798,172.0565281894096,70.1678701497816,132.78265144001173,21.17518081944561,78.69006752597979,174.80557109226527,96.11550356628548,156.92687107937886,20.18384023220381,114.8803668591817,176.82016988013584,61.93980302095413,135.40196149389993,27.98720588572259,72.34987578006988,162.47443162627712,90.12455584620724,159.61370077401276,13.861844548169033,115.55996517182382,180.0,64.44003482817618,157.4671799031423,15.171487716111036,116.56505117707799,180.0,63.43494882292201,125.76887609995637,17.932680017407666,81.86989764584403,161.565051177078,79.69515353123397,132.0710843599565,17.278234817807224,84.55966796899449,167.27564431457768,82.71597634558319,129.14812161052228,6.282798673147397,119.29136217098426,139.18491612511843,19.893553954134177,158.32729886899574,7.583586047320957,115.20112364547509,168.8290222564112,53.627898610936114,16.186693222717935,15.442948464676824,26.244538520834816,28.412927240623194,15.821056592686327,11.99510247023526,25.498758027152512,16.327507620354538,3.683320835292772,2.104754763024441,1.0028499439815455,1.0710450747026732,1.9004589371980676,1.0,0.0
C:\Users\Gabe\OneDrive\Desktop\CISC\CISC442\cisc-442-final\videos\cisc442 dog videos\Normals\Basil Arendt 912898\Basil Gait Videos\IMG_7009.MOV,Basil Arendt 912898,Basil Arendt,0,140.52080479632232,24.232539728798216,68.34401096157751,180.0,111.65598903842249,126.05325240188644,20.82550332434039,60.4612177404419,170.7538872544367,110.29266951399481,144.62994370336747,17.828355295202442,109.34847153494744,173.95590783775893,64.6074363028115,152.5194974374714,19.300125209001653,106.001022853846,177.6386253418246,71.6376024879786,154.87161621818234,23.94093338830149,75.96375653207353,180.0,104.03624346792647,162.0320054726327,12.515114203880408,126.46923439005187,180.0,53.53076560994813,134.46902429954258,18.92540313536608,95.59933933652057,176.63353933657018,81.03420000004961,126.74498849227953,16.569244703496665,83.7111485445726,156.80140948635182,73.09026094177922,134.70257509161956,16.248459213793833,101.30993247402021,180.0,78.69006752597979,159.92767034102172,10.635134199074939,96.24191434741505,175.91438322002512,79.67246887261007,22.56318084584408,18.848715257393096,28.272547236901172,15.312857983332313,18.16406975996227,18.62312434147003,24.68940126474166,16.813223014611903,1.7303090421941794,1.7303090421941794,0.7007210712426788,1.021875042239689,1.7337943262411348,1.0,1.0
C:\Users\Gabe\OneDrive\Desktop\CISC\CISC442\cisc-442-final\videos\cisc442 dog videos\Normals\Basil Arendt 912898\Basil Gait Videos\IMG_7010.MOV,Basil Arendt 912898,Basil Arendt,0,138.00858367011176,18.26304477496863,104.03624346792648,170.5376777919744,66.50143432404792,131.5227818018154,22.625838938694926,68.19859051364818,175.6012946450045,107.4027041313563,148.15398752290002,20.610822088931442,109.56378361958267,172.73455310016092,63.17076948057826,140.00247580761848,11.78706044562387,120.57922687248902,156.4636474012626,35.884420528773575,156.65680706509053,16.96144495666072,107.10272896905236,180.0,72.89727103094764,158.52696109832888,15.515359274495186,112.83365417791755,180.0,67.16634582208245,131.19916005930492,18.573165528631105,81.57303097851933,176.83963837395447,95.26660739543514,138.21661909606954,16.14207613951006,104.48976259388445,175.06583565943987,70.57607306555542,128.07680870631626,19.011722770771758,90.78482460299189,154.20632641829545,63.42150181530356,158.70908936606557,7.417471831371888,116.56505117707799,169.92370252881335,53.35865135173536,20.98686483892384,15.207161636003812,24.81433205960939,16.525502016265403,16.861765903523636,12.30543759247499,21.352964081805816,14.672771174458598,0.4346670057685861,0.4346670057685861,0.6327369175093716,1.0247509049496337,2.3006117021276595,1.0,0.0
C:\Users\Gabe\OneDrive\Desktop\CISC\CISC442\cisc-442-final\videos\cisc442 dog videos\Normals\Basil Arendt 912898\Basil Gait Videos\IMG_7012.MOV,Basil Arendt 912898,Basil Arendt,0,135.70408892745925,20.828459484244842,90.0,177.51044707800088,87.51044707800088,134.5851378927496,22.697574343845368,45.00000000000001,175.23635830927373,130.23635830927373,150.15328171998064,4.154671888420707,145.85641334806223,155.77225468204585,9.915841333983622,130.92601672848977,17.38558835215381,117.5528115767178,155.48035731180926,37.927545735091456,160.89590338416176,12.331675810313035,108.43494882292201,179.99999914622634,71.56505032330433,160.30674658324787,18.57738983287178,67.61986494804043,180.0,112.38013505195957,126.04642813924195,15.957093319568122,82.48157312055783,152.5924245621816,70.11085144162378,135.75370941042988,18.743191780172747,97.1250163489018,176.82016988013575,79.69515353123396,134.4689182212644,10.818122166109076,118.79400131100574,155.77908129699185,36.985079985986104,159.5303830287865,4.9094863692149096,145.61965527615513,169.38034472384487,23.760689447689742,16.789007891920743,12.97912520244367,25.643227633988904,11.925230445174126,16.393295070184912,16.417810075041174,22.22526807991725,16.31134827071652,0.5355823688746614,0.5355823688746614,1.3239704099650857,1.0927858397399814,1.8671264367816092,1.0,0.0
C:\Users\Gabe\OneDrive\Desktop\CISC\CISC442\cisc-442-final\videos\cisc442 dog videos\Normals\Basil Arendt 912898\Basil Gait Videos\IMG_7013.MOV,Basil Arendt 912898,Basil Arendt,0,136.81306872879773,16.382664382971615,90.0,180.0,90.0,128.64100359873723,15.275408065121539,94.96974072811031,158.1985905136482,63.2288497855379,142.0155547819127,23.349645379154126,94.86451443776053,177.01571785640667,82.15120341864613,152.48009797777075,18.647916930415793,108.25189583707854,179.99999914622634,71.74810330914781,162.4607207793594,15.642640859365029,104.03624346792648,180.0,75.96375653207352,159.06539677843304,15.261068099189872,98.13010235415598,180.0,81.86989764584402,133.56453908967734,15.546720364768232,100.30484646876603,170.39479584498702,70.08994937622099,134.32665470588216,17.980674753710325,88.95837332399003,161.56505117707798,72.60667785308794,135.22409897865603,12.545162541781277,109.98310652189998,165.96375653207352,55.980650010173534,160.60849967141968,4.432415616005388,145.92280471986928,169.65514251852477,23.732337798655493,14.831230783418091,12.988155511972675,33.44573734951911,14.469892632884422,17.123643775028857,13.291635446860976,20.777578440288085,13.099024404544808,1.5513512169654178,2.0684682892872237,1.8685313137702686,1.1419404064991097,1.933798076923077,1.0,1.0
C:\Users\Gabe\OneDrive\Desktop\CISC\CISC442\cisc-442-final\videos\cisc442 dog videos\Normals\Basil Arendt 912898\Basil Gait Videos\IMG_7015.MOV,Basil Arendt 912898,Basil Arendt,0,134.4336928326914,18.339246135078128,87.27368900609373,177.27368900609366,89.99999999999993,127.48758088869124,20.644998631605894,69.22774531795417,162.89727103094765,93.66952571299348,145.7003619806972,20.66111011673758,102.52880770915151,179.53419091723617,77.00538320808467,159.34118540579914,16.786270667417657,111.96724340681291,180.0,68.03275659318709,155.98402209089545,20.463646268679007,72.25532837494306,180.0,107.74467162505694,159.64166263748402,14.541056263584471,97.1250163489018,180.0,82.8749836510982,131.5721564589916,25.12974726615179,34.65514251852479,176.46770541610917,141.81256289758437,132.23705519587816,18.096627325176993,97.1250163489018,178.66778014613058,81.54276379722879,142.55655700050525,13.6753575595469,124.79602627826831,173.6598082540901,48.863781975821794,161.79142865677403,5.3038837482532415,149.78549168336812,171.86989764584405,22.084405962475927,16.866042176463136,14.273892402832512,28.35992510098926,17.63155962272742,18.857114326368613,16.557101235398385,22.752140417261216,20.240645500064367,1.764223853977538,1.764223853977538,1.9124491565320387,1.8469785673844985,1.700464480874317,1.0,1.0
C:\Users\Gabe\OneDrive\Desktop\CISC\CISC442\cisc-442-final\videos\cisc442 dog videos\Normals\Basil Arendt 912898\Basil Gait Videos\IMG_7017.MOV,Basil Arendt 912898,Basil Arendt,0,140.84465055445474,21.098112744445014,78.69006752597979,175.4260787400992,96.73601121411942,134.2122514873871,24.553631046509604,55.35905248808372,180.0,124.64094751191628,135.86991278970962,14.841444203643888,107.42986281766784,150.577825774311,43.14796295664317,145.07650249085768,16.453247946545684,119.74488129694222,169.08588699418922,49.341005697247,161.02348298056782,13.17705432265032,119.05460409907714,180.0,60.94539590092286,158.50130047773348,14.860860964610458,125.53767779197437,180.0,54.462322208025626,125.50578361028516,15.272004138533525,92.72631099390628,147.0947570770121,54.36844608310582,132.65171776799272,14.292047587409497,94.86451443776053,158.00887008282288,63.14435564506235,131.9846917801213,11.261400586435915,111.80140948635182,150.12400730831058,38.322597821958766,154.6102542126688,14.32860129930827,65.55604521958347,166.7594800848128,101.20343486522933,18.647337552226332,19.604087481806953,21.594410727195015,10.401029058615352,17.080443880511876,11.534705565289698,19.128708424840887,12.209963671616926,0.5171182559160792,0.5171182559160792,0.8913147363975676,0.9257454568388703,1.9337936507936508,1.0,0.0
C:\Users\Gabe\OneDrive\Desktop\CISC\CISC442\cisc-442-final\videos\cisc442 dog videos\Normals\Basil Arendt 912898\Basil Gait Videos\IMG_7020.MOV,Basil Arendt 912898,Basil Arendt,0,169.2676021975165,11.761660277034096,139.7636416907262,179.24615166692962,39.48250997620343,163.70320456955992,24.284617385755972,75.96375653207353,180.0,104.03624346792647,125.33328844273989,19.39285856797326,95.06361685303008,160.07071758581145,65.00710073278137,158.78790176190927,18.917041176914672,115.84644168210089,178.42138202770224,62.57494034560135,161.1156651605949,9.147307069430012,150.2551187030578,174.3594505678431,24.10433186478531,171.84285754999382,4.9623863866431295,161.565051177078,180.0,18.434948822921996,131.10544426559886,26.052087139715255,81.02737338510362,151.58733855692742,70.5599651718238,169.1413349632866,7.505518566493596,151.17619336160837,180.0,28.82380663839163,158.81049266097017,14.971562603148916,121.32869286780416,180.0,58.671307132195835,122.86594189675134,36.63256348003592,32.905242922987895,162.9509690278902,130.04572610490231,4.606108398203978,3.6089811764217266,40.551381739274504,25.19150257567901,9.734816972772222,6.609036491706338,41.57128626214036,29.918061706541415,3.9122450609015016,1.3040816869671672,0.42910339197129893,0.7932730157189068,0.7668231292517007,1.0,1.0
C:\Users\Gabe\OneDrive\Desktop\CISC\CISC442\cisc-442-final\videos\cisc442 dog videos\Normals\Basil Arendt 912898\Basil Gait Videos\IMG_7021.MOV,Basil Arendt 912898,Basil Arendt,0,172.77112771854462,6.277894089342817,156.80140948635182,180.0,23.198590513648185,151.3919310644297,16.37042685055986,116.56505117707799,180.0,63.43494882292201,128.95250823857617,9.323554101920447,105.36846332179611,144.2726017772003,38.90413845540418,157.97103542287576,13.616069445556645,120.80144597613682,171.57303097851934,50.77158500238252,170.67221745265755,7.458961020736423,147.09475707701208,180.0,32.905242922987924,164.87995600412378,10.172609072456389,144.46232220802563,180.0,35.537677791974374,140.47208880187856,17.606833992877064,98.13010235415598,156.5713071912546,58.44120483709861,149.00214373746144,25.65963286550198,97.25319461272534,173.94230420547902,76.68910959275368,137.65759023640408,20.38685381679842,109.65382405805332,180.0,70.34617594194668,127.92259281343176,32.217311868984396,60.48416971391566,170.53767779197435,110.05350807805868,22.65299066864037,12.23188113870089,25.651593361948404,12.465805035473569,12.483593162853877,7.757989601464818,16.753919827414368,12.791572906258363,4.284766328561949,2.8565108857079657,0.6712989354146469,3.2747163389010705,0.7001548672566372,1.0,0.0
C:\Users\Gabe\OneDrive\Desktop\CISC\CISC442\cisc-442-final\videos\cisc442 dog videos\Normals\Basil Arendt 912898\Basil Gait Videos\IMG_7022.MOV,Basil Arendt 912898,Basil Arendt,0,171.46106407118637,7.326620408013362,161.565051177078,179.59651526494196,18.031464087863952,166.55855758551368,13.297084749287166,132.87890360333856,180.0,47.12109639666144,124.52478705223977,9.506231370033781,108.43494882292201,134.2151753970081,25.780226574086086,146.49002747849315,38.07835143736543,54.96380418990718,177.8789036033384,122.91509941343121,125.13942779018205,37.51702066784089,75.96375653207353,178.4234499448165,102.45969341274296,165.03407871352263,18.37044437534088,108.43494882292201,180.0,71.56505117707799,156.2355532808211,19.194285635242764,120.84658741214862,176.8778695378843,56.03128212573567,167.76225447733185,13.412348232506966,131.98721249581666,180.0,48.012787504183336,155.36125584537038,19.277081659468447,117.03086025984298,176.82016988013584,59.789309620292855,139.23752944670963,16.73713573546017,101.30993247402021,175.03025927188972,73.7203267978695,8.099770398945907,4.73826877740791,36.11073920631387,13.916665222125008,19.230015078071162,12.909343554874212,17.413285807486112,10.40746306490538,,4.735621584236293,1.4106482065668076,0.5563267505559931,0.6334965635738832,1.0,1.0
C:\Users\Gabe\OneDrive\Desktop\CISC\CISC442\cisc-442-final\videos\cisc442 dog videos\Normals\Basil Arendt 912898\Basil Gait Videos\IMG_7023.MOV,Basil Arendt 912898,Basil Arendt,0,171.16722334237406,7.562811530018367,153.43494882292202,180.0,26.565051177077976,144.217474411461,26.128059361732035,108.43494882292201,180.0,71.56505117707799,119.46318681530708,10.158573700687251,103.1575427400148,141.34019174590992,38.182649005895115,140.95464377251108,28.04181537573944,112.91282839677164,168.99645914825052,56.08363075147888,153.61912213483694,19.787594649905422,113.19859051364818,179.99999914622634,66.80140863257816,157.19430787720063,26.639123740554783,104.03624346792648,173.08877288097545,69.05252941304897,141.139168965769,11.647277622693288,121.57261543535039,168.4533094540727,46.88069401872231,162.9446841350334,10.067200411630571,151.14433878028348,177.95459151111262,26.81025273082915,157.36033728547892,13.14326286250091,137.55289814717176,174.95754893082898,37.40465078365722,140.47701646137418,8.154408390681173,129.0938588862295,153.43494882292202,24.341089936692526,24.18323033171488,2.3818208453630945,26.140061972195255,22.787814354192804,12.730310453372653,9.491879607805258,22.61395143717333,11.594241209389846,1.4282453451592918,2.8564906903185836,4.444951475848719,0.1720167616463168,0.7001598173515982,0.9047619047619048,0.0
C:\Users\Gabe\OneDrive\Desktop\CISC\CISC442\cisc-442-final\videos\cisc442 dog videos\Normals\Basil Arendt 912898\Basil Gait Videos\IMG_7024.MOV,Basil Arendt 912898,Basil Arendt,0,156.30495802475082,20.409637044867228,116.56505117707799,176.42366562500274,59.85861444792475,169.60119215795137,8.775883043291325,154.19884728385202,179.66881421158342,25.469966927731406,125.51046801909978,11.078699724357199,108.31989721146809,140.4403320310055,32.12043481953742,169.1801026505113,8.774671600383247,153.91440022171858,179.72973889350473,25.81533867178615,161.47096343348028,16.460635153915874,135.0,180.0,45.0,168.07770383333715,18.437908378458197,102.0947570770121,180.0,77.9052429229879,157.55901100989243,11.0767220464565,149.42077312751098,176.443818905745,27.023045778234007,161.1119378118144,13.5114993676565,124.8244891569568,180.0,55.1755108430432,174.5775104729252,8.058134183475735,159.22774531795417,180.0,20.772254682045826,128.45206761124496,19.712880903837718,94.39870535499554,157.61986494804043,63.22115959304489,7.986754537850983,5.0589267773150945,44.28091267130274,17.082442667094156,16.62535858101198,16.639362758822195,20.479019594755847,6.965515545506203,1.578552730238493,1.578552730238493,6.411009885670761,0.7323303755920789,0.6334916666666667,1.0,1.0
C:\Users\Gabe\OneDrive\Desktop\CISC\CISC442\cisc-442-final\videos\cisc442 dog videos\Normals\Basil Arendt 912898\Basil Gait Videos\IMG_7025.MOV,Basil Arendt 912898,Basil Arendt,0,166.67289981802148,12.912128812778574,135.0,180.0,45.0,160.1787788097533,14.775174914557041,116.56505117707799,180.0,63.43494882292201,123.39500772647744,10.959617633759084,96.11550356628541,148.3136323121434,52.198128745857986,155.60847859217452,16.254759742815487,116.56505117707799,179.06844340192308,62.503392224845086,165.27384066788255,21.267407606977876,56.30993247402022,180.0,123.69006752597977,167.15033428006652,10.610434317060177,141.34019174590992,180.0,38.65980825409008,146.6256529642531,10.22057549367429,124.14358665193775,179.18154453831139,55.03795788637363,161.35841013670762,8.937398556614141,145.73266455665578,178.6780243404633,32.94535978380753,159.35459171554817,24.50663835723834,75.46554491945989,180.0,104.53445508054011,130.70273100053825,22.777748337581993,100.30484646876603,180.0,79.69515353123397,13.204980048233933,9.747467059933333,30.22137128937598,16.786219193454382,8.976070433813431,9.468337594317385,16.163804878859857,10.723280157142922,4.735675682681216,2.367837841340608,1.22450297825748,0.9779884939575736,1.2669786535303778,1.0,0.0
C:\Users\Gabe\OneDrive\Desktop\CISC\CISC442\cisc-442-final\videos\cisc442 dog videos\Normals\Basil Arendt 912898\Basil Gait Videos\IMG_7028.MOV,Basil Arendt 912898,Basil Arendt,0,172.0332872264179,11.032471461698542,126.86989764584402,180.0,53.13010235415598,164.78700049194074,17.12432695494464,116.56505117707799,179.37040139158873,62.80535021451074,131.56251416626148,14.305557475686218,104.96353964506524,154.66692622556172,49.703386580496485,149.77839597792968,30.948206813699954,60.25511870305777,179.42127443439267,119.1661557313349,158.83822293615341,27.54763169354819,90.0,180.0,90.0,158.110825151467,28.17856751865606,59.78867761416518,180.0,120.21132238583482,150.88132220937155,14.027542160234917,126.02737338510362,180.0,53.972626614896384,163.70249395650976,14.429586408854393,105.84308211768702,180.0,74.15691788231298,130.08257883480624,21.594057243877877,101.84826623841442,166.75948008481285,64.91121384639843,137.74922782183532,30.06903035962859,56.309932474020215,178.81269268427104,122.50276021025083,6.404742080355079,6.353945352957948,31.833527785638278,22.169764803529162,11.563317635105053,9.738400822035636,18.902832317397635,11.690353735497588,0.7498239849800516,0.7498239849800516,0.9797785576682464,0.8184368255772976,1.3336463223787167,1.0,1.0
C:\Users\Gabe\OneDrive\Desktop\CISC\CISC442\cisc-442-final\videos\cisc442 dog videos\Normals\Basil Arendt 912898\Basil Gait Videos\IMG_7029.MOV,Basil Arendt 912898,Basil Arendt,0,169.46074837163482,11.292340504910971,140.9061411137705,180.0,39.0938588862295,154.4928032200678,16.66574212602889,105.25511870305778,180.0,74.74488129694222,121.3271847546809,6.200746663152755,106.26020470831197,128.453709216706,22.193504508394014,152.9711459824185,17.652451587909923,114.7024302277713,176.63353933657007,61.931109108798765,166.97210662407588,20.509743640066826,108.43494882292201,180.0,71.56505117707799,137.23503819436425,52.83730269164794,18.434948822922035,176.63353933657018,158.19859051364816,146.45183965777966,2.935383959193136,139.81355089370655,151.55707137563667,11.743520481930119,157.7330105310275,21.185213849298464,106.50436138175502,175.56896068708653,69.06459930533151,144.81183622670724,25.085931665612666,114.8803668591817,177.9545915111128,63.07422465193109,146.5381583014541,15.82616267362664,125.47533202821002,171.42700163638858,45.95166960817856,17.72286762138406,14.458066171507609,32.40965056283454,13.340904819244376,23.880157164009095,28.318844171081395,20.488204877046545,10.44797524422514,1.6662416050327296,1.6662416050327296,0.4104059879215311,0.8063472156978886,0.6001530612244899,1.0,0.0
C:\Users\Gabe\OneDrive\Desktop\CISC\CISC442\cisc-442-final\videos\cisc442 dog videos\Normals\Basil Arendt 912898\Basil Gait Videos\IMG_7030.MOV,Basil Arendt 912898,Basil Arendt,0,160.02301247456128,25.172839720203207,108.34148107628612,180.0,71.65851892371388,159.0550814697605,11.859473553701472,133.69804732742114,179.0007563297422,45.30270900232105,120.92027485164316,17.047705103015456,67.83365417791754,138.01278750418336,70.17913332626583,145.93474165285718,33.627311135971695,50.471409109595825,177.3974377975002,126.92602868790438,146.15404206067683,33.09629566096211,90.0,180.0,90.0,168.18037401697327,14.097405419089965,119.74488129694222,180.0,60.255118703057775,153.3393556759335,22.440003020958763,107.35402463626133,180.0,72.64597536373867,164.56953261577254,6.037104384289352,154.84069808396833,176.42366562500263,21.582967541034293,137.80508747279634,13.629978267255968,120.96375653207352,170.53767779197443,49.573921259900914,142.45411510390218,20.42748341094732,87.51044707800085,176.63353933657018,89.12309225856933,19.0337321411288,14.127488324916557,35.060862234112754,8.684785526200208,32.141303871563004,26.242869202814916,19.18837848389428,18.033857302985925,1.4282438497068168,2.8564876994136337,27.623306441948657,2.322415633009687,0.7001605504587156,1.0,1.0
C:\Users\Gabe\OneDrive\Desktop\CISC\CISC442\cisc-442-final\videos\cisc442 dog videos\Normals\Basil Arendt 912898\Basil Gait Videos\IMG_7031.MOV,Basil Arendt 912898,Basil Arendt,0,166.6513671147647,10.202752465434704,138.81407483429035,180.0,41.18592516570965,146.74594316919763,31.528723732908553,90.0,173.51692630710272,83.51692630710272,121.37083922522125,15.502942016966514,101.80460187498565,168.69006752597974,66.88546565099409,155.4054482748656,14.76016871636558,135.0,168.69006752597977,33.69006752597977,162.6662385096788,29.691293171315973,45.00000000000001,175.91438322002503,130.91438322002503,171.7376612506479,8.248364667535956,150.2551187030578,178.78112476486868,28.526006061810875,148.38812151839574,7.638472965507211,127.11165055511212,159.77514056883192,32.663490013719795,168.50921642531003,7.565444412400908,157.5901626285067,179.09777883847005,21.507616209963345,162.83633642202983,8.258015032469523,147.09475707701208,174.28940686250036,27.19464978548828,155.00017632677074,6.98089669634605,142.1250163489018,165.06858282186246,22.94356647296067,41.95812700434602,31.024366683410435,26.901257303976365,19.53361081052205,5.715788842883694,5.0847468294449225,17.34200007398552,9.381007267768318,1.4282482954729052,2.8564965909458104,1.5269032715424338,0.07382250007355319,0.700158371040724,1.0,0.0
C:\Users\Gabe\OneDrive\Desktop\CISC\CISC442\cisc-442-final\videos\cisc442 dog videos\Normals\Basil Arendt 912898\Basil Gait Videos\IMG_7032.MOV,Basil Arendt 912898,Basil Arendt,0,167.1131040709196,15.822168441948664,116.56505117707799,179.28384005453037,62.71878887745238,166.337390464025,7.540019517984082,154.23067237566127,179.3839400916012,25.153267715939933,141.59865580271187,17.40599943379045,103.0456370629486,172.48785589694725,69.44221883399865,158.7723481454468,17.478549647849942,108.43494882292201,176.10415198691248,67.66920316399047,153.27037237511186,22.66201500729147,111.80140948635182,174.8055710922652,63.004161605913396,161.30362946715348,17.82535604662854,116.56505117707799,180.0,63.43494882292201,147.7872512552953,19.239014277219663,113.19859051364818,171.57303097851934,58.37444046487116,155.50665772553577,17.726648157002575,101.94417718844633,174.28940686250036,72.34522967405402,168.25492187347203,8.3733208485324,154.4400348281762,178.40885972880542,23.968824900629215,117.62361265421144,29.79215308328732,45.00000000000001,153.434948822922,108.434948822922,9.918395126214671,6.202346671322124,16.52207198271438,16.836406706601142,12.131931481115487,8.088166741447594,16.2738478246213,1.5863322795939376,1.3040761435570487,1.3040761435570487,1.9198234729249912,2.1385531697330684,0.7668263888888889,1.0,1.0
C:\Users\Gabe\OneDrive\Desktop\CISC\CISC442\cisc-442-final\videos\cisc442 dog videos\Normals\Basil Arendt 912898\Basil Gait Videos\IMG_7034.MOV,Basil Arendt 912898,Basil Arendt,0,164.53963779153392,19.540404020168534,112.83365417791754,178.99491399474584,66.1612598168283,169.66549762912987,6.017958400549452,158.90205041101083,179.99999879258172,21.097948381570887,146.2546136951821,12.878809581670124,119.48712567294149,167.19573393471327,47.708608261771786,158.5504944634102,17.79455696229366,106.9661481085362,177.89190468764323,70.92575657910703,161.29322883638133,11.827051870315904,142.1250163489018,172.87498365109823,30.74996730219644,157.57178211312598,14.46788400457331,120.96375653207352,180.0,59.03624346792648,144.4693192121351,5.836446879878401,137.7927023657133,153.434948822922,15.6422464572087,148.44990744100437,10.183046496155299,131.29157184286953,163.6104596659652,32.31888782309568,135.30054992178685,37.80712200439132,47.72631099390628,168.6900675259798,120.96375653207352,138.74640484700078,24.733678947619396,87.51044707800085,180.0,92.48955292199915,6.282964410215124,3.3193733779137946,15.455436496588124,16.266149174758798,13.26888454506475,1.7724449281158883,12.182797314723246,5.965595400329619,1.11091621352979,1.11091621352979,0.7184811997702572,2.4192820460888074,0.9001578947368422,1.0,1.0
C:\Users\Gabe\OneDrive\Desktop\CISC\CISC442\cisc-442-final\videos\cisc442 dog videos\Normals\Garbanzo Staiger 928258\Gait Videos\IMG_6751.MOV,Garbanzo Staiger 928258,Garbanzo Staiger,0,148.0470221233285,13.632046774776983,119.05460409907714,177.27368900609378,58.21908490701664,147.6484109101825,16.646893635656276,96.91122711902469,180.0,83.08877288097531,133.87312130922638,15.794247802091775,95.46710158808884,165.03971117930084,69.572609591212,140.72892782320434,16.007781505997,99.82527704214846,169.67031791098063,69.84504086883217,158.32723082040312,12.903107690734155,115.55996517182382,176.82016988013575,61.26020470831193,155.0822307716188,14.252637948338949,107.10272896905238,180.0,72.89727103094762,146.13514192700063,16.55113577278862,103.37133196989194,179.2151753970083,75.84384342711635,150.5030219711088,16.921593164363898,115.55996517182382,180.0,64.44003482817618,126.66687071817319,10.917352641162307,100.99250758026773,149.03624346792648,48.043735887658755,156.82796975087953,15.764189439149776,27.3498757800699,168.50343698241423,141.15356120234432,19.703268238261163,12.84041456339141,24.851301760984136,13.992819533403415,16.9970384448631,12.464674675090146,22.10950951345437,14.635051638477966,0.3487814934088098,0.3487814934088098,1.06938882254048,1.989694297937331,2.8671246006389777,1.0,0.0
C:\Users\Gabe\OneDrive\Desktop\CISC\CISC442\cisc-442-final\videos\cisc442 dog videos\Normals\Garbanzo Staiger 928258\Gait Videos\IMG_6752.MOV,Garbanzo Staiger 928258,Garbanzo Staiger,0,144.52029185792327,15.294551076106007,111.37062226934319,180.0,68.62937773065681,142.2171893156726,13.686305827378652,111.80140948635182,178.0908475670038,66.28943808065199,141.36364377398385,16.12495139501398,100.61965527615513,172.87498365109818,72.25532837494305,140.13719588305364,17.669243776035817,103.6097318958122,175.8150838748816,72.20535197906939,158.61576618119207,14.75994263346127,104.03624346792648,180.0,75.96375653207352,156.16448900229662,15.566158345340769,107.10272896905236,180.0,72.89727103094764,148.05599919039796,16.555294894429874,101.02345596374315,175.23635830927387,74.21290234553072,139.15621238382192,17.81047134796648,88.49256424122504,162.59729586864373,74.10473162741869,139.09791192730577,14.307451811589683,112.16634582208246,180.0,67.83365417791754,160.2166937316411,5.25035617611003,139.3987053549955,172.73455310016087,33.33584774516535,17.91969103016575,12.835577282808968,25.764894800299608,13.050312916356038,18.11118596894275,12.783872418802165,23.740334547607386,14.542159121335718,0.3946648229769827,1.183994468930948,1.0160584153986176,0.7422780038899888,2.533795620437956,1.0,1.0
C:\Users\Gabe\OneDrive\Desktop\CISC\CISC442\cisc-442-final\videos\cisc442 dog videos\Normals\Garbanzo Staiger 928258\Gait Videos\IMG_6753.MOV,Garbanzo Staiger 928258,Garbanzo Staiger,0,145.80830861585505,13.475308832660373,111.37062226934319,173.99099404250546,62.620371773162276,146.3635056056209,16.158551729779656,114.65589874408161,178.15238973400568,63.49649098992407,135.3627506300021,18.965597898427184,93.6717000983707,169.23746277685754,75.56576267848683,136.66690454558162,13.389429357905746,104.58891873287463,165.83543473204006,61.246515999165425,156.73244350488386,16.36355540840083,106.09081634885217,180.0,73.90918365114783,158.30601540724274,13.768964376742113,118.49563861824498,180.0,61.50436138175502,146.51906265757702,19.495451501512093,95.44033203100551,176.63353933657018,81.19320730556467,143.7690247779672,15.297607911654847,102.52880770915151,175.03025927188966,72.50145156273815,132.6492705837818,16.658908163906958,100.00797980144135,177.06432655357878,77.05634675213743,159.50921433475898,6.174440458010853,135.0,173.9909940425054,38.990994042505406,18.98779549974971,11.419856267978341,24.182370241952064,11.325121140381775,17.888040805186314,12.818576012865693,23.590735522261255,15.55538270385738,0.30298856906762156,0.6059771381352431,0.7493229287303155,1.3593762250340866,3.3004545454545458,1.0,0.0
C:\Users\Gabe\OneDrive\Desktop\CISC\CISC442\cisc-442-final\videos\cisc442 dog videos\Normals\Garbanzo Staiger 928258\Gait Videos\IMG_6754.MOV,Garbanzo Staiger 928258,Garbanzo Staiger,0,145.03821618830503,16.45731209587794,45.0,175.03025927188978,130.03025927188978,142.85555185052223,14.289398823062209,114.65589874408161,178.99491399474584,64.33901525066423,136.81722585135617,16.760598376183843,102.52880770915151,167.9052429229879,65.37643521383639,144.77278860662133,18.300859286068814,100.4914770123316,179.73100770630413,79.23953069397253,161.02235127114795,12.370395775497075,130.2363583092738,180.0,49.76364169072619,158.5415680658161,14.429047402144747,95.1944289077348,180.0,84.8055710922652,146.31274610284797,16.350248033015298,106.69924423399362,178.71267105847505,72.01342682448143,147.74317785456893,19.519251270266217,97.81529354676688,180.0,82.18470645323312,143.09424677033232,15.646620057158014,111.80140948635182,180.0,68.19859051364818,162.92911796342284,5.188042630472987,152.8892912295063,178.7455483773183,25.856257147811988,18.223741523789958,16.904519138996914,28.820708086696406,15.012601646424477,13.456241120214406,12.557494570831471,23.786601157536563,17.392650058581612,1.3184155091028704,0.6592077545514352,2.8801669094915656,0.9660293172673421,3.0339448924731185,1.0,1.0
C:\Users\Gabe\OneDrive\Desktop\CISC\CISC442\cisc-442-final\videos\cisc442 dog videos\Normals\Garbanzo Staiger 928258\Gait Videos\IMG_6755.MOV,Garbanzo Staiger 928258,Garbanzo Staiger,0,146.84101215380318,13.210160167984023,121.26373169437744,177.06432655357878,55.80059485920134,145.7122497209058,13.654339957967407,112.61986494804043,175.03025927188972,62.41039432384929,136.2673867926306,18.21280894952756,100.61965527615513,165.10865913580682,64.48900385965169,135.31617020544485,15.489636787151193,102.99461679191651,167.9052429229879,64.91062613107138,157.15577875587866,13.418645680466932,94.76364169072617,180.0,85.23635830927383,156.7099545435201,14.858600393203082,115.55996517182382,180.0,64.44003482817618,147.05054094130523,17.84093041166847,96.04409216224111,180.0,83.95590783775889,147.52597730403747,20.575676972020762,62.83813937169283,178.32760563891048,115.48946626721765,130.6689293370471,14.579536394941165,101.30993247402021,161.565051177078,60.25511870305779,158.04899362926722,5.4975252564471555,144.9262455066517,173.8219350978717,28.89568959121999,17.69464188675114,11.861004582011384,25.018612423900322,14.212638722877852,16.53839896430691,12.488373945222946,24.65855673567566,16.773084094131814,0.32962083705215367,0.32962083705215367,0.6255528808214961,1.2583108859674084,3.033788788788789,1.0,0.0
C:\Users\Gabe\OneDrive\Desktop\CISC\CISC442\cisc-442-final\videos\cisc442 dog videos\Normals\Garbanzo Staiger 928258\Gait Videos\IMG_6756.MOV,Garbanzo Staiger 928258,Garbanzo Staiger,0,145.72634391498704,17.046707008099087,53.13010235415599,171.869897645844,118.73979529168801,143.0552089980427,14.620553028386094,106.50436138175502,180.0,73.49563861824498,136.95539333801725,17.048995461081958,94.39870535499554,175.54742836863437,81.14872301363883,143.53167109594256,18.37681057191649,98.13010235415598,175.23635830927378,77.1062559551178,159.6807217876598,11.966969623178924,135.0,180.0,45.0,157.72213803574226,15.997314935504813,73.49563861824498,180.0,106.50436138175502,148.39329664218627,17.670439000458412,100.76253722314246,180.0,79.23746277685754,147.10983434654483,19.40360976855324,93.17983011986423,177.51044707800102,84.33061695813679,145.64715945491318,16.271374231454306,116.56505117707799,180.0,63.43494882292201,163.25753268686665,5.741559434700575,146.72950350588332,176.0548137709624,29.325310265079082,19.042558623727547,17.407818130265053,30.062815007130897,13.463734326694839,14.694030702988224,11.461209795041475,24.41157005787335,16.838164393925865,0.5262105473642114,0.5262105473642114,1.2343885324438608,1.4202676166717028,3.80076,1.0,1.0
C:\Users\Gabe\OneDrive\Desktop\CISC\CISC442\cisc-442-final\videos\cisc442 dog videos\Normals\Garbanzo Staiger 928258\Gait Videos\IMG_6757.MOV,Garbanzo Staiger 928258,Garbanzo Staiger,0,148.86529245780585,16.2697086481762,113.62937773065683,180.0,66.37062226934317,146.98894867746856,14.4296184623399,90.0,178.1523897340055,88.15238973400551,134.73679957527656,16.56548729824925,99.61456927090096,167.7576688011256,68.14309953022463,134.69735414246205,16.389314542715017,101.63363399894044,175.60129464500443,73.96766064606399,156.57930196237376,14.100513943586519,110.92450174492117,180.0,69.07549825507883,155.07490692144646,20.67017231722083,68.96248897457819,180.0,111.03751102542181,143.26435841183064,19.0183449427302,90.78482460299189,179.3839400916012,88.59911548860931,142.93418264498513,18.89783471247279,94.39870535499554,174.9363831469699,80.53767779197435,136.95970094304116,18.583531779409416,107.5924245621816,180.0,72.4075754378184,156.57051174106135,12.53252857129577,68.19859051364818,173.99099404250552,105.79240352885734,19.20686748332709,14.135367543521868,26.639763461717095,12.978698167985167,18.74340758750863,18.209339610357084,23.132961706514024,16.714960323104055,0.499905320961939,0.499905320961939,0.4260858093067946,0.876817575669493,4.000757575757576,1.0,0.0
C:\Users\Gabe\OneDrive\Desktop\CISC\CISC442\cisc-442-final\videos\cisc442 dog videos\Normals\Garbanzo Staiger 928258\Gait Videos\IMG_6758.MOV,Garbanzo Staiger 928258,Garbanzo Staiger,0,146.54675998687853,13.462528743441393,119.74488129694222,180.0,60.255118703057775,143.11131890615272,13.416325532039732,113.62937773065681,180.0,66.37062226934319,136.76936669589423,15.617243991118919,100.61965527615513,170.81608074915567,70.19642547300055,139.11397210828343,18.27497839092325,83.57125225117015,171.95093829832547,88.37968604715532,159.94678382335277,15.613318403460337,101.30993247402021,180.0,78.69006752597979,157.779305018898,16.20762296426241,82.8749836510982,180.0,97.1250163489018,142.92719508929738,17.32297595618463,105.42216131873867,174.55966796899452,69.13750665025584,139.22151127904985,18.754635540740953,94.39870535499554,174.40066066347947,80.00195530848393,140.74915017129277,15.470125778181487,104.03624346792648,180.0,75.96375653207352,160.48190341058393,5.251557056697524,144.1988086543374,175.58518675127291,31.386378096935516,14.405565319937988,10.884875122524836,24.43589513061758,13.780663421382938,16.24947084725125,12.76726830900039,21.59852867577393,14.875318223018143,0.9998485078018482,1.3331313437357977,0.6054895378818288,0.9532408705668519,3.0004545454545455,1.0,1.0
C:\Users\Gabe\OneDrive\Desktop\CISC\CISC442\cisc-442-final\videos\cisc442 dog videos\Normals\Garbanzo Staiger 928258\Gait Videos\IMG_6759.MOV,Garbanzo Staiger 928258,Garbanzo Staiger,0,144.78114214023466,12.581860496813352,110.77225468204583,180.0,69.22774531795417,144.94383482610073,14.336064661238375,97.1250163489018,175.03025927188972,77.90524292298792,135.91226741942504,17.20316868138337,99.51794916094876,164.63153667820384,65.11358751725508,135.3070298482658,15.212783403265373,99.61456927090096,160.7099537808113,61.095384509910346,156.09526595526643,14.931383694259466,98.13010235415598,180.0,81.86989764584402,159.98403422441967,13.500031552093871,123.6900675259798,180.0,56.3099324740202,143.60751005842909,18.306654978063946,97.69605172201658,176.98721249581672,79.29116077380014,139.63553408430087,18.433964258865906,99.86580694308438,173.6598082540901,73.79400131100573,130.38328320107652,13.161951949912538,107.5924245621816,157.3801350519596,49.78771048977799,156.04164498467946,4.321279509238458,146.91514707126504,166.39635067391404,19.481203602649003,17.72822998333722,11.86489172790836,24.84828227778772,14.159449901143748,16.003725081814636,10.802690883420555,23.8283072997997,16.127116132266305,0.7315845679845827,1.097376851976874,0.7239684783942616,1.1440572913565026,2.733791946308725,1.0,0.0
C:\Users\Gabe\OneDrive\Desktop\CISC\CISC442\cisc-442-final\videos\cisc442 dog videos\Normals\Garbanzo Staiger 928258\Gait Videos\IMG_6760.MOV,Garbanzo Staiger 928258,Garbanzo Staiger,0,145.3508413418658,13.466765892685926,109.6538240580533,167.90524292298792,58.25141886493462,143.26264448994723,14.095307839990031,114.62356478616361,177.51044707800074,62.886882291837125,136.61098464623998,16.926921917345926,93.3664606634298,168.92979742206063,75.56333675863083,136.19942118853197,19.89035071244554,82.16179501608062,169.13147465983127,86.96967964375065,159.48253685064518,13.367796464676854,112.71441235316725,180.0,67.28558764683275,157.67703631695355,14.18914188407472,101.30993247402021,180.0,78.69006752597979,143.72724177142695,17.872249936343035,94.96974072811031,178.45184230102225,83.48210157291194,141.52708231929014,17.124884591435006,90.78482460299189,175.6012946450045,84.8164700420126,138.01982383500228,14.353075520226422,104.03624346792648,179.99999914622634,75.96375567829986,160.0014968737323,4.865967356469837,149.3972382019449,173.00609504584543,23.608856843900526,17.685665563372623,11.696159179599636,26.211331551931377,13.92214056328582,15.415894556111837,11.844983483661304,23.222416287889942,16.487867051179894,2.5957000524383846,1.1536444677503932,0.9167145907451603,1.0396591253394392,3.4672727272727273,1.0,1.0
C:\Users\Gabe\OneDrive\Desktop\CISC\CISC442\cisc-442-final\videos\cisc442 dog videos\Normals\Garbanzo Staiger 928258\Gait Videos\IMG_6761.MOV,Garbanzo Staiger 928258,Garbanzo Staiger,0,147.28479114021061,13.312170768615525,111.5953104489677,180.0,68.4046895510323,145.6926620753539,12.108730324926029,119.74488129694222,177.3369992339327,57.59211793699046,141.89071107606986,15.713457728063569,92.24574256589507,175.01891806469158,82.7731754987965,139.67269026949643,12.915274643801341,109.6538240580533,165.25643716352928,55.60261310547598,154.75480292735904,16.771930740180917,98.13010235415598,180.0,81.86989764584402,156.20276685587658,15.707318493596656,106.50436138175502,180.0,73.49563861824498,158.85564937046163,17.283631179565088,98.50870331627031,180.0,81.49129668372969,153.95615202385474,19.188503659194744,92.12109639666146,180.0,87.87890360333854,114.91775602089011,21.45533515186092,72.40757543781841,180.0,107.59242456218159,166.96216272639967,7.143258132268335,127.87498365109822,178.78112476486868,50.90614111377046,15.492543861986656,10.670898943529862,20.45175871050786,10.697412279681611,17.858057643551128,14.676341400209651,23.76320974038578,17.993735640665097,0.3680467563309439,0.9201168908273598,1.4262528743047647,1.0258429124985289,5.43409217877095,1.0,0.0
C:\Users\Gabe\OneDrive\Desktop\CISC\CISC442\cisc-442-final\videos\cisc442 dog videos\Normals\Garbanzo Staiger 928258\Gait Videos\IMG_6762.MOV,Garbanzo Staiger 928258,Garbanzo Staiger,0,136.36402178489868,18.6887632390314,76.7594800848128,175.36453657309738,98.60505648828459,134.3828600709114,18.02054513098413,90.0,161.565051177078,71.565051177078,144.54066586246452,17.60693516625867,106.62447814396496,176.82016988013584,70.19569173617087,149.06259859134386,17.78984699044716,106.31385242626057,178.5558744690645,72.24202204280392,157.03298925184765,16.215822380953156,105.25511870305779,180.0,74.74488129694221,159.42343360737988,15.095256896278208,102.0947570770121,180.0,77.9052429229879,143.31249792142407,18.380063952848587,95.11731484997264,175.81508387488145,80.69776902490881,135.21711994012404,22.08874667094127,74.87599269168943,180.0,105.12400730831057,134.30617086713772,12.887268112051421,108.43494882292202,158.40468955103233,49.96974072811031,160.96972566602366,6.362843626081501,143.9726266148964,172.65472224883592,28.682095633939525,18.833878469760784,12.964328943678108,23.088400027215584,12.466218619310348,17.95145755938604,15.001767938338658,24.837558558032722,17.887812552766167,0.46144152004265426,0.46144152004265426,0.918152121990901,1.5479784072934624,2.167121848739496,1.0,1.0
C:\Users\Gabe\OneDrive\Desktop\CISC\CISC442\cisc-442-final\videos\cisc442 dog videos\Normals\Garbanzo Staiger 928258\Gait Videos\IMG_6763.MOV,Garbanzo Staiger 928258,Garbanzo Staiger,0,144.95727204118393,13.560725657401653,111.80140948635182,180.0,68.19859051364818,145.74352911299204,14.462287912840877,110.77225468204583,177.27368900609366,66.50143432404784,134.3757731552424,17.148884762905073,99.21102654081668,165.96375653207352,66.75272999125684,140.21823873850346,14.473984583295723,105.25511870305779,163.3007557660064,58.045637062948614,155.13782954525726,15.32530016063616,98.13010235415598,180.0,81.86989764584402,156.88692634724373,16.141748007935142,98.9726266148964,180.0,81.0273733851036,148.47928203103396,17.924467570254365,99.24611274556325,176.56636963754949,77.32025689198623,144.08392717817023,16.87478520681659,97.69605172201658,179.37040139158933,81.67434966957275,130.51105849462974,15.519624259493002,105.3955492539951,164.9315118405078,59.535962586512696,160.03429206208554,11.482125861601604,77.47119229084849,175.42607874009926,97.95488644925076,16.973648187433025,11.978458697736468,24.830571378421286,11.693081718144475,18.273642894136096,15.26233761245632,21.443641349846033,15.898663208180384,1.1006852191211158,0.5503426095605579,1.1603098049226392,1.2153784959826306,3.6340998593530243,1.0,0.0
C:\Users\Gabe\OneDrive\Desktop\CISC\CISC442\cisc-442-final\videos\cisc442 dog videos\Normals\Garbanzo Staiger 928258\Gait Videos\IMG_6764.MOV,Garbanzo Staiger 928258,Garbanzo Staiger,0,145.82889237995855,14.473511331957946,106.50436138175502,179.99999914622634,73.49563776447133,141.6177641840049,13.689010322417733,113.62937773065683,173.0887728809753,59.459395150318485,136.8880871758924,16.537918383533018,98.23097510119032,166.26373169437744,68.03275659318712,139.77234118445622,17.588091908113043,101.34872446505501,165.75439407955864,64.40566961450362,159.1909743383241,14.296366874470216,104.03624346792648,180.0,75.96375653207352,158.47759589528638,13.408867903945639,101.30993247402021,180.0,78.69006752597979,147.9732444550803,18.15079363898887,104.21585347367356,179.23610153907012,75.02024806539656,141.75744124047046,17.43177277168461,90.0,167.81136679806815,77.81136679806815,134.7694747505793,11.195506804156025,110.77225468204584,167.0053832080835,56.233128526037646,156.83790525630673,4.9062575097654255,144.97512672045863,170.05399505758274,25.078868337124106,19.11046348980111,13.391766561947428,26.28556716171701,13.794351245477348,14.785004672618268,12.35209231896444,22.07122036726198,15.632009465538145,1.1762582672484263,1.1762582672484263,1.0146611591589414,1.1819774647646584,3.4006137184115524,1.0,1.0
C:\Users\Gabe\OneDrive\Desktop\CISC\CISC442\cisc-442-final\videos\cisc442 dog videos\Normals\Garbanzo Staiger 928258\Gait Videos\IMG_6765.MOV,Garbanzo Staiger 928258,Garbanzo Staiger,0,144.9815935472597,14.07430265085736,110.44954761079258,180.0,69.55045238920742,144.42567663527666,17.19459891969466,81.70285503016314,169.93931020467699,88.23645517451385,134.51079569318435,17.245387990121863,98.63245210767677,163.3611943295737,64.72874222189692,135.7808106772581,17.44534530341917,100.86852534016872,177.9174347202694,77.04890938010068,154.27934319105228,13.776177705760213,113.19859051364818,180.0,66.80140948635182,155.4621963378372,13.36473974937713,107.10272896905236,180.0,72.89727103094764,144.3625106293625,15.68230537662951,99.54913392873593,174.6232945719493,75.07416064321336,143.5109266861464,17.038234987480973,90.0,176.26860300083962,86.26860300083962,133.8438400977035,16.40434798624973,102.31944525663661,172.87498365109823,70.55553839446162,158.9329138680406,7.2545557265898974,117.34987578006988,177.82525588539002,60.47538010532014,19.053476698440235,13.901396524740408,26.31794943411904,13.543217202132205,14.746424151019337,9.833058934325372,20.753828869804522,15.644215075972355,1.318482152193072,0.329620538048268,0.9602162532958642,1.2038287765363733,3.0337915407854985,1.0,0.0
C:\Users\Gabe\OneDrive\Desktop\CISC\CISC442\cisc-442-final\videos\cisc442 dog videos\Normals\Garbanzo Staiger 928258\Gait Videos\IMG_6769.MOV,Garbanzo Staiger 928258,Garbanzo Staiger,0,171.40939519732814,7.947324614969227,149.62087398863164,178.95837332398983,29.33749933535819,157.22291861095084,13.911321478500696,135.0,180.0,45.0,129.64913134496067,7.769868767385396,117.77656380886854,140.0796078600146,22.303044051146045,137.23641859775825,4.8620481623154825,129.98688624496418,143.59301654103052,13.60613029606634,168.408257938168,12.038428603633053,143.9726266148964,180.0,36.0273733851036,134.30140948635184,40.93494882292203,93.3664606634298,175.23635830927387,81.86989764584406,137.99317633770497,13.389390333542467,116.88101734636638,160.3461759419467,43.465158595580334,153.87423253807708,1.531655609857836,152.34257692821924,155.40588814793492,3.063311219715672,128.07591510598473,16.547277085983456,105.25511870305778,143.9726266148964,38.717507911838624,154.95498306330254,17.914913072939967,118.81079374297306,173.71750791183862,54.90671416886556,19.9122307767052,7.987014580680893,12.489511933217269,9.637327559532295,39.02092003219445,36.30268683035552,23.868672687815902,11.592886894036965,2.3072846602258363,2.3072846602258363,0.002310309311409609,0.012867026448759264,0.8668197879858657,0.9230769230769231,0.0
C:\Users\Gabe\OneDrive\Desktop\CISC\CISC442\cisc-442-final\videos\cisc442 dog videos\Normals\Garbanzo Staiger 928258\Gait Videos\IMG_6775.MOV,Garbanzo Staiger 928258,Garbanzo Staiger,0,157.81518323100062,20.759415227663204,100.61965527615513,180.0,79.38034472384487,161.21000403272566,15.625640279046497,108.43494882292201,180.0,71.56505117707799,129.31184208426293,25.309751666224084,67.13957626499914,160.20112364547506,93.06154738047593,161.03299417210175,23.421569913209577,92.12109639666146,180.0,87.87890360333854,155.36798569865994,19.959706454545618,90.0,175.8150838748816,85.8150838748816,169.8047806452477,9.273268718397533,143.9726266148964,180.0,36.0273733851036,127.55445788526467,15.457640859615013,63.43494882292201,155.55604521958347,92.12109639666146,126.47553360865949,18.44238817319163,45.00000000000001,180.0,135.0,109.98386543654334,6.978797001439368,91.48786752882778,120.46554491945989,28.97767739063211,136.32682462578896,33.22356000110899,52.76516601842533,175.70598532896352,122.94081931053819,18.357199300294592,20.039013470628586,30.558028919168287,15.774949917472616,12.71913963650985,9.64190201594362,15.639734265650329,17.051130760854296,0.4999228514118192,1.4997685542354575,1.4366277948188462,0.591467573051348,2.000308641975309,0.9833333333333333,0.0
C:\Users\Gabe\OneDrive\Desktop\CISC\CISC442\cisc-442-final\videos\cisc442 dog videos\Normals\Garbanzo Staiger 928258\Gait Videos\IMG_6782.MOV,Garbanzo Staiger 928258,Garbanzo Staiger,0,169.18171856977145,10.248894319418538,126.02737338510362,180.0,53.972626614896384,153.57695948376494,20.22367551587921,78.69006752597979,180.0,101.30993247402021,132.24854768042903,11.093932967496656,114.62356478616361,158.6293777306568,44.0058129444932,150.48338524990095,19.442747446868033,81.10599918491403,180.0,98.89400081508597,166.414811932985,19.018902428754952,93.3664606634298,180.0,86.6335393365702,159.41088774419543,17.05527313821746,101.30993247402021,176.2173545534038,74.90742207938358,109.26089632448527,16.163681146088326,82.8749836510982,157.1663458220825,74.29136217098429,127.30589140653787,17.200790426254148,90.0,151.52579638992566,61.52579638992566,106.47423128360992,13.561549779988884,87.51044707800085,164.21924669048462,76.70879961248377,111.48461739882902,24.333239158097243,81.08507304285214,170.53767779197435,89.4526047491222,15.885834058370744,14.193125550269333,24.307375020838165,15.407803664784065,16.776582100514492,15.959421251762528,22.373917803808908,10.583801899485895,1.2497559070494044,0.6248779535247022,0.795405952656132,2.225242805579884,1.6003125,1.0,0.0
C:\Users\Gabe\OneDrive\Desktop\CISC\CISC442\cisc-442-final\videos\cisc442 dog videos\Normals\Garbanzo Staiger 928258\Gait Videos\IMG_6783.MOV,Garbanzo Staiger 928258,Garbanzo Staiger,0,156.70387044513885,20.691835101876325,92.04540848888723,178.66778014613004,86.62237165724281,165.1733090443011,15.283475350251337,97.25319461272534,177.98540121212952,80.73220659940418,111.87757902662187,17.345658880326322,81.02737338510362,139.82685878112298,58.799485396019364,124.32893395322618,33.15159138396754,75.3355385115889,173.1909498203866,97.85541130879771,167.70051374293126,13.27210217064612,120.96375653207352,180.0,59.03624346792648,160.88009033177877,14.019603817458009,119.74488129694222,178.1523897340055,58.407508437063285,143.93983772751048,12.031096990756907,113.13362934022145,173.9041384554042,60.77050911518275,169.01680292232987,7.94017226879835,145.66978280449666,180.0,34.33021719550334,157.19173279078422,14.055836299882573,124.01934998982644,180.0,55.98065001017356,150.48398260721714,17.61593431982683,107.10272896905236,179.18542295024014,72.08269398118777,20.59604236719156,21.625431218037587,26.68249351997727,18.569077058464334,12.257533866327808,8.91713832852313,25.71259067552041,12.709857140453844,1.03431593347013,1.03431593347013,0.6684648687421677,1.780572017693925,0.9668225806451614,1.0,1.0
C:\Users\Gabe\OneDrive\Desktop\CISC\CISC442\cisc-442-final\videos\cisc442 dog videos\Normals\Juno DiGregorio 918541\Gait Videos\IMG_9105.MOV,Juno DiGregorio 918541,Juno DiGregorio,0,136.2607012716546,16.180631142486845,102.9946167919165,178.05851360908565,75.06389681716915,136.2067559707826,20.804858604261874,93.17983011986423,179.99999914622634,86.82016902636211,138.12876691153102,22.17294784255842,92.64254529406472,179.61547034041607,86.97292504635135,144.74982836139736,18.78272983243045,96.00900595749452,176.3785152958827,80.36950933838817,149.39229037864516,24.174273768229124,45.00000000000001,178.85423716182487,133.85423716182487,151.7574677509634,19.13689862455282,69.62356478616361,178.84266693187053,109.21910214570691,134.10279592778338,17.8193974871608,93.21548399174821,180.0,86.78451600825179,146.3068826035725,17.71663104530183,98.13010235415598,180.0,81.86989764584402,128.68296905084375,16.18146754960934,92.12109639666146,176.30861401354863,84.18751761688718,147.47174336117607,5.467149500921259,136.0809241866607,161.77115021446212,25.69022602780143,18.651279966566033,12.84680687118164,30.014063925016284,15.946346446657243,21.02702616213224,20.27472462254609,24.612989966189776,17.531851655626078,1.3232582522867784,1.3232582522867784,0.5196352414130092,1.4046326243085663,2.2671311475409834,1.0,0.0
C:\Users\Gabe\OneDrive\Desktop\CISC\CISC442\cisc-442-final\videos\cisc442 dog videos\Normals\Juno DiGregorio 918541\Gait Videos\IMG_9107.MOV,Juno DiGregorio 918541,Juno DiGregorio,0,144.36804842798557,21.1376103579053,96.11550356628541,180.0,83.88449643371459,137.107789195577,20.745877319949077,96.91122711902469,180.0,83.08877288097531,142.9253425556225,18.61432491311317,109.24952587268174,172.87498365109815,63.625457778416404,140.44880052301744,26.82347703273083,65.26291706722702,178.49820747764045,113.23529041041343,155.84750103253694,18.674867493036704,98.9726266148964,180.0,81.0273733851036,150.8859149549291,19.350388345118247,88.78112476486871,180.0,91.21887523513129,136.73430967543248,15.976926273119247,103.70696100407982,173.65980825409017,69.95284725001035,139.0155044466396,19.599969176273834,91.93058744116699,177.47388308838055,85.54329564721355,146.83622320607697,16.36967522568023,98.74616226255522,178.26429541107169,79.51813314851647,151.87132494167136,21.144928258331174,3.6913859864512575,171.0273733851037,167.33598739865243,20.058663604780545,15.045126865041176,28.09834608513087,18.58759315413385,19.460171405293632,14.10648118832283,20.296254447186474,14.261220195712719,0.4,0.4,1.4121830175657104,1.2646590531424566,2.5,0.9866666666666667,1.0
C:\Users\Gabe\OneDrive\Desktop\CISC\CISC442\cisc-442-final\videos\cisc442 dog videos\Normals\Juno DiGregorio 918541\Gait Videos\IMG_9110.MOV,Juno DiGregorio 918541,Juno DiGregorio,0,139.47464684713518,22.82572171076301,59.47029410006589,172.87498365109815,113.40468955103225,135.56146619471326,23.09937181518674,89.30972280213493,180.0,90.69027719786507,139.32726130370227,17.612212207145934,110.22485943116808,168.78936687112332,58.564507439955236,145.37528373249503,25.081909138935185,87.87890360333854,179.73100770630413,91.85210410296558,154.70769215613728,18.36621061011905,99.16234704572172,180.0,80.83765295427828,151.72735854728285,20.284279231728096,90.0,178.78112476486837,88.78112476486837,133.55994297451576,19.726437730680157,85.60129464500447,170.5376777919744,84.93638314696993,135.53182035428023,21.618746023656538,77.42106476250694,172.87498365109818,95.45391888859123,147.80710689879893,15.660211406072099,117.03086025984298,178.9949139947455,61.96405373490252,150.12814557142494,18.659237057503944,29.74488129694223,175.60129464500443,145.8564133480622,22.92893703867181,15.99300202950544,25.78764390279914,17.3808720822999,18.69342713461885,13.719510474085324,26.65545086956853,19.134853250276954,0.4165609405396262,0.4165609405396262,1.3510190178020307,1.553218399653762,2.4006091370558376,1.0,1.0
C:\Users\Gabe\OneDrive\Desktop\CISC\CISC442\cisc-442-final\videos\cisc442 dog videos\Normals\Juno DiGregorio 918541\Gait Videos\IMG_9111.MOV,Juno DiGregorio 918541,Juno DiGregorio,0,138.22514883354415,18.59310219422512,105.25511870305779,175.23635830927373,69.98123960621594,130.47957084512768,24.92168481109248,83.51692630710276,180.0,96.48307369289724,140.08089187940644,20.771202768747926,103.0311574626723,164.02227014115917,60.99111267848687,151.00516271824318,18.249829508053704,111.44773632710536,180.0,68.55226367289464,148.14837042308224,27.170774973271513,38.41805534482199,180.0,141.581944655178,150.73899579302102,19.912870449172537,87.27368900609373,180.0,92.72631099390627,131.9964156510514,18.094563744943454,86.98721249581666,173.45370921670596,86.4664967208893,147.21106409036744,17.220997041396878,104.03624346792648,179.24615166692962,75.20990819900314,132.2868010853417,14.48581114187808,101.07020257793937,172.0565281894096,70.98632561147022,142.8812670337001,27.181008107007166,30.579226872489002,169.7651972365768,139.18597036408778,21.820830013064175,14.51608304592799,27.29388047910072,18.130548539976875,22.52975237621212,19.430458946034115,23.85564879174883,15.32956565452011,0.5453188939883792,1.6359566819651374,1.6141662026343908,1.0928683699533681,1.8337893864013266,1.0,0.0
C:\Users\Gabe\OneDrive\Desktop\CISC\CISC442\cisc-442-final\videos\cisc442 dog videos\Normals\Juno DiGregorio 918541\Gait Videos\IMG_9112.MOV,Juno DiGregorio 918541,Juno DiGregorio,0,142.84280685960815,20.250522752237995,99.46232220802563,175.23635830927378,75.77403610124816,131.83797647775356,20.55129470712308,94.39870535499554,180.0,85.60129464500446,143.38142392584334,20.01522966566047,94.39870535499554,179.3338000298179,84.93509467482235,139.39334514413952,29.93274117266661,54.30205471129882,178.321483150273,124.01942843897417,160.85636175273535,16.316658176145996,105.25511870305778,180.0,74.74488129694222,153.27685671321524,16.903008058881742,101.88865803962798,180.0,78.11134196037202,139.4397000379046,19.809760153198628,86.63353933657021,175.23635830927378,88.60281897270357,138.95187786081777,21.24316646546842,87.83892051177362,180.0,92.16107948822638,147.81604642415292,15.693790209454535,107.10272896905236,178.91907581333976,71.8163468442874,153.68912407606282,6.44280510499535,139.47082083549518,172.2348339815747,32.76401314607952,22.070320433579322,18.30592216622832,29.867753800137407,20.760401609104136,17.996629659869946,15.688956124830094,26.26189692628892,18.941594983375857,0.5261868221153226,1.578560466345968,1.343949990683451,1.4622857574519283,1.9004656862745097,1.0,1.0
C:\Users\Gabe\OneDrive\Desktop\CISC\CISC442\cisc-442-final\videos\cisc442 dog videos\Normals\Juno DiGregorio 918541\Gait Videos\IMG_9113.MOV,Juno DiGregorio 918541,Juno DiGregorio,0,136.77489956817587,18.217851379585966,95.9061411137705,167.47119229084848,71.56505117707798,133.0373589843824,17.860552899904672,97.49585763972986,176.82016988013575,79.32431224040589,138.97009728385245,23.20930487030233,94.39870535499554,179.7238778990542,85.32517254405866,144.37014252910913,17.396773552519583,107.72762945437776,171.95093829832547,64.2233088439477,150.62319090883835,22.009911090654906,75.96375653207353,180.0,104.03624346792647,155.03564333149305,16.267319425418766,101.30993247402021,178.91907581333942,77.6091433393192,137.64681080678463,18.223301083165236,79.8244891569568,180.0,100.1755108430432,146.76201316665245,19.915207956977298,92.35329686610831,178.99491399474624,86.64161712863793,134.5423188075234,20.228306434258602,86.05481377096244,174.0938588862295,88.03904511526706,146.0191450734584,22.385461050570342,40.91438322002511,170.5376777919744,129.6232945719493,17.012825399044054,12.096874452505144,30.815225790995598,18.189287932122525,21.756611519549164,19.144491126600002,21.833811142652475,17.040788360785587,0.4346670057685861,1.3040010173057581,1.1293084504316806,1.1118272373295097,2.3006117021276595,1.0,0.0
C:\Users\Gabe\OneDrive\Desktop\CISC\CISC442\cisc-442-final\videos\cisc442 dog videos\Normals\Juno DiGregorio 918541\Gait Videos\IMG_9114.MOV,Juno DiGregorio 918541,Juno DiGregorio,0,141.43416215336075,17.760345613962752,112.54306100005788,173.6598082540901,61.116747254032234,137.3030314818282,19.03543320978317,98.13010235415598,180.0,81.86989764584402,140.8000525202642,17.89181485724875,102.91781284393396,172.43857157233305,69.52075872839909,138.54154605168313,24.200806400819356,93.62389259566932,179.55585556688692,85.9319629712176,154.17949841500655,14.946631211258836,108.7333616429169,180.0,71.2666383570831,155.0834931545743,19.84681288792831,90.0,180.0,90.0,136.02887427302784,16.795830891252436,93.43363036245051,164.74488129694225,71.31125093449174,133.53197072817852,20.687844611092245,75.37912601136834,180.0,104.62087398863166,148.80957200847595,17.065795316194826,109.65382405805332,178.78112476486896,69.12730070681565,150.98392403407144,8.315668385357357,113.96248897457819,167.19573393471325,53.23324496013505,15.64734976329323,13.318020443165553,31.901951214839897,17.039321153369894,18.53883203381811,13.831724183472003,22.107460588040304,18.115535186539674,0.4346682223213571,0.4346682223213571,0.5876646884940258,0.7052592103714547,2.3006052631578946,1.0,1.0
C:\Users\Gabe\OneDrive\Desktop\CISC\CISC442\cisc-442-final\videos\cisc442 dog videos\Normals\Juno DiGregorio 918541\Gait Videos\IMG_9115.MOV,Juno DiGregorio 918541,Juno DiGregorio,0,134.77973813291368,19.312000225993383,100.4914770123316,180.0,79.5085229876684,135.35357395342373,22.485222836776796,90.0,177.39743779750034,87.39743779750034,139.0186603343913,26.66899315547044,70.3461759419467,180.0,109.6538240580533,146.07735809176398,24.400891167224767,67.90863459063706,180.0,112.09136540936294,150.60637779756647,18.999942347515088,98.13010235415598,178.21008939175414,80.07998703759816,147.0762010171209,23.51599358678948,45.00000000000001,180.0,135.0,137.60017001406482,16.382449156355122,90.0,169.69515353123398,79.69515353123398,146.20202443250204,20.89455178883674,87.27368900609373,178.49256424122512,91.21887523513139,129.54619161145638,13.77098444756949,104.57421619803874,165.25643716352928,60.682220965490544,151.64120714226027,7.642643423680226,128.99099404250546,178.78112476486896,49.7901307223635,19.508216409459504,12.30681438863504,27.794443616658366,16.527247308714575,22.832142078619192,21.20197235928652,22.40869986498429,16.235094936699767,1.3633499455805693,0.4544499818601898,1.2680711035334076,1.021701270590525,2.2004621848739494,1.0,0.0
C:\Users\Gabe\OneDrive\Desktop\CISC\CISC442\cisc-442-final\videos\cisc442 dog videos\Normals\Juno DiGregorio 918541\Gait Videos\IMG_9116.MOV,Juno DiGregorio 918541,Juno DiGregorio,0,145.739434931637,18.897522146571394,101.30993247402021,180.0,78.69006752597979,138.10635517237458,19.158805813321802,96.91122711902469,180.0,83.08877288097531,137.11275042077193,18.789060372487384,98.28234941703133,169.78312037027325,71.50077095324193,134.71789152070252,27.874259589376546,71.37842063351242,179.30972280213493,107.93130216862251,148.1938701528416,16.084356591523782,101.88865803962798,179.99999879258172,78.11134075295374,157.38116152551206,13.409230182452331,116.56505117707799,180.0,63.43494882292201,138.5289017834496,17.093181918012537,95.78239232236405,178.26429541107143,82.48190308870738,131.49461669643713,23.130766918424342,71.56505117707799,176.2686030008395,104.70355182376152,145.49993933898884,12.09056948394419,115.3461759419467,172.87498365109818,57.52880770915148,148.37549639655535,17.79905250336951,29.35775354279126,170.47533202820998,141.1175784854187,17.56786482421948,12.548364753889967,32.224126765162474,19.020525089304297,15.263525102980156,11.684077425175873,23.33706857559989,17.71814478018736,1.1317837748489252,0.5658918874244626,0.9844020016737807,0.6505225881292039,1.7671219931271478,1.0,1.0
C:\Users\Gabe\OneDrive\Desktop\CISC\CISC442\cisc-442-final\videos\cisc442 dog videos\Normals\Juno DiGregorio 918541\Gait Videos\IMG_9117.MOV,Juno DiGregorio 918541,Juno DiGregorio,0,133.29550876273274,19.628335940366554,101.0035408517495,179.48383577023577,78.48029491848627,129.5882858697808,22.472749694409675,71.56505117707799,172.23483398157464,100.66978280449665,149.0401346790993,20.05885075270061,106.15860654553998,175.46904841819358,69.3104418726536,146.75390312435576,19.720340971731513,104.03624346792648,178.12212255271461,74.08587908478813,151.73745540537837,19.303839267132926,97.76516601842533,176.98721249581672,79.22204647739139,149.05876606373505,21.03705831303043,92.48955292199916,179.99999879258172,87.51044587058256,133.1117257730679,18.30628597320048,87.33699923393286,174.18751761688728,86.85051838295442,145.26249210968237,20.261853068288406,99.92624550665171,180.0,80.07375449334829,132.80111102873565,19.637010369500263,96.48307369289724,176.18592516570953,79.7028514728123,148.17643780676974,21.445718527629154,18.434948822922035,174.95754893082906,156.52260010790704,17.081745024949754,11.177814220782155,25.781441750592357,15.331785391322212,22.236178054899614,17.285884163004816,26.343453816088193,17.760111983189148,0.46144152004265426,1.3843245601279628,0.7900792846727166,0.9019438800404791,2.167121848739496,1.0,0.0
C:\Users\Gabe\OneDrive\Desktop\CISC\CISC442\cisc-442-final\videos\cisc442 dog videos\Normals\Juno DiGregorio 918541\Gait Videos\IMG_9118.MOV,Juno DiGregorio 918541,Juno DiGregorio,0,141.40605371430644,23.6583442946274,98.80679269443532,180.0,81.19320730556468,140.01912886899794,21.30387853323556,80.81116392264124,180.0,99.18883607735876,141.93512926473554,21.276989060837813,77.0053832080835,180.0,102.9946167919165,135.0858710207477,30.449848659986053,53.67317404787977,180.0,126.32682595212023,155.26430904957974,19.617974384423352,94.57392125990086,180.0,85.42607874009914,152.88762057160943,22.59147640721178,77.47119229084849,180.0,102.52880770915151,137.3147843239025,18.873153023887728,100.75096699318806,176.30861401354863,75.55764702036058,137.49273521590524,27.252836584918875,74.57783868126133,175.23635830927387,100.65851962801254,150.81662523650246,12.84411772484874,112.61986494804043,176.56636963754949,63.946504689509055,150.85283419715884,18.523854556988,25.463345061871625,169.93931020467704,144.47596514280542,21.803298327191968,17.821807210564874,28.98516538526469,17.857303388522617,19.97033243434362,18.49152713559146,28.823457823680545,22.047558191660965,0.5453188939883792,0.5453188939883792,0.931424660281113,0.3795696213020206,1.8337893864013266,1.0,1.0
C:\Users\Gabe\OneDrive\Desktop\CISC\CISC442\cisc-442-final\videos\cisc442 dog videos\Normals\Juno DiGregorio 918541\Gait Videos\IMG_9119.MOV,Juno DiGregorio 918541,Juno DiGregorio,0,136.9863583036175,16.89655421129097,101.53462065364472,173.08877288097534,71.55415222733062,136.40785375234015,22.672544667168427,95.24713890161644,178.85423716182487,83.60709826020843,136.59457565919422,24.30107520999787,78.11134196037203,178.4982074776407,100.38686551726867,138.79510784794883,23.408121770482552,85.91438322002513,173.95590783775893,88.0415246177338,150.94144181057837,21.684481181518393,51.91122711902468,180.0,128.0887728809753,154.4467352441328,15.844699818098643,105.25511870305779,180.0,74.74488129694221,132.23457914752242,14.995860333465973,88.99491399474583,166.7594800848128,77.76456609006696,144.63721076282977,20.445731084536234,93.81407483429035,180.0,86.18592516570965,132.25350403670583,16.565703323679173,98.3438915840331,180.0,81.6561084159669,143.3237280867083,24.80690296695891,18.434948822922017,160.0168934781,141.58194465517798,17.574274710152412,13.159170228684983,27.78160229394685,17.57820681131024,18.95759959273997,16.251196777848335,23.611271969620308,15.207027626141864,1.32317562149158,1.32317562149158,0.591963153692691,1.246540146954733,2.2672727272727276,1.0,0.0
C:\Users\Gabe\OneDrive\Desktop\CISC\CISC442\cisc-442-final\videos\cisc442 dog videos\Normals\Juno DiGregorio 918541\Gait Videos\IMG_9120.MOV,Juno DiGregorio 918541,Juno DiGregorio,0,141.9735372460028,21.340746530903566,86.26860300083955,179.68519119261134,93.4165881917718,134.98249430392758,18.16793858397496,96.00900595749452,177.27368900609366,81.26468304859914,145.29456210685606,19.495165974693048,111.61477894278624,177.4791720922898,65.86439314950354,139.97797346384306,28.887764941914995,85.12610357779523,180.0,94.87389642220477,150.65364707088207,22.52061731403209,90.51155586658705,180.0,89.48844413341295,151.6758450706042,18.064893201557034,95.85601358542897,178.85423716182487,82.9982235763959,138.68815149524076,16.929721091713418,97.69605172201658,172.05652818940956,74.36047646739299,135.34896726002108,24.506814843217967,73.68614757373945,173.65980825409005,99.9736606803506,148.01690041700832,16.249520039324974,108.43494882292201,177.27368900609378,68.83874018317177,152.64979025765305,4.993706490260183,140.63068275763527,169.69515353123398,29.064470773598714,19.322888380385933,15.328080024733515,30.314273414953107,17.25379265139247,20.860166619419946,15.206903742414719,22.349092657694285,19.090620340598043,0.48376346474976883,1.4512903942493065,2.1675717205690157,1.2242668240031254,2.067125925925926,1.0,1.0
C:\Users\Gabe\OneDrive\Desktop\CISC\CISC442\cisc-442-final\videos\cisc442 dog videos\Normals\Juno DiGregorio 918541\Gait Videos\IMG_9121.MOV,Juno DiGregorio 918541,Juno DiGregorio,0,133.10029955510424,17.489867412239438,98.13010235415598,168.6900675259798,70.55996517182382,138.4424969875778,22.59551617599828,79.26110289909457,171.86989764584405,92.60879474674948,139.23571181757924,24.740287898855684,86.14936117608924,174.90788487550105,88.75852369941181,145.12757495885907,19.901156766496108,105.8323866204222,176.29157184286942,70.45918522244722,153.68055693586058,15.833389718338122,91.1457628381751,175.60129464500443,84.45553180682933,152.31133049646004,21.581467934091922,57.52880770915151,180.0,122.47119229084849,134.26820688075773,19.575643394547207,82.50414236027014,180.0,97.49585763972986,144.06406493025946,20.090030582263953,90.57872556560777,179.5692127829916,88.99048721738383,133.75245160288713,16.388062649321874,96.519801751657,172.87498365109818,76.35518189944118,148.4117289428709,22.87444128860191,8.130102354156005,180.0,171.869897645844,21.987712070557233,12.574730494432028,27.997223183613354,16.80006200248784,17.745585048637107,16.822629994753566,23.942676430518524,16.78945446703484,1.32317562149158,0.4410585404971933,1.3129484284802049,1.1372951403238223,2.2672727272727276,1.0,0.0
C:\Users\Gabe\OneDrive\Desktop\CISC\CISC442\cisc-442-final\videos\cisc442 dog videos\Normals\Juno DiGregorio 918541\Gait Videos\IMG_9122.MOV,Juno DiGregorio 918541,Juno DiGregorio,0,147.4600094543318,19.32673723322412,94.18491612511842,178.78112476486868,84.59620863975026,139.41182629287397,16.867452461330245,104.62087398863166,173.09967183072277,68.47879784209111,138.77565629498363,20.02616877620311,83.08877288097531,167.60200434555318,84.51323146457787,135.12152725284585,25.863747740748405,82.61395684873273,178.98151565228673,96.367558803554,155.32613431957722,17.018106495152132,101.88865803962798,180.0,78.11134196037202,154.23124148219367,18.314079638313196,91.73570458892839,180.0,88.26429541107161,134.30991984827762,17.203238709514117,83.99099404250548,177.51044707800074,93.51945303549526,135.73089502595045,23.50517185731156,74.05460409907715,180.0,105.94539590092285,148.72376405915838,16.72729649042728,108.43494882292201,178.78112476486896,70.34617594194695,149.8674450023899,6.07894240373127,139.1232469988603,166.6075022462489,27.484255247388603,17.414906848068156,13.862180510014593,29.97234511595955,17.78501438273532,18.035691246126557,13.360676102766808,26.253597290693587,16.895184150264097,0.48376201233375227,1.4512860370012568,1.5222920867231324,1.0776449603261902,2.0671321321321323,1.0,1.0
C:\Users\Gabe\OneDrive\Desktop\CISC\CISC442\cisc-442-final\videos\cisc442 dog videos\Normals\Juno DiGregorio 918541\Gait Videos\IMG_9123.MOV,Juno DiGregorio 918541,Juno DiGregorio,0,165.80252155161216,11.147938556886693,140.59933933652056,180.0,39.40066066347944,156.89346435967352,16.824997322884133,99.67132099787987,180.0,80.32867900212013,145.33851547059604,13.431891936105089,116.8315412531364,180.0,63.16845874686361,153.18885809836732,18.624149584602904,123.41658139531292,180.0,56.58341860468708,166.54118871063037,18.033790416162425,94.57392125990086,180.0,85.42607874009914,170.28339362733922,8.151475309115082,152.48799737614854,180.0,27.51200262385146,140.00423372066845,19.49471634371574,99.23555909316592,166.7594800848128,67.52392099164688,146.95746376286752,13.569430230317144,127.18470645323312,180.0,52.81529354676688,154.91957428974214,19.243770475453744,118.10135130596178,180.0,61.898648694038215,89.6214899686089,39.10996381653257,0.0,150.60394714505674,150.60394714505674,14.792594316695725,11.19323803366978,19.86709894813141,12.519504798708729,10.332404930805419,8.545863554941947,13.032955318472489,12.368133888290867,0.7315418098763661,1.4630836197527322,1.0645262952685448,0.9586073191612116,1.366975867269985,1.0,0.0
C:\Users\Gabe\OneDrive\Desktop\CISC\CISC442\cisc-442-final\videos\cisc442 dog videos\Normals\Juno DiGregorio 918541\Gait Videos\IMG_9125.MOV,Juno DiGregorio 918541,Juno DiGregorio,0,170.93939862671175,9.239711770267572,151.95984702206502,180.0,28.04015297793498,156.96257580498673,14.75816330730063,129.28940686250036,180.0,50.71059313749964,141.85853393265316,8.283253647753519,128.36748538486154,156.80140948635182,28.433924101490277,162.65369915675262,15.040910895325215,125.47997813422586,180.0,54.52002186577414,169.1627444263296,12.308916349196773,125.53767779197437,180.0,54.462322208025626,162.42476768067743,16.22845481857208,126.86989764584402,179.4645410144356,52.59464336859159,137.05500624414202,22.612647374007647,98.26717333551065,162.47443162627712,64.20725829076648,156.13438058895287,11.362537126972954,128.51692630710275,176.42366562500263,47.90673931789988,142.33253012333418,29.798526551683274,96.3401917459099,179.4093427853536,83.0691510394437,123.49588840103225,36.79671763782448,53.13010235415597,162.3498757800699,109.21977342591393,19.199442111412363,14.329099793586177,23.625822057842242,14.819544560376775,14.639578313927545,14.060438480042793,20.434366006468366,18.544407949649514,0.8331174997841665,1.666234999568333,0.7837096194844347,1.5442320821418387,1.2003108808290157,1.0,0.0
C:\Users\Gabe\OneDrive\Desktop\CISC\CISC442\cisc-442-final\videos\cisc442 dog videos\Normals\Juno DiGregorio 918541\Gait Videos\IMG_9126.MOV,Juno DiGregorio 918541,Juno DiGregorio,0,159.85394362768665,13.301505550618353,130.8150838748816,176.63353933657007,45.81845546168847,160.5459824059279,14.161999812423398,130.89188782286416,180.0,49.10811217713584,165.3809681065946,5.605827537762693,159.77514056883192,170.9867956443573,11.211655075525385,159.74629073995766,3.1509802909899634,156.5953104489677,162.89727103094762,6.301960581979927,130.32534983691616,52.76935982877353,26.934696238925024,173.6598082540901,146.72511201516508,168.13274592233088,9.713088697802915,143.43690413140592,178.06941255883268,34.63250842742676,140.5645946448056,13.69469699896159,126.86989764584402,154.2592916437672,27.38939399792318,164.28661863883042,5.543464827022722,154.89543133476565,168.5788137250007,13.683382390235067,143.9726266148964,0.0,143.9726266148964,143.9726266148964,0.0,95.29569470422305,27.984947041989123,58.67130713219583,139.81620661131169,81.14489947911585,12.639366999195337,8.359420058525162,5.63467736663695,2.4548472467727294,11.27113094787056,10.334730562210396,27.78048319788077,13.460961116647255,1.4996496145760334,1.4996496145760334,1.2762973312207464,0.5077677318404498,0.6668224299065421,1.0,1.0
C:\Users\Gabe\OneDrive\Desktop\CISC\CISC442\cisc-442-final\videos\cisc442 dog videos\Normals\Juno DiGregorio 918541\Gait Videos\IMG_9127.MOV,Juno DiGregorio 918541,Juno DiGregorio,0,175.98599827367488,4.168636528251161,165.96375653207352,180.0,14.036243467926482,159.28941611438188,14.752669405341765,93.57633437499736,180.0,86.42366562500264,134.1530020859244,10.746854613332534,108.93900426024007,148.94323092055367,40.004226660313606,162.68324986383732,20.423928194905695,88.44659687583179,179.75824709073177,91.31165021489998,164.0431703152638,21.52819939790861,90.0,180.0,90.0,156.13941271709243,29.638591163379576,62.91250938596326,180.0,117.08749061403674,139.97439184155877,18.078046643016535,91.62497635752477,161.565051177078,69.94007481955323,168.04103445106702,11.43610885416217,128.65980825409008,180.0,51.34019174590992,151.91532887474224,23.80534726627218,101.36349660255362,179.34145682243653,77.9779602198829,122.30912976486636,28.416397222798313,56.725112015165074,165.96375653207352,109.23864451690844,18.069546032624796,13.361917748727315,32.65744934537775,12.00561400208189,19.861647588712636,25.89777032972655,27.138070854271135,13.715269247438664,1.4630851104728118,0.7315425552364059,0.9725869790072793,0.18679256737180255,1.3669744744744745,1.0,0.0
C:\Users\Gabe\OneDrive\Desktop\CISC\CISC442\cisc-442-final\videos\cisc442 dog videos\Normals\Juno DiGregorio 918541\Gait Videos\IMG_9128.MOV,Juno DiGregorio 918541,Juno DiGregorio,0,167.7108634259227,8.383418887001504,144.93638994342834,179.38394009159998,34.44755014817164,168.99209996947698,9.68060268823407,143.7073702715204,180.0,36.2926297284796,,,,,,117.14968169778317,0.0,117.14968169778317,117.14968169778317,0.0,157.87230652319175,16.830805497751154,120.52970589993411,180.0,59.470294100065885,153.08299885630973,28.365288233061392,50.906141113770495,180.0,129.0938588862295,144.84068890002015,20.03724501154281,113.96248897457819,179.09061955080105,65.12813057622286,159.36331880512236,14.440240663856484,122.29873503586101,177.66269414087634,55.363959105015326,153.36988303977319,13.49634286257581,136.90915243299636,172.87498365109818,35.96583121810181,44.96009501556508,51.80523607018051,3.0154725306359262,131.04164636361503,128.0261738329791,8.83945431355151,6.838348339824805,,,19.278981563472204,13.168056469295099,23.75804604742425,17.676399915314388,0.697523439505191,0.697523439505191,0.6465404667978708,1.2654469605880914,1.4336435786435786,1.0,1.0
C:\Users\Gabe\OneDrive\Desktop\CISC\CISC442\cisc-442-final\videos\cisc442 dog videos\Normals\Juno DiGregorio 918541\Gait Videos\IMG_9129.MOV,Juno DiGregorio 918541,Juno DiGregorio,0,171.10390092500563,8.276165434481195,139.08561677997488,180.0,40.914383220025115,153.83787476516434,27.740659490604276,34.6790456375023,180.0,145.3209543624977,138.89365133765182,11.35839297714527,113.97615360096187,163.39301942138297,49.41686582042111,163.9802912325835,22.410932316750262,92.09414319177536,180.0,87.90585680822464,167.95026120216153,14.840809731069449,127.87498365109819,180.0,52.12501634890181,162.0192129595163,17.33470845758449,108.43494882292201,178.3750236424751,69.94007481955309,150.94297725572392,8.964895538810193,123.6900675259798,165.06858282186246,41.378515295882664,161.73105405711587,13.551979100450524,124.8753283446022,180.0,55.124671655397805,166.75111168108796,12.956483172585328,94.60286826628595,177.27368900609378,82.67082073980782,132.81314727956314,26.726316878345035,88.15238973400541,180.0,91.84761026599459,19.91319242266188,25.986543006088677,29.239550724592075,13.38881844133826,14.717520969714307,17.22742156953203,17.595221334214706,11.057090696869373,0.5261868221153226,0.5261868221153226,1.432708815035268,0.5430581247427674,1.9004656862745097,0.9824561403508771,0.0
C:\Users\Gabe\OneDrive\Desktop\CISC\CISC442\cisc-442-final\videos\cisc442 dog videos\Normals\Juno DiGregorio 918541\Gait Videos\IMG_9130.MOV,Juno DiGregorio 918541,Juno DiGregorio,0,168.7224454927929,8.105896338058571,145.00797980144134,179.32197508924895,34.313995287807614,167.36337172182158,13.34616342683634,116.56505117707799,178.81269268427133,62.247641507193336,162.00796240852225,3.478718162514756,157.2971578767872,167.2380733170033,9.940915440216116,152.89426573891663,18.149629192931535,120.69972255081441,169.99202019855866,49.29229764774425,156.20189595711943,33.12649979656967,40.60129464500447,180.0,139.3987053549955,165.97271829171927,10.687287897407286,142.69605172201656,180.0,37.30394827798344,138.27342519286339,20.68160625155349,99.32359177813801,173.6598082540901,74.3362164759521,167.61129401155466,8.281707545708096,149.1189213030564,178.06941255883288,28.950491255776484,162.15201086015531,11.597241024248339,144.52002186577417,177.60499448312765,33.084972617353486,100.39227599563576,40.27723361307058,26.565051177077994,153.61196920563958,127.04691802856159,6.737349547475634,4.958273273661166,3.4903908541024578,2.2101878536310124,13.03513478413107,15.534595079769948,31.910601827377533,18.66245019188272,0.7498256219483841,0.7498256219483841,2.2500093858790366,0.9509335789596891,1.333643410852713,1.0,1.0
C:\Users\Gabe\OneDrive\Desktop\CISC\CISC442\cisc-442-final\videos\cisc442 dog videos\Normals\Juno DiGregorio 918541\Gait Videos\IMG_9132.MOV,Juno DiGregorio 918541,Juno DiGregorio,0,167.798090981509,8.577762954558002,148.1575427400148,178.745548377318,30.588005637303183,163.1495060547294,18.50942479063277,113.19859051364818,180.0,66.80140948635182,140.43824247308967,3.1009366139658425,137.33730585912383,143.53917908705552,6.201873227931685,141.1242540352771,25.4832482109718,115.64100582430528,166.60750224624888,50.9664964219436,164.86054373888192,12.195832357568886,137.12109639666144,180.0,42.87890360333856,168.60258437381202,9.893351655782979,148.79948539601938,178.66778014613058,29.868294750111204,141.12857972295018,12.642884469011825,121.56897112931834,158.13362934022146,36.56465821090312,169.5626345056628,8.975769777467425,153.434948822922,180.0,26.565051177078004,135.17274361153332,10.04205293717658,118.68614757373945,157.52056560289688,38.83441802915743,71.74943930512995,42.86036778233123,0.0,134.86706339512597,134.86706339512597,10.594033219151187,10.640934321184035,23.06832315919337,0.0,11.423167589128358,7.919525323162953,23.86516455722057,11.541812363531362,0.769045902427301,0.769045902427301,1.1305019269335594,1.0594461039343772,1.3003125,1.0,1.0
C:\Users\Gabe\OneDrive\Desktop\CISC\CISC442\cisc-442-final\videos\cisc442 dog videos\Normals\Juno DiGregorio 918541\Gait Videos\IMG_9136.MOV,Juno DiGregorio 918541,Juno DiGregorio,0,170.76126449062204,8.595849190387852,147.1313210666325,180.0,32.868678933367505,171.7447412942038,8.367845822800847,143.90900001194163,180.0,36.09099998805837,169.10896830556572,4.885915336128033,161.565051177078,175.23635830927387,13.671307132195864,140.9078178186948,17.672445485429037,110.96106573454156,160.89690910874927,49.93584337420771,160.6674260409739,15.250798931283791,112.38013505195958,180.0,67.61986494804042,167.30081829022055,15.911354478053891,95.71059313749964,180.0,84.28940686250036,158.6563217035845,11.186736583528798,131.63353933657018,175.3645365730973,43.73099723652712,160.90176004444294,15.716765827490427,113.83874018317172,178.79936601847564,64.96062583530392,152.7878185485079,3.362542953166596,147.26477372789242,155.61818812310452,8.353414395212098,35.50010807180282,25.74525052520475,4.763641690726143,78.69006752597979,73.92642583525364,7.222951995386349,6.414343149544559,20.714462465832582,14.181878642326758,18.03989206868325,13.84961275246917,19.654446908477038,14.848848089554185,0.5453188939883792,0.5453188939883792,1.0334196362341403,1.431796457712917,1.8337893864013266,1.0,1.0
C:\Users\Gabe\OneDrive\Desktop\CISC\CISC442\cisc-442-final\videos\cisc442 dog videos\Normals\Juno DiGregorio 918541\Gait Videos\IMG_9137.MOV,Juno DiGregorio 918541,Juno DiGregorio,0,173.76803567636813,4.60193607409832,161.13100054493856,180.0,18.86899945506144,159.8167162103349,11.58664774084027,125.07375449334829,178.21008939175374,53.13633489840545,142.67864181099182,7.589918327967809,128.68820061029587,158.19859051364818,29.51038990335232,161.72616187062457,10.152645756438039,136.76627048600906,179.34145682243653,42.575186336427464,172.63429364555265,5.9313811261052605,150.39554925399506,180.0,29.604450746004943,170.25167495744262,7.674960573544481,145.3590524880837,180.0,34.640947511916295,123.72198660956103,15.321890509599536,90.0,152.98733465206146,62.98733465206146,135.8586651315861,17.995821876332545,106.75026450502573,176.03534527714376,69.28508077211804,102.96950386528991,5.353887134446842,90.0,116.56505117707799,26.56505117707799,77.21724346984055,18.061945786900452,45.00000000000001,109.85521436932106,64.85521436932106,14.813313930672948,11.458124317504359,19.82931823483479,11.340780994045712,8.09814966431588,5.860206213664915,22.472748971878456,16.806295237665445,0.7141277214269914,0.7141277214269914,0.4771224431536028,0.9230742726114891,1.4003097345132745,1.0,0.0
C:\Users\Gabe\OneDrive\Desktop\CISC\CISC442\cisc-442-final\videos\cisc442 dog videos\Normals\Leotie Morucci 913558\Gait Videos\IMG_6794.MOV,Leotie Morucci 913558,Leotie Morucci,0,146.92811025258916,31.47744489931308,61.35238354319113,177.06432655357878,115.71194301038764,145.22547251606508,27.76241990040585,83.23382517744695,177.51044707800088,94.27662190055393,94.06990189645744,28.17069901463101,55.13780385308514,164.83875742186206,109.70095356877692,128.83254570325204,20.807575716165914,107.87869659584133,158.96248897457818,51.083792378736845,131.67944533142705,29.08752048518252,69.94390526342458,178.31531568210394,108.37141041867936,120.94560928471175,37.57758882985241,22.380135051959567,180.0,157.61986494804043,129.8463746752565,26.046680380539232,76.42956561483852,175.23635830927378,98.80679269443526,151.0302015861315,24.897316591859344,79.69515353123397,180.0,100.30484646876603,140.37256022011925,23.375787643967936,102.89374404488217,164.93151184050777,62.0377677956256,133.92977380120104,10.756644692672586,113.55226367289465,167.69607644594012,54.14381277304547,31.76290265574381,22.45710834142128,39.85851322643272,15.176423338978934,50.89934586538393,39.41107757256786,25.902175978092735,18.104006808749947,0.3487630044077707,1.046289013223312,1.670951444941955,4.536961437037863,2.8672765957446806,0.9418604651162791,1.0
C:\Users\Gabe\OneDrive\Desktop\CISC\CISC442\cisc-442-final\videos\cisc442 dog videos\Normals\Leotie Morucci 913558\Gait Videos\IMG_6797.MOV,Leotie Morucci 913558,Leotie Morucci,0,129.49502184073486,38.67759321735506,25.236263646903595,180.0,154.76373635309642,115.22460174658242,45.73720241625472,19.23949299131179,180.0,160.76050700868822,103.01516285574625,41.14591963425576,50.906141113770495,175.68397248013423,124.77783136636373,100.3416248279354,29.414253337475788,43.89829388479363,149.21585347367358,105.31755958887994,112.9814271945359,45.77249604735541,29.74488129694223,180.0,150.25511870305778,130.13457848251772,31.772367673070818,33.11134196037204,178.31531568210372,145.20397372173167,119.26058409928801,61.06766299021441,8.426969021480678,179.99999914622634,171.57303012474566,150.00726806634177,29.44522156847261,37.87498365109819,180.0,142.1250163489018,131.36046736034513,42.84361168514691,63.43494882292201,178.31531568210352,114.8803668591815,133.4669810333607,34.673337445083334,2.6025622024998034,172.50414236027012,169.90158015777033,59.94364312364979,38.94214646295978,29.885196835333467,32.67203010418482,67.02404934541916,52.61150164662672,55.86369416357154,57.86463304931428,1.3480394966402178,1.6850493708002723,0.16319139140792827,1.0236740373129778,2.9672721088435376,0.9550561797752809,0.0
C:\Users\Gabe\OneDrive\Desktop\CISC\CISC442\cisc-442-final\videos\cisc442 dog videos\Normals\Leotie Morucci 913558\Gait Videos\IMG_6798.MOV,Leotie Morucci 913558,Leotie Morucci,0,155.228949294733,22.649856270624706,69.77514056883193,180.0,110.22485943116807,106.74167287343963,49.35569695705252,20.32313682966293,180.0,159.67686317033707,104.40108660183722,29.20015513440273,44.30972280213492,175.23635830927387,130.92663550713894,126.50307206777853,39.8265591928336,37.95718700863072,175.44971886233608,137.49253185370537,154.65706889332517,17.920836360326625,127.50414236027015,177.83892051177367,50.334778151503514,56.979007856182896,43.58639486740857,0.0,122.66091272167381,122.66091272167381,149.76868018249525,16.660020587989724,113.62937773065683,164.93151184050777,51.30213410985094,120.98692219351544,75.42082108589331,7.125016348901757,180.0,172.87498365109823,129.8696711234048,31.837468620919942,45.0,180.0,135.0,146.47534891042338,12.356741218242528,80.74897042792234,171.86989764584405,91.1209272179217,64.24645054032715,51.45222488550229,55.16352269285618,25.90808553988082,116.28772279380003,61.551197717973636,32.711153164276354,20.331150080841624,0.3060649179799715,2.1424544258598006,0.3452934993609669,0.05467490992876206,3.267280701754386,0.9897959183673469,1.0
C:\Users\Gabe\OneDrive\Desktop\CISC\CISC442\cisc-442-final\videos\cisc442 dog videos\Normals\Leotie Morucci 913558\Gait Videos\IMG_6799.MOV,Leotie Morucci 913558,Leotie Morucci,0,129.95665511249084,33.34104320257597,55.92280471986926,177.51044707800102,121.58764235813176,134.06738442235223,36.87828984132261,29.79759129082384,180.0,150.20240870917615,133.11384001129707,27.953618644518283,72.18111108547723,174.38241940987314,102.20130832439591,100.40378697484545,49.07444043589186,27.428741221677562,177.27368900609378,149.8449477844162,124.7907255543539,44.885011083322055,8.13010235415596,173.99099404250546,165.8608916883495,140.7587429255676,25.773497444284605,71.56505117707799,176.82016988013584,105.25511870305785,122.06327123518838,55.93683419400143,2.1210963966614473,177.27368900609366,175.15259260943222,150.85218095946678,26.111801111564915,26.565051177078008,180.0,153.434948822922,94.35947553212645,43.61477438480831,33.6900675259798,146.30993247402023,112.61986494804043,139.3899841954467,21.884685149091318,1.8476102659947131,173.65980825409005,171.81219798809533,35.21908239830296,26.61763530176261,62.209257817890446,41.11888827465068,25.384081397732032,27.225833365471264,42.48975987171497,46.32008370934454,2.54177340649591,5.08354681299182,0.5860701876586988,26.885583733460813,1.967130503144654,0.9830508474576272,0.0
C:\Users\Gabe\OneDrive\Desktop\CISC\CISC442\cisc-442-final\videos\cisc442 dog videos\Normals\Leotie Morucci 913558\Gait Videos\IMG_6800.MOV,Leotie Morucci 913558,Leotie Morucci,0,152.66633701585172,23.764165202660678,70.267310500339,180.0,109.732689499661,130.92275334451068,39.372029262047796,37.18044083534992,180.0,142.8195591646501,106.51731965479382,31.78033390331277,61.50436138175502,174.20720350496785,112.70284212321283,104.11294303208714,57.78013386864015,25.263098504499123,175.85288068942498,150.58978218492587,144.29975008663183,18.379769602284235,106.31385242626057,175.23635830927387,68.9225058830133,110.21325393545779,44.03021070934735,24.38181187689549,180.0,155.61818812310452,152.87884007640926,27.499420427075005,63.43494882292201,176.0548137709625,112.6198649480405,67.54307586665765,46.10877680426715,0.0,180.0,180.0,127.59357639976324,35.353717206687236,49.9697407281103,180.0,130.0302592718897,150.05441594217987,9.323032897129583,129.0938588862295,171.86989764584405,42.77603875961455,37.69820449303612,34.924108197680795,83.99103702931731,35.49909638436439,74.1199086329122,36.214270749880875,68.75686009646472,33.57442077018103,0.34083866969634374,3.067548027267094,0.3194654159511716,0.19258210045937216,2.9339393939393936,0.9431818181818182,1.0
C:\Users\Gabe\OneDrive\Desktop\CISC\CISC442\cisc-442-final\videos\cisc442 dog videos\Normals\Leotie Morucci 913558\Gait Videos\IMG_6801.MOV,Leotie Morucci 913558,Leotie Morucci,0,119.60282714483155,42.27126295651316,20.85445803957836,180.0,159.14554196042164,123.48708531458288,41.93405786492294,40.601294645004465,173.45370921670602,132.85241457170156,129.6510285027357,46.33751392545748,18.434948822922035,170.90972307917764,152.4747742562556,104.8884470175608,60.44219705986656,31.686367687856595,180.0,148.3136323121434,126.02201784211707,45.49581603876431,41.82016988013577,172.87498365109818,131.0548137709624,132.7085200850546,37.63670332913394,18.503402529315743,180.0,161.49659747068426,95.78516647999672,56.120885171953965,15.422161318738677,175.03025927188966,159.60809795315097,152.09491130131593,18.3775413910427,110.94747058695117,178.31531568210352,67.36784509515235,116.90850792064988,36.61139846716712,33.690067525979785,161.565051177078,127.87498365109822,147.2535381816311,12.951516411087127,108.5869266614859,173.08877288097534,64.50184621948944,48.945102702510525,35.75944167241145,78.17730884781513,51.69793079530971,36.717043491944736,36.76240146704192,51.670099385438675,42.16669680661356,5.713027338220027,4.284770503665021,0.20597223816162402,5.9822422282435666,2.100462555066079,1.0,0.0
C:\Users\Gabe\OneDrive\Desktop\CISC\CISC442\cisc-442-final\videos\cisc442 dog videos\Normals\Leotie Morucci 913558\Gait Videos\IMG_6802.MOV,Leotie Morucci 913558,Leotie Morucci,0,149.66904423528948,23.38425125501972,79.26110289909457,180.0,100.73889710090543,89.16121089213122,47.938814535682745,23.86017519134233,180.0,156.13982480865766,116.19496360166373,31.029832609274678,46.88818800674093,166.87959684702275,119.99140884028182,124.02625337017595,56.782318931874784,26.200114841347332,176.2686030008397,150.06848815949238,152.73885691234722,20.393140911739266,103.13402230639633,180.0,76.86597769360367,106.16919822502082,20.210055307965032,71.56505117707799,122.47119229084849,50.9061411137705,149.37823079827518,17.904374463950415,115.34617594194668,173.08877288097534,57.74259693902866,120.29617033052985,57.49080883308465,14.03624346792651,180.0,165.9637565320735,133.17109692500028,31.782584068267475,79.69515353123397,180.0,100.30484646876603,145.6051329055209,11.595881934361543,120.86089168834948,176.8778695378843,56.01697784953481,59.185893327798375,45.64094815792148,59.37958259900561,29.751775440800202,101.43368126542664,0.0,59.43428127013325,55.30850720692278,1.4512903942493065,1.4512903942493065,0.2483228093663694,0.17459794750840832,2.067125925925926,0.9516129032258065,1.0
C:\Users\Gabe\OneDrive\Desktop\CISC\CISC442\cisc-442-final\videos\cisc442 dog videos\Normals\Leotie Morucci 913558\Gait Videos\IMG_6803.MOV,Leotie Morucci 913558,Leotie Morucci,0,123.1535830923387,39.87804892297762,14.743562836470744,180.0,165.25643716352926,121.3002516020884,36.775957378473045,29.931511840507774,180.0,150.06848815949223,107.92332584901479,39.909461553332406,29.232817457524327,165.69972255081444,136.4669050932901,104.70141098170772,31.596372354590994,63.610164727827346,145.73889710090543,82.1287323730781,100.58237091778369,48.3832663712674,31.20051460398064,161.56505117707798,130.36453657309733,131.7425767173446,38.57056347824933,10.738897100905428,177.6626941408762,166.92379703997076,136.80294772382533,36.19387985219992,30.96375653207352,176.6335393365703,145.66978280449678,151.7525988308721,20.707416159613857,101.30993247402021,180.0,78.69006752597979,106.90408332909784,21.407244834221107,66.37062226934319,146.30993247402026,79.93931020467707,142.26996842943657,21.483688805345157,3.3664606634298315,172.87498365109823,169.5085229876684,44.09200735671259,35.702537912558846,39.802872289806906,21.79383501406421,50.9191312383469,42.07502646335055,32.35542788891507,29.833248734121945,4.686489980607627,4.217840982546864,0.2195532130641586,6.16883238407178,2.133793103448276,0.984375,0.0
C:\Users\Gabe\OneDrive\Desktop\CISC\CISC442\cisc-442-final\videos\cisc442 dog videos\Normals\Leotie Morucci 913558\Gait Videos\IMG_6804.MOV,Leotie Morucci 913558,Leotie Morucci,0,148.64160756703703,29.202656119917837,27.112446427955717,180.0,152.88755357204428,138.613954488017,51.43813571636056,36.86989764584401,176.2686030008397,139.39870535499568,107.05475669061404,37.075712308345935,40.426078740099136,159.77514056883192,119.34906182873277,133.3437862540514,42.75031084913868,22.084893712738822,174.7099187946288,152.62502508189,144.64782360718797,34.10288999969923,29.744881296942214,180.0,150.25511870305778,102.1246049960031,31.87816836955999,53.13010235415599,161.565051177078,108.43494882292202,149.99335273352492,24.375173945207223,71.56505117707799,180.0,108.43494882292201,86.50343774135689,28.123403939341546,23.198590513648202,116.56505117707799,93.36646066342979,139.09153037764287,34.955009864415146,38.65980825409008,180.0,141.34019174590992,156.31395444573002,21.837925434932952,32.650802296595565,180.0,147.34919770340443,36.89103131139274,41.98557260086464,56.5301536601382,33.379178887815094,66.42576366062339,20.576468197238775,62.72377407148152,36.99710366844533,0.7892821108826421,1.5785642217652842,0.11287931484485822,0.03250448243596218,2.533948220064725,0.9736842105263158,1.0
C:\Users\Gabe\OneDrive\Desktop\CISC\CISC442\cisc-442-final\videos\cisc442 dog videos\Normals\Leotie Morucci 913558\Gait Videos\IMG_6805.MOV,Leotie Morucci 913558,Leotie Morucci,0,116.26386513023041,36.4323734810569,51.97276928602646,177.51044707800088,125.53767779197442,127.4761975979553,34.060612613783846,43.78112476486871,177.51044707800074,133.72932231313203,145.1535496789668,26.846859656711736,85.60129464500447,179.68519119261134,94.08389654760687,102.04202556968285,48.96952182402601,29.291362170984268,174.54608111140868,145.25471894042442,130.5757249347898,46.69976777231995,35.614481739956936,171.86989764584405,136.2554159058871,134.6589497411019,30.340216334705982,55.30484646876603,175.60129464500443,120.2964481762384,151.73766266369395,31.914642692790537,40.23635830927382,176.82016988013575,136.58381157086194,154.2791556783441,18.820312133575115,96.3401917459099,180.0,83.6598082540901,109.06371335457101,35.094323119238865,30.96375653207352,155.69545073406331,124.7316942019898,145.65199328717756,10.746459335724401,123.62675729814069,180.0,56.37324270185931,40.31080354150483,26.376927692186904,61.4753444521967,41.38222768720828,52.65491311311175,30.895007360331036,14.342067899547976,14.214958163409563,0.379658951426504,4.176248465691544,2.4735274707945805,5.42339658747113,2.633942901234568,0.9873417721518988,0.0
C:\Users\Gabe\OneDrive\Desktop\CISC\CISC442\cisc-442-final\videos\cisc442 dog videos\Normals\Leotie Morucci 913558\Gait Videos\IMG_6806.MOV,Leotie Morucci 913558,Leotie Morucci,0,147.82219771859315,31.324672315108636,62.10272896905237,180.0,117.89727103094762,115.4588535279459,47.04453384346091,41.70265363297896,180.0,138.29734636702105,106.38764454132114,33.6515467738631,39.09385888622951,164.838757421862,125.74489853563249,119.81615366508228,44.79400354903887,33.95905981967628,177.02626891751996,143.0672090978437,144.04711723606815,25.648225015151002,106.50436138175502,180.0,73.49563861824498,121.8292960568881,10.264009751885721,111.03751102542181,135.00000000000003,23.96248897457822,153.135445030079,19.336590963015915,123.11134196037203,180.0,56.88865803962797,151.44542875781636,13.878607646892752,135.0,176.0548137709625,41.05481377096251,112.12158441666044,24.161898706099535,66.80140948635182,163.30075576600638,96.49934627965456,145.01565325266097,8.431276411968094,128.418055344822,167.30920950084513,38.891154156023134,51.5472936709303,33.103404911274005,52.38762025511431,36.86030489156334,,,12.163871373420847,0.0,2.8118991668446913,2.3432493057039094,0.13866686014859228,0.07077005773822374,2.133789173789174,1.0,1.0
C:\Users\Gabe\OneDrive\Desktop\CISC\CISC442\cisc-442-final\videos\cisc442 dog videos\Normals\Leotie Morucci 913558\Gait Videos\IMG_6807.MOV,Leotie Morucci 913558,Leotie Morucci,0,116.58297781746685,41.92578868038519,31.313543270189722,180.0,148.6864567298103,126.99070784978836,36.108500020785506,39.382419409873165,178.6677801461303,139.28536073625713,129.25930196711937,44.46414405107999,40.893502834829576,176.38611924799625,135.49261641316667,101.03260796352484,39.0372869307542,43.31531568210372,173.88449643371467,130.56918075161096,108.1681346091563,52.81008132295947,24.197581709520463,180.0,155.80241829047952,137.770797971422,32.17518836695223,46.44412553093585,180.0,133.55587446906415,134.4774413263445,46.31483192024713,5.617580590126796,177.27368900609378,171.65610841596697,143.78820660668788,29.564669679353457,21.80140948635181,180.0,158.19859051364818,104.65268426266327,30.844631533412297,33.690067525979785,168.69006752597977,135.0,141.18326094061166,12.332692768105444,113.59132009459789,175.9143832200252,62.32306312542731,48.130157091190206,33.133981447589996,44.87978376898138,33.732007122564085,58.597461940958425,46.84319487247543,43.553365927677476,32.15176315615075,3.199219702511582,1.9995123140697388,3.511509001657467,5.915167165152369,2.5006097560975613,0.9866666666666667,0.0
C:\Users\Gabe\OneDrive\Desktop\CISC\CISC442\cisc-442-final\videos\cisc442 dog videos\Normals\Leotie Morucci 913558\Gait Videos\IMG_6808.MOV,Leotie Morucci 913558,Leotie Morucci,0,145.54628104115386,32.24240774133407,45.79572355273928,180.0,134.20427644726072,125.15272768801044,50.06300498765819,19.384515679357808,180.0,160.6154843206422,101.23118399052387,31.90866372755023,34.99202019855866,160.37156175309596,125.3795415545373,108.6545977517693,39.70971906911464,38.45370921670597,177.8050688767961,139.35135966009014,140.51076379197661,23.31338786358842,90.0,176.0548137709624,86.0548137709624,81.25708300801017,50.50916343384663,18.434948822922,172.0565281894096,153.6215793664876,150.64320308327768,21.889923689987548,96.91122711902469,172.87498365109818,75.96375653207349,131.09901084931042,43.27176314180169,71.56505117707799,180.0,108.43494882292201,131.594964803342,28.830173470571474,63.43494882292202,175.23635830927378,111.80140948635176,148.15586173584714,9.096511384787942,122.90524292298791,170.5376777919744,47.63243486898649,59.582190239318074,50.46378074822015,62.45890069769828,35.478714835848095,63.3946038858449,11.078516491365132,58.759833983528985,31.35042465585423,1.785326171329214,0.7141304685316856,0.14630838194954898,0.04208955112748491,2.800608695652174,0.9523809523809523,1.0
C:\Users\Gabe\OneDrive\Desktop\CISC\CISC442\cisc-442-final\videos\cisc442 dog videos\Normals\Leotie Morucci 913558\Gait Videos\IMG_6809.MOV,Leotie Morucci 913558,Leotie Morucci,0,131.50047680613957,34.36592400634611,51.00900595749453,180.0,128.99099404250546,122.57162272172522,41.47487232297543,22.1263348093733,180.0,157.8736651906267,109.17364464380616,29.77221291186453,70.80453239994712,169.08411756830694,98.27958516835982,82.64827255262908,35.85023067160817,40.12610357779522,163.07248693585296,122.94638335805774,141.9059462250702,22.281274605251348,125.75388725443676,180.0,54.24611274556324,143.29989027498777,24.618475323645136,63.43494882292201,180.0,116.56505117707799,121.67949570291754,67.44730585993906,5.527540151656193,172.87498365109818,167.347443499442,150.95149140454828,22.210302126875263,83.6598082540901,178.6677801461303,95.0079718920402,108.13918926169673,21.791297225921003,71.56505117707799,144.46232220802563,72.89727103094764,149.7998740486281,8.30833728716262,131.5935562450053,170.40686573726973,38.81330949226444,42.362328305862285,34.215450011350356,36.78487274123519,30.109660510107947,25.533141312849494,16.287028567286256,57.158123024074406,71.06348902987439,1.5785660722683308,1.5785660722683308,1.4325531241728484,6.451389171815491,1.9004589371980676,0.9824561403508771,0.0
C:\Users\Gabe\OneDrive\Desktop\CISC\CISC442\cisc-442-final\videos\cisc442 dog videos\Normals\Maple Jane Sauer 985509\Gait Videos\IMG_9508.MOV,Maple Jane Sauer 985509,Maple Jane Sauer,0,137.10839380872366,24.517734608645906,99.63753811293094,176.82016988013575,77.18263176720481,125.36051416034366,36.68278634332498,26.565051177077994,178.85423716182487,152.28918598474687,83.97745784580354,36.687703658267,46.54815769897797,144.24611274556324,97.69795504658526,139.46776740195767,28.935020019180808,92.29061004263853,164.98163936884933,72.6910293262108,147.4637257461473,43.59371687691806,62.48010756904983,180.0,117.51989243095016,149.38141578112186,28.92672993081255,82.14668669802178,180.0,97.85331330197822,118.35117238775808,52.41156742655113,29.74488129694223,165.9637565320735,136.21887523513126,143.13885828509558,21.829300733884807,90.0,180.0,90.0,141.34019174590992,0.0,141.34019174590992,141.34019174590992,0.0,153.8803360155292,33.688392299368616,23.369113163482083,178.38190546726253,155.01279230378043,39.943525343770084,20.923119564617082,34.50925218491507,27.648370039796568,13.913181874028865,2.032214026893868,25.377282665551093,6.942333842629083,0.5658895972110433,0.5658895972110433,0.5194314942578745,3.0046051365268305,1.767129144851658,0.9622641509433962,0.0
C:\Users\Gabe\OneDrive\Desktop\CISC\CISC442\cisc-442-final\videos\cisc442 dog videos\Normals\Maple Jane Sauer 985509\Gait Videos\IMG_9511 2.MOV,Maple Jane Sauer 985509,Maple Jane Sauer,0,132.82854393258876,33.836539911242426,62.62229722866828,169.69515353123398,107.0728563025657,134.7111678454611,38.74249799783934,21.34578664908977,177.6626941408762,156.31690749178642,95.9061411137705,0.0,95.9061411137705,95.9061411137705,0.0,117.82502757392791,26.967536666274626,98.13010235415598,176.09950625761812,77.96940390346214,140.07157088377096,11.459855260268872,123.11134196037203,155.22485943116806,32.113517470796026,152.53576230098463,13.741162146006815,131.82016988013575,177.33699923393283,45.51682935379708,153.90387978221213,18.859623093488864,119.5387822595581,173.88449643371456,54.345714174156456,140.80609026971007,30.46261430132941,53.343891584033095,176.2686030008395,122.92471141680642,86.82990412704504,3.1700958729549527,83.6598082540901,90.0,6.340191745909905,161.13896651911654,13.545768995829308,118.14160123226173,178.37885408634688,60.23725285408514,26.36883494216711,18.39612751372298,7.088475678145997,0.0,8.87238708211874,9.643375756803135,26.88124654358719,26.896839692175785,0.6120700208103808,3.0603501040519037,0.4029879085038468,19.045469338750184,1.6338,1.0,0.0
C:\Users\Gabe\OneDrive\Desktop\CISC\CISC442\cisc-442-final\videos\cisc442 dog videos\Normals\Maple Jane Sauer 985509\Gait Videos\IMG_9512 2.MOV,Maple Jane Sauer 985509,Maple Jane Sauer,0,152.63961218748543,22.44656478341884,96.3401917459099,180.0,83.6598082540901,125.85117601639436,31.16956232732916,57.89374404488215,173.99099404250546,116.09724999762332,114.78491708173785,11.942858112998664,84.47245984834383,133.3028438103997,48.830383962055876,106.80976395981551,14.156331632401116,81.86989764584403,127.44093301895882,45.57103537311478,134.764936190801,34.688970300136305,60.25511870305777,180.0,119.74488129694222,50.36944855045275,44.02925680454279,6.340191745909966,94.39870535499554,88.05851360908558,148.43449569108188,22.70138845357536,98.13010235415598,177.1844433157889,79.05434096163293,90.89495530412303,52.23514705003295,38.65980825409008,143.13010235415598,104.4702941000659,112.56892537608825,45.738215077740776,24.443954780416547,180.0,155.55604521958344,166.22033145714215,3.634080524003895,162.47443162627712,172.1003083857348,9.625876759457668,31.77063149274078,23.871812428921906,18.794891039143156,7.9993579523312315,34.143586651937774,0.0,10.304846468766016,0.0,2.0,2.0,0.09072157905309394,0.021585109824307672,1.5,1.0,1.0
C:\Users\Gabe\OneDrive\Desktop\CISC\CISC442\cisc-442-final\videos\cisc442 dog videos\Normals\Maple Jane Sauer 985509\Gait Videos\IMG_9513 2.MOV,Maple Jane Sauer 985509,Maple Jane Sauer,0,140.22234816538872,26.67410121281861,80.07375449334829,172.18470645323316,92.11095195988487,144.75247754331923,32.2587674761007,75.96375653207353,180.0,104.03624346792647,143.18677466352514,29.688208987573034,113.49856567595211,172.87498365109818,59.37641797514607,111.3778934495859,23.857507315094296,65.87901688055743,137.22396124038548,71.34494435982805,149.68648522163514,16.57251236403204,126.86989764584402,171.95710576649464,45.087208120650615,139.8306077132055,26.34888589566036,57.33908727832619,172.87498365109823,115.53589637277204,129.4240270712575,54.20971102663558,21.37062226934318,160.55996517182376,139.18934290248058,141.0231779854724,28.51149608674276,65.05609473657542,180.0,114.94390526342458,124.54391078066105,21.84771364629869,86.82016988013577,147.52880770915152,60.70863782901576,160.2387099113201,10.536144158371373,110.18580300946486,176.49097341138352,66.30517040191866,29.073613153872724,23.204171673955123,35.6510224107127,0.0,21.228274712190426,6.982668791749006,85.00142430445996,2.0629022491188707,2.999312084384315,2.999312084384315,0.3384630801511615,2.311473333743869,2.0004587155963303,1.0,0.0
C:\Users\Gabe\OneDrive\Desktop\CISC\CISC442\cisc-442-final\videos\cisc442 dog videos\Normals\Maple Jane Sauer 985509\Gait Videos\IMG_9514 2.MOV,Maple Jane Sauer 985509,Maple Jane Sauer,0,147.55301648432442,24.761032752390467,86.18592516570965,178.78112476486868,92.59519959915903,106.60010689918228,38.53086126565366,63.43494882292201,149.47029410006587,86.03534527714386,126.68392678581318,16.529655913031203,86.63353933657021,157.16634582208246,70.53280648551225,102.20166885698576,13.428862420527178,74.15378884624418,124.50852298766841,50.35473414142423,146.6388211570053,45.92857203980253,31.759480084812786,178.17203175569503,146.41255167088224,117.63844962889269,53.38892375621095,64.24952587268173,171.02737338510363,106.7778475124219,133.23699631846915,36.12752614351402,48.458724318806425,165.77403610124819,117.31531178244177,73.6393162395352,43.04158443434961,13.134022306396298,109.65382405805332,96.51980175165701,131.40855619199303,38.70434182937222,26.56505117707798,180.0,153.43494882292202,167.75588368412357,4.3209440563026655,162.30636000652828,172.87498365109823,10.568623644569954,40.372797472031394,26.33780733520162,24.003638532587296,15.343985841053197,4.199926808430519,0.0,48.63984182218118,5.760938218842625,1.3043478260869565,,3.706989148743257,0.02002420328281449,1.5333333333333334,0.9565217391304348,1.0
C:\Users\Gabe\OneDrive\Desktop\CISC\CISC442\cisc-442-final\videos\cisc442 dog videos\Normals\Maple Jane Sauer 985509\Gait Videos\IMG_9517 2.MOV,Maple Jane Sauer 985509,Maple Jane Sauer,0,147.38572859881938,34.37660388823545,11.309932474020162,180.0,168.69006752597983,119.97456346738264,32.075109890228845,71.20011484134734,171.57303097851934,100.372916137172,131.0282737318705,12.534098793184317,105.94539590092286,153.434948822922,47.489552921999135,103.9838081603454,57.89205947900147,34.45556684130646,176.18592516570953,141.73035832440308,142.97779271397448,25.979574193396928,66.80140948635182,177.3974377975002,110.59602831114839,151.44677813901333,7.068253381503047,143.13010235415598,160.40771810894847,17.277615754792492,146.12656125315323,20.161042836178023,111.03751102542181,168.6900675259798,57.65255650055799,150.89363543135144,20.244335049081666,120.96375653207352,175.42607874009911,54.4623222080256,145.9867216219985,32.28623552584919,86.18592516570965,176.82016988013575,90.6342447144261,153.8760497535328,11.175551392928933,142.12501634890182,172.33804884502783,30.213032496126004,53.84914044257284,37.5840175134282,70.2988538251185,19.54201142083153,10.856413348062233,0.0,2.95307055688523,0.2267595629789625,1.7642264729852823,,0.6673732983232332,0.07128381862193896,2.2672826086956523,1.0,1.0
C:\Users\Gabe\OneDrive\Desktop\CISC\CISC442\cisc-442-final\videos\cisc442 dog videos\Normals\Maple Jane Sauer 985509\Gait Videos\IMG_9519 2.MOV,Maple Jane Sauer 985509,Maple Jane Sauer,0,150.80425407065547,31.74868777811237,24.425101283396085,180.0,155.5748987166039,110.98233167730272,40.96674911823294,24.03428815944259,161.565051177078,137.53076301763542,122.64737893496135,18.919535162894682,80.47997813422586,156.44773632710533,75.96775819287947,96.02591285925159,3.194911181386317,92.83100167786527,99.22082404063791,6.389822362772634,152.67646480943696,13.438476964746682,131.63353933657018,168.6900675259798,37.05652818940962,136.7859529262083,30.09070124096668,95.1944289077348,177.39743779750006,82.20300888976526,144.44615011053318,29.19836587577579,90.0,180.0,90.0,98.909091489177,39.24043909503135,30.256437163529277,174.20720350496785,143.95076634143857,144.91168640778133,23.734572355769238,106.50436138175502,177.87890360333873,71.37454222158371,161.24278781224237,18.49521654152775,130.42607874009914,179.41536947929512,48.98929073919598,95.74082174957991,29.53572646314905,12.38783624645739,1.2855234574323546,,,100.66978280449665,0.0,2.8838484036569656,,0.4840301939653932,0.01610243794512442,1.7337943262411348,0.9807692307692307,1.0
C:\Users\Gabe\OneDrive\Desktop\CISC\CISC442\cisc-442-final\videos\cisc442 dog videos\Normals\Maple Jane Sauer 985509\Gait Videos\IMG_9521 2.MOV,Maple Jane Sauer 985509,Maple Jane Sauer,0,148.25384448043005,29.22399517902574,73.61045966596522,180.0,106.38954033403478,119.17206052643644,43.50039295700634,33.59128179711821,164.98163936884933,131.39035757173113,123.46644184919832,21.399943960485743,61.50436138175502,161.16156644201925,99.65720506026423,125.72656912321236,21.785104422656797,110.03101268089773,162.97947438848016,52.948461707582425,156.54276971399534,23.00926907207283,78.69006752597979,180.0,101.30993247402021,126.69658431483677,19.701315079522058,104.65135857182217,158.38522105721376,53.73386248539158,142.9984686274772,28.072562467328463,43.95837332399004,177.3974377975002,133.43906447351017,96.3319111162174,17.29894409545059,74.74488129694222,126.86989764584402,52.125016348901795,133.7160329170606,23.617513812045143,85.60129464500447,179.99999879258172,94.39870414757725,156.79474390193545,30.091593364155248,20.556045219583478,180.0,159.44395478041653,64.33844431775731,51.03247076270941,27.804377092224442,16.75271812750964,50.110417561031156,0.0,29.167613379577773,0.0,0.6739844868357004,,0.13175758824972353,0.04195236999337931,2.9674273504273505,0.9775280898876404,1.0
C:\Users\Gabe\OneDrive\Desktop\CISC\CISC442\cisc-442-final\videos\cisc442 dog videos\Normals\Maple Jane Sauer 985509\Gait Videos\IMG_9522 2.MOV,Maple Jane Sauer 985509,Maple Jane Sauer,0,139.41386782151713,28.19104985976435,77.9052429229879,175.6012946450045,97.69605172201659,147.1179772604063,27.20945105454372,85.60129464500447,178.05851360908565,92.45721896408118,117.29952506713664,0.4590155339233988,116.84050953321324,117.75854060106003,0.9180310678467976,97.8218290074307,34.22542170360145,34.69515353123399,164.4136955085268,129.71854197729283,129.1523643999788,43.503051318625744,46.04162667600997,172.23483398157464,126.19320730556467,139.36851282326404,16.856672086052626,108.43494882292202,162.2553283749431,53.82037955202108,132.82278262479886,32.49758529440596,81.19320730556468,178.21008939175394,97.01688208618926,137.36776557508477,37.904221412713895,53.972626614896406,178.85423716182518,124.88161054692878,132.6181791546369,2.3818208453630945,130.2363583092738,135.0,4.763641690726189,161.67144963054946,31.652960463165456,6.654425046006582,180.0,173.3455749539934,34.24019712542955,24.7875732301862,47.57318597531358,0.0,28.32819222824071,0.0,70.03793358282877,9.889803829304512,1.7905528659913832,1.7905528659913832,0.27873927147856303,6.563485053235337,2.2339468864468865,1.0,0.0
C:\Users\Gabe\OneDrive\Desktop\CISC\CISC442\cisc-442-final\videos\cisc442 dog videos\Normals\Maple Jane Sauer 985509\Gait Videos\IMG_9524 2.MOV,Maple Jane Sauer 985509,Maple Jane Sauer,0,141.76805175440387,32.28096101599479,78.69006752597979,168.11134196037204,89.42127443439226,137.53429800611838,33.23204723389123,62.10272896905237,180.0,117.89727103094762,,,,,,121.02079170372465,25.412716617879852,88.66778014613037,152.10272896905238,63.43494882292201,113.87452145142781,34.3659984637594,79.50852298766841,148.2405199151872,68.7319969275188,125.30130494620755,43.80329198382409,15.541595213334869,165.96375653207355,150.4221613187387,125.42912113154118,20.360565013550637,97.1250163489018,144.16234704572173,47.037330696819936,139.03197667361795,52.97226077396889,2.829175837630426,180.0,177.17082416236957,141.6474615272323,27.119340029811976,122.47119229084849,180.0,57.52880770915151,171.31311708065633,6.7741209380326,153.2211595930449,180.0,26.778840406955112,40.853882147592294,26.23864397708714,,,68.62549931872789,0.0,50.76346523057585,22.050828625199344,0.5998315080033698,2.9991575400168493,0.22298987239895354,15.012673601020323,1.6671348314606742,0.96,0.0
C:\Users\Gabe\OneDrive\Desktop\CISC\CISC442\cisc-442-final\videos\cisc442 dog videos\Normals\Maple Jane Sauer 985509\Gait Videos\IMG_9525 2.MOV,Maple Jane Sauer 985509,Maple Jane Sauer,0,,,,,,116.56505117707799,0.0,116.56505117707799,116.56505117707799,0.0,149.6210605964671,15.416784149206379,134.20427644726072,165.03784474567348,30.833568298412757,112.38013505195958,0.0,112.38013505195958,112.38013505195958,0.0,,,,,,,,,,,,,,,,,,,,,165.01836742760906,0.0,165.01836742760906,165.01836742760906,0.0,,,,,,,,21.82414139530114,0.0,,,,,,,22.41777917973643,1.0,0.800156862745098,0.9583333333333334,1.0
C:\Users\Gabe\OneDrive\Desktop\CISC\CISC442\cisc-442-final\videos\cisc442 dog videos\Normals\Maple Jane Sauer 985509\Gait Videos\IMG_9528 2.MOV,Maple Jane Sauer 985509,Maple Jane Sauer,0,,,,,,153.434948822922,0.0,153.434948822922,153.434948822922,0.0,,,,,,,,,,,153.434948822922,0.0,153.434948822922,153.434948822922,0.0,156.49916158753206,7.792200583452228,148.70696100407983,164.29136217098429,15.584401166904456,157.48486640935445,21.18291373677559,136.30195267257886,178.66778014613004,42.36582747355118,,,,,,,,,,,,,,,,,,,,,,,,,,2.15281679818543,4.298978669218702,0.6668217054263565,0.65,0.0
C:\Users\Gabe\OneDrive\Desktop\CISC\CISC442\cisc-442-final\videos\cisc442 dog videos\Normals\Maple Jane Sauer 985509\Gait Videos\IMG_9529 2.MOV,Maple Jane Sauer 985509,Maple Jane Sauer,0,110.16560926234325,63.009730145803296,3.556181094255126,156.80140948635182,153.2452283920967,166.29621228109082,4.731161104012813,161.565051177078,171.02737338510363,9.462322208025626,,,,,,,,,,,175.36453657309738,0.0,175.36453657309738,175.36453657309738,0.0,119.05711725413033,72.62391312005171,16.99082329198616,180.0,163.00917670801385,142.23574353766867,36.266082341642054,88.75463573323165,175.60129464500443,86.84665891177278,83.91722724021456,65.97970595680952,29.9315118405078,176.82016988013584,146.88865803962804,,,,,,,,,,,47.33730585912383,0.0,,,,,57.482874403817306,42.89496795896908,,,0.7038162084576707,1.204460350419262,1.1669753086419754,1.0,1.0
C:\Users\Gabe\OneDrive\Desktop\CISC\CISC442\cisc-442-final\videos\cisc442 dog videos\Normals\Maple Jane Sauer 985509\Gait Videos\IMG_9534 2.MOV,Maple Jane Sauer 985509,Maple Jane Sauer,0,,,,,,137.94886559344064,34.160420435098274,90.57581759324499,169.83583036415493,79.26001277090994,,,,,,,,,,,,,,,,161.08677766840086,11.700239267544333,143.13010235415598,175.23635830927387,32.10625595511789,137.7927023657133,0.0,137.7927023657133,137.7927023657133,0.0,161.20950845299265,11.094547456255784,145.61965527615513,170.5376777919744,24.918022515819274,101.90913274093323,53.912048333925355,30.96375653207351,161.565051177078,130.6012946450045,66.37828513289799,7.342041664971497,59.03624346792648,73.72032679786948,14.684083329942993,,,,,,,,,,,16.780959523695184,363.8501807817705,0.6668246445497631,0.85,0.0
C:\Users\Gabe\OneDrive\Desktop\CISC\CISC442\cisc-442-final\videos\cisc442 dog videos\Normals\Maple Jane Sauer 985509\Gait Videos\IMG_9535 2.MOV,Maple Jane Sauer 985509,Maple Jane Sauer,0,131.73309769183055,42.565371130357285,28.92642583525362,180.0,151.0735741647464,135.56659852779592,29.890937280617642,53.67317404787977,174.47245984834373,120.79928580046396,103.06929384617773,46.07254866954149,35.47997813422585,157.38013505195957,121.90015691773371,95.91566872135895,14.155759177465127,77.22126681159396,120.7740361012482,43.552769289654236,138.48049866782688,39.093956786758326,77.1346021579498,175.42607874009911,98.29147658214931,100.31905166849403,41.484934337516265,16.601246987170825,171.97276248956803,155.3715155023972,49.814529159705444,28.63775543160103,21.501434324047924,116.56505117707799,95.06361685303007,137.41407091028725,39.06495378293145,57.52880770915151,180.0,122.47119229084849,110.57226674921625,38.2823930230696,29.337893654673973,161.565051177078,132.22715752240404,123.07106420878507,35.72242724586789,12.528807709151522,170.13419305691565,157.60538534776413,32.20401651075949,20.13691150009533,42.057910339428766,0.0,42.33089940600083,25.899866551874045,85.30019247321188,45.6663524055247,,,1.0296559651761383,1.034725473402781,3.3675815217391305,0.6831683168316832,1.0
C:\Users\Gabe\OneDrive\Desktop\CISC\CISC442\cisc-442-final\videos\cisc442 dog videos\Normals\Maple Jane Sauer 985509\Gait Videos\IMG_9537 2.MOV,Maple Jane Sauer 985509,Maple Jane Sauer,0,117.94185159847086,45.46590368919257,56.69771524668579,165.96375653207352,109.26604128538773,123.2442872258641,46.316406516437944,73.30075576600639,172.87498365109815,99.57422788509176,,,,,,,,,,,112.69773171983108,35.58133560628964,52.364746244982655,172.30394827798344,119.93920203300078,175.23635830927378,0.0,175.23635830927378,175.23635830927378,0.0,76.39755910245722,43.99227947690855,27.89727103094763,123.69006752597979,95.79279649503215,173.99099404250546,0.0,173.99099404250546,173.99099404250546,0.0,101.37548817139381,3.245385817237839,98.13010235415598,104.62087398863166,6.490771634475678,107.72858272033218,7.2506812682902355,95.12131651077861,120.96375653207352,25.842440021294905,14.938652910595053,0.6741406125151599,,,,,,,0.5355823688746614,0.5355823688746614,0.9630774151695224,1.9013913293766724,1.8671264367816092,1.0,1.0
C:\Users\Gabe\OneDrive\Desktop\CISC\CISC442\cisc-442-final\videos\cisc442 dog videos\Normals\Maple Jane Sauer 985509\Gait Videos\IMG_9539 2.MOV,Maple Jane Sauer 985509,Maple Jane Sauer,0,154.61981882700783,13.672492409962604,139.18491612511843,173.08877288097534,33.90385675585691,161.565051177078,0.0,161.565051177078,161.565051177078,0.0,,,,,,,,,,,,,,,,10.304846468766044,0.0,10.304846468766044,10.304846468766044,0.0,,,,,,126.86989764584402,18.434948822922017,108.43494882292201,145.30484646876604,36.869897645844034,,,,,,,,,,,,,,,,,,,,,0.8906967095137729,0.9318686975601198,1.2669726247987116,0.9736842105263158,1.0
C:\Users\Gabe\OneDrive\Desktop\CISC\CISC442\cisc-442-final\videos\cisc442 dog videos\Normals\Maple Jane Sauer 985509\Gait Videos\IMG_9540 2.MOV,Maple Jane Sauer 985509,Maple Jane Sauer,0,152.19607326260933,2.9235598782089767,149.27251338440036,155.1196331408183,5.847119756417953,113.74247414280408,24.747949095239473,71.79151552941917,138.17983011986425,66.38831459044508,,,,,,140.3009265165257,0.0,140.3009265165257,140.3009265165257,0.0,,,,,,160.75990087582863,17.29861273325723,143.4612881425714,178.05851360908585,34.59722546651446,,,,,,,,,,,113.19859051364818,0.0,113.19859051364818,113.19859051364818,0.0,144.9262455066517,0.0,144.9262455066517,144.9262455066517,0.0,22.028785573814673,0.0,,,,,,,1.249754950009802,2.499509900019604,0.10630854209899235,57.213248055174574,0.800156862745098,0.8333333333333334,0.0
C:\Users\Gabe\OneDrive\Desktop\CISC\CISC442\cisc-442-final\videos\cisc442 dog videos\Normals\Maple Jane Sauer 985509\Gait Videos\Trial 4_R Lat_repeat- not good_.MOV,Maple Jane Sauer 985509,Maple Jane Sauer,0,138.66877553749805,28.55211382956654,45.64194265600456,175.03025927188972,129.38831661588517,137.03765172096195,35.8455668798715,38.305770868106826,180.0,141.69422913189317,120.07621390199824,18.188289751600315,87.43895647103963,146.30993247402026,58.870976002980626,141.45881148008644,22.93762050432659,83.83515821776456,161.13100054493856,77.295842327174,141.15190459669137,35.24319371804443,48.77819770716158,178.21008939175394,129.43189168459236,138.3462779985142,35.47070827965955,42.87890360333855,180.0,137.12109639666144,119.52146981935226,45.433176022877916,8.461288142571313,171.86989764584405,163.40860950327274,125.9646887216279,42.009161262029586,2.0454084888871935,173.65980825409017,171.61439976520296,137.72016601550277,15.714782807419255,122.00538320808352,153.43494882292202,31.42956561483851,153.48344782156178,21.38044965435325,36.08507304285213,178.0538048829695,141.96873184011736,42.53121292361515,27.705162596073613,38.10288155177767,15.447713083721725,28.740178784666956,34.075258098081235,67.19046698783272,50.406753733205996,0.47605127990980073,0.47605127990980073,0.9036153371341019,1.1805072729379011,2.100614035087719,1.0,0.0
C:\Users\Gabe\OneDrive\Desktop\CISC\CISC442\cisc-442-final\videos\cisc442 dog videos\Normals\Maple Jane Sauer 985509\Gait Videos\Trial 5_Back.MOV,Maple Jane Sauer 985509,Maple Jane Sauer,0,73.63820008923523,52.00722156588065,38.08877288097531,163.35896344613005,125.27019056515473,108.59075532468002,46.72757799488396,32.47119229084849,177.2361426290874,144.76495033823892,59.28844860693594,12.974576882551462,41.73571627598148,72.69468072190433,30.958964445922852,76.3472865352037,15.699943359547714,64.56378361958267,103.33278357056382,38.768999950981154,155.6954507340633,0.0,155.6954507340633,155.6954507340633,0.0,151.89891997020231,28.80097049149982,71.56505117707799,175.23635830927378,103.67130713219579,167.00538320808352,0.0,167.00538320808352,167.00538320808352,0.0,148.27748732677048,22.332628892967623,100.58163552094379,174.47245984834387,73.89082432740008,130.9658860207736,39.92383105468214,68.96248897457819,171.86989764584396,102.90740867126577,155.86278204437662,15.789894072125504,134.27933637748234,180.0,45.72066362251766,6.677525697994199,1.8560313754237252,1.892994891849959,0.764160095189304,,,,,,,2.5390219410068884,10.51057988725741,1.3669717261904764,0.7317073170731707,0.0
C:\Users\Gabe\OneDrive\Desktop\CISC\CISC442\cisc-442-final\videos\cisc442 dog videos\Normals\Raja Assenmacher 986104\Gait Videos\IMG_9141.MOV,Raja Assenmacher 986104,Raja Assenmacher,0,147.27924124274205,12.601245759446556,119.74488129694222,179.99999914622634,60.25511784928412,145.67144127796965,15.545818230788294,107.65012421993013,178.78112476486868,71.13100054493854,127.81882620425871,20.871198118099546,87.09407900034667,167.96088788397773,80.86680888363107,136.3168747365498,12.160377936284435,109.17900802581073,167.57405713457248,58.395049108761754,156.87961163985472,12.674534154482549,114.62356478616361,178.75463573323168,64.13107094706807,156.68227356999066,14.490789211817003,83.50065372034544,180.0,96.49934627965456,127.85003016251409,17.991790512635514,82.8749836510982,166.67546873810923,83.80048508701103,127.03011669402403,17.30927323731725,78.69006752597979,176.63353933657018,97.9434718105904,134.69626034121103,17.206796539904175,102.0947570770121,176.18592516570953,74.09116808869743,146.0612184029339,7.937335690206597,123.35656850123833,160.3461759419467,36.98960744070838,15.271957112564424,9.563008741813425,25.223861156949756,15.066500668976241,15.056747402451627,12.627620366187992,21.455676107585727,13.76883964859275,1.0110799242036792,1.3481065656049056,0.9591090252631175,1.6508309206986747,2.967124485596708,1.0,0.0
C:\Users\Gabe\OneDrive\Desktop\CISC\CISC442\cisc-442-final\videos\cisc442 dog videos\Normals\Raja Assenmacher 986104\Gait Videos\IMG_9142.MOV,Raja Assenmacher 986104,Raja Assenmacher,0,137.3127017695588,11.041571224182146,116.56505117707799,159.77514056883192,43.210089391753925,135.8439936969667,12.331229315020144,116.56505117707799,172.87498365109818,56.30993247402019,138.860166643925,15.520952073415662,107.21607358779072,168.69006752597977,61.473993938189054,141.78181309360917,16.56307092567669,106.69924423399362,168.4762782961027,61.77703406210907,157.3562295469268,15.349510213317183,107.10272896905236,180.0,72.89727103094764,157.90999938422755,18.102879960083836,47.04540848888723,180.0,132.95459151111277,133.0935864317309,21.068624348609394,78.05582281155367,172.35498672832924,94.29916391677557,127.87611333877291,18.078361470086254,58.86689682949448,176.18592516570973,117.31902833621525,137.43479699291126,12.704093956742541,102.52880770915151,169.7778313663639,67.24902365721239,150.30003346246056,19.535004221145197,30.323606862549987,170.3217399468661,139.99813308431612,15.343359852042058,10.761782363112975,25.827820696113324,13.354976985847287,16.455201049192038,15.909358679236268,27.434969504989837,17.683893553545524,0.3060649179799715,0.3060649179799715,1.1656509574305336,1.0368271846438595,3.267280701754386,1.0,1.0
C:\Users\Gabe\OneDrive\Desktop\CISC\CISC442\cisc-442-final\videos\cisc442 dog videos\Normals\Raja Assenmacher 986104\Gait Videos\IMG_9143.MOV,Raja Assenmacher 986104,Raja Assenmacher,0,147.61329935908628,15.271715970149511,111.80140948635182,180.0,68.19859051364818,145.940077755159,18.241287724781326,110.78824568903032,180.0,69.21175431096968,130.84014896002435,18.792337571064202,87.26284369493932,169.67031791098057,82.40747421604125,145.47064634472875,16.067358795239457,107.31893843151474,180.0,72.68106156848526,160.4486406601525,11.846293312086416,126.86989764584402,180.0,53.13010235415598,156.09882848040903,16.36075273938486,86.8778695378843,180.0,93.1221304621157,136.30529412379923,15.360532607818872,95.1944289077348,173.6598082540901,78.4653793463553,148.2762090560723,21.418355932276928,69.22774531795417,179.7284580543135,110.50071273635933,116.3347475738063,14.51716949710745,90.0,160.55996517182385,70.55996517182385,140.64834481036513,26.860955806815706,17.447188423282206,171.25383773744474,153.80664931416254,16.29957768610573,13.114225932538734,25.262101838589086,15.336278181189895,15.045733566347078,12.101885433539149,25.62012232896264,17.642647682662506,1.121303323109121,1.4016291538864012,1.2393054626444262,0.5805773375969319,3.567277397260274,1.0,0.0
C:\Users\Gabe\OneDrive\Desktop\CISC\CISC442\cisc-442-final\videos\cisc442 dog videos\Normals\Raja Assenmacher 986104\Gait Videos\IMG_9144.MOV,Raja Assenmacher 986104,Raja Assenmacher,0,141.0532580102691,12.517171284571535,113.1985905136482,164.53878225955805,51.34019174590985,137.41528364135172,15.017308433382434,110.045249425421,180.0,69.954750574579,138.73055990258206,15.726685347570273,109.98310652189998,172.87498365109818,62.89187712919819,140.23357051804524,17.341344123364536,102.16502987028694,169.93931020467704,67.7742803343901,158.8937695628969,12.619619852755363,124.50852298766841,180.0,55.491477012331586,154.05993125711151,19.002249402022628,63.67670173219012,180.0,116.32329826780989,130.325806875023,20.358945369866447,42.310229676849524,157.70284212321283,115.3926124463633,129.21211891010532,19.220985600661216,61.99082329198616,177.6626941408762,115.67187084889004,141.94953842339575,15.475492845618314,101.44933798850003,176.82016988013584,75.3708318916358,151.44337425765937,13.983527144806935,28.61045966596522,165.37912601136836,136.76866634540315,15.839868266077497,11.802717163814417,25.761571071410508,12.539778602829633,13.674229473196029,11.048825042189598,23.070446811699977,16.306965396498104,1.2763454808610746,1.2763454808610746,1.1240257970803882,1.3825036174101377,3.1339477124183004,1.0,1.0
C:\Users\Gabe\OneDrive\Desktop\CISC\CISC442\cisc-442-final\videos\cisc442 dog videos\Normals\Raja Assenmacher 986104\Gait Videos\IMG_9145.MOV,Raja Assenmacher 986104,Raja Assenmacher,0,146.46341894505167,13.528019063619425,122.57405713457253,174.55966796899452,51.98561083442199,145.5022231415628,15.49551723284358,119.74488129694222,180.0,60.255118703057775,130.36229843559565,20.45340586119407,87.87890360333854,165.49983323344745,77.6209296301089,133.42010830222804,12.754053856293883,105.8323866204222,168.59344741602763,62.76106079560543,156.51608081561648,11.72344058759065,119.05460409907714,180.0,60.94539590092286,160.82551854361438,13.059710286417168,121.32869286780416,180.0,58.671307132195835,127.55478256167395,16.054269309536714,77.7352262721076,158.68208772453846,80.94686145243087,127.00989594954424,19.17200885009104,65.92450174492117,167.03549133958077,101.1109895946596,143.36682592285592,14.387322888125253,114.77514056883193,180.0,65.22485943116807,147.40120822863537,8.232770754581045,98.13010235415598,169.82448915695682,71.69438680280084,16.366357383985463,12.285271300455028,24.059866923348082,12.245614294139491,13.883477255143397,10.248469030654316,22.88357133930977,15.448861701995593,0.3296038772757176,0.3296038772757176,0.6128930568077765,0.7591554132678277,3.0339448924731185,1.0,0.0
C:\Users\Gabe\OneDrive\Desktop\CISC\CISC442\cisc-442-final\videos\cisc442 dog videos\Normals\Raja Assenmacher 986104\Gait Videos\IMG_9146.MOV,Raja Assenmacher 986104,Raja Assenmacher,0,139.99058853176567,12.54629757490813,114.30454926593673,175.03025927188966,60.725710005952934,135.5388151262607,14.550051784065834,104.4702941000659,173.6598082540901,69.18951415402421,137.00581343381964,16.441496598623285,101.853004167744,167.10625595511783,65.25325178737383,141.70601304266847,16.090109475917725,108.43494882292201,168.4762782961027,60.04132947318068,158.72344951170172,16.822843942049847,113.19859051364818,180.0,66.80140948635182,159.08044958754908,12.337923462416889,117.4075754378184,180.0,62.592424562181606,134.45167036950147,21.36191677252544,78.69006752597979,178.35165549510384,99.66158796912406,129.53623633145705,16.977567773940542,78.46537934635528,175.03025927188972,96.56487992553444,137.86237513350235,15.362405060130683,102.52880770915151,180.0,77.47119229084849,148.8629953344934,20.113803086714015,43.025065989118026,167.6609127216738,124.63584673255579,17.87008873262655,12.11769387233191,24.621646039256927,12.605474764571593,13.893420201957063,9.18354951442814,24.573123428816636,14.891568278252272,1.3389591388859858,1.0711673111087887,0.8098327599585742,1.4217756466395945,3.7342439024390246,1.0,1.0
C:\Users\Gabe\OneDrive\Desktop\CISC\CISC442\cisc-442-final\videos\cisc442 dog videos\Normals\Raja Assenmacher 986104\Gait Videos\IMG_9147.MOV,Raja Assenmacher 986104,Raja Assenmacher,0,144.13308286685398,13.179723957969776,112.83365417791754,173.65980825409005,60.826154076172514,145.4622901902556,16.421768336051855,104.03624346792648,179.2151753970083,75.17893192908181,128.18467099700172,20.60881774056757,83.418055344822,169.08588699418922,85.66783164936723,134.5152557656487,13.222057667566615,104.70355182376157,163.12652934532463,58.422977521563055,156.1138953029966,11.3854785832124,127.87498365109822,180.0,52.12501634890178,158.93156733552115,16.078183550885775,87.27368900609373,180.0,92.72631099390627,126.98374330912638,16.48895376118664,73.68614757373945,161.1310005449386,87.44485297119914,124.28801083200183,17.551136074821926,80.53767779197439,154.6538240580533,74.1161462660789,139.0996776739074,12.00403227911791,108.43494882292201,175.03025927188966,66.59531044896765,146.24975662353438,5.8568675440440545,133.35297133874124,157.38013505195957,24.02716371321833,16.005317527109227,10.55637517287669,25.045375293283602,11.25960265340084,15.861457127233495,12.211770005083766,19.065643661417646,11.975217368696338,1.1997273346966597,1.1997273346966597,0.5723826642622649,1.0936475007330506,3.334090909090909,1.0,0.0
C:\Users\Gabe\OneDrive\Desktop\CISC\CISC442\cisc-442-final\videos\cisc442 dog videos\Normals\Raja Assenmacher 986104\Gait Videos\IMG_9148.MOV,Raja Assenmacher 986104,Raja Assenmacher,0,138.7122790967439,11.670746450199786,109.23067237566129,161.565051177078,52.33437880141672,135.89895897342248,13.244762684189357,105.25511870305778,168.69006752597977,63.434948822921996,140.04025547644304,17.741942140998628,102.72435568542238,173.82982490497042,71.10546921954804,139.91759092881458,17.119123831778527,103.37133196989193,167.0881087924021,63.71677682251017,155.52819040783595,14.144652935039316,123.6900675259798,180.0,56.3099324740202,155.42569317455732,19.868947988669277,62.35402463626132,180.0,117.64597536373867,130.20568257275636,21.74512026707371,67.59016262850673,161.1310005449386,93.54083791643185,126.54318916866058,16.7005944090857,84.8055710922652,164.05460409907712,79.24903300681193,143.623560730429,15.364415384503396,112.61986494804043,180.0,67.38013505195957,152.790816951476,5.327675502230298,143.91492695714788,166.22230973873604,22.30738278158816,15.302826581921964,11.596791141476286,26.49965203341943,12.394732368490061,16.83750279844616,17.00951932310241,24.61219990859317,16.9070367780468,1.3633535102110086,1.3633535102110086,0.9598608674287242,1.4725815495550505,2.933941908713693,1.0,1.0
C:\Users\Gabe\OneDrive\Desktop\CISC\CISC442\cisc-442-final\videos\cisc442 dog videos\Normals\Raja Assenmacher 986104\Gait Videos\IMG_9149.MOV,Raja Assenmacher 986104,Raja Assenmacher,0,147.0183114814032,13.651370586299883,117.59729586864374,176.82016988013584,59.222874011492095,143.54921730663278,15.077686341753926,116.56505117707799,177.87890360333873,61.31385242626074,127.64588615454807,20.63350768907595,82.8749836510982,170.02228737984947,87.14730372875127,135.51015210023593,13.3775859245617,103.37133196989194,168.59344741602763,65.22211544613569,159.24188295439072,11.818078053811426,122.27564431457762,180.0,57.72435568542238,156.9549551784532,12.210460834250915,116.56505117707799,180.0,63.43494882292201,125.83689538111071,17.465151656426432,77.9052429229879,164.05460409907715,86.14936117608926,128.89228578354147,18.21448628575821,81.86989764584403,173.4537092167059,91.58381157086187,136.4255424301625,12.310538009121013,114.44395478041653,171.86989764584405,57.425942865427515,146.92410519037543,6.055719169010392,133.492564241225,164.05460409907712,30.562039857852113,15.95642146297786,11.42053576836941,24.002551324541194,13.560861382424974,14.719530417991379,9.379727890084574,21.206715803668008,14.682737781797444,1.2118406934421746,1.2118406934421746,1.015906810433191,1.8259463432539789,3.300763888888889,1.0,0.0
C:\Users\Gabe\OneDrive\Desktop\CISC\CISC442\cisc-442-final\videos\cisc442 dog videos\Normals\Raja Assenmacher 986104\Gait Videos\IMG_9150.MOV,Raja Assenmacher 986104,Raja Assenmacher,0,140.8857638249216,12.70635574743879,107.96913974015702,173.65980825409005,65.69066851393303,136.7549725373432,14.707425732345891,114.65589874408161,176.96060043107312,62.30470168699151,137.48477566684485,17.312636473856088,103.67130713219584,168.92979742206063,65.2584902898648,138.34368890636463,19.190354197709382,82.4270513594566,169.96792947278288,87.54087811332629,157.6968099660208,16.476986853920703,74.05460409907715,180.0,105.94539590092285,156.93756072581394,14.872117841039595,71.56505117707799,180.0,108.43494882292201,127.71537044246658,18.262417500701165,86.18592516570965,175.6012946450045,89.41536947929484,125.4721453860412,19.92383486152598,68.83874018317172,180.0,111.16125981682828,143.20731405463053,14.971989427183445,109.89543133476565,178.99491399474584,69.0994826599802,150.48376629756677,4.945669845231904,139.1849161251184,167.4711922908485,28.2862761657301,17.72149819294825,11.173212439114517,26.310654897095233,13.93312396361617,17.598429452945442,13.362420652911878,23.430209062396134,15.469984747535715,1.224259671919886,1.224259671919886,0.7100544286012435,2.398601143365653,3.267280701754386,1.0,1.0
C:\Users\Gabe\OneDrive\Desktop\CISC\CISC442\cisc-442-final\videos\cisc442 dog videos\Normals\Raja Assenmacher 986104\Gait Videos\IMG_9151.MOV,Raja Assenmacher 986104,Raja Assenmacher,0,146.53573892696613,13.422790452772677,109.31185656435267,174.4006606634795,65.08880409912683,146.9624457394355,16.517891779725208,110.77225468204584,178.78112476486837,68.00887008282253,126.21954416852981,20.13330976675634,87.87890360333854,165.49983323344742,77.62092963010888,134.5018234971263,15.565802070693739,102.72435568542238,164.3740400061142,61.64968432069182,156.60182540337826,14.77818921544774,90.0,180.0,90.0,158.25779214469932,13.120875538116735,111.16125981682828,180.0,68.83874018317172,125.0480653020863,17.886739065890588,76.13897243697885,164.19748604606448,88.05851360908564,126.93535819941665,19.81129744267077,57.652556500557964,162.25532837494308,104.60277187438511,138.40082225052896,11.42769275605391,116.56505117707799,168.6900675259798,52.12501634890181,146.63425033301766,5.847255505767798,134.3452195977323,158.83190052944832,24.486680931716023,16.069710571688358,12.43314206915883,27.982885363086197,13.352798399090744,16.43115898719666,12.71427925537531,22.478444184936087,15.73832626163687,1.1879051598740167,0.5939525799370083,1.218616356708642,1.2047587888528202,3.367272182254197,1.0,0.0
C:\Users\Gabe\OneDrive\Desktop\CISC\CISC442\cisc-442-final\videos\cisc442 dog videos\Normals\Raja Assenmacher 986104\Gait Videos\IMG_9152.MOV,Raja Assenmacher 986104,Raja Assenmacher,0,140.68323775595115,10.954066003782183,117.89727103094764,170.5376777919744,52.64040676102677,138.1913038421694,13.275995975593322,114.65589874408161,175.91438322002512,61.258484475943504,135.1710765277481,17.998196478392163,98.91492695714787,164.57783868126134,65.66291172411347,143.63945765890028,15.289583200374834,106.18920625702694,167.75895614422896,61.56974988720202,153.81384655805482,18.827226175763055,81.4391104288354,180.0,98.5608895711646,158.4095713267856,12.044457831736997,117.40757543781842,180.0,62.59242456218158,131.22554862331862,19.216065943992678,61.92751306414704,177.27368900609366,115.34617594194663,128.47277172386808,19.472327207926952,70.85773180853373,170.93349726018383,100.0757654516501,143.9518873418905,15.563039096588811,105.25511870305778,180.0,74.74488129694222,153.23669827420744,5.643860063149078,142.8152935467669,177.6626941408762,34.8474005941093,16.161291706980286,11.086014707481741,27.388764961336072,13.517187618691647,16.86724989521313,15.786009476267413,24.062004904288816,16.291499269393736,0.31572828603187875,2.2100980022231513,1.2435195562754728,1.4360469603790105,3.167280361757106,1.0,1.0
C:\Users\Gabe\OneDrive\Desktop\CISC\CISC442\cisc-442-final\videos\cisc442 dog videos\Normals\Raja Assenmacher 986104\Gait Videos\IMG_9157.MOV,Raja Assenmacher 986104,Raja Assenmacher,0,144.34887653206846,12.65806060723316,117.89727103094764,167.47119229084848,49.57392125990084,145.90428557565662,15.322091505856315,103.13402230639633,175.03025927188972,71.89623696549339,132.82875903966416,17.946377855655477,94.39870535499554,170.1033280323309,75.70462267733535,138.75867368764807,14.616007882346178,110.92450174492117,171.02737338510363,60.10287164018246,155.15498062493444,13.826957699138315,109.65382405805332,180.0,70.34617594194668,158.85649866969004,12.94762551512662,113.19859051364818,180.0,66.80140948635182,134.11623320287492,16.28233347184087,87.66269414087618,180.0,92.33730585912382,134.3302768937561,19.994087611089,88.8542371618249,170.64702074990674,81.79278358808185,123.48950736831604,15.797986232951455,97.22431569404534,168.6900675259798,71.46575183193445,153.54349579307708,5.530930466524893,139.27946353024524,166.6075022462489,27.328038716003675,15.22793658685113,11.115517125693192,23.771475611207048,14.417730249549184,16.10348017406568,12.463728491398998,21.560286978309115,13.098754536607347,1.1212547145031249,1.1212547145031249,0.9356404192800815,1.0566701878103149,3.567432045779685,1.0,0.0
C:\Users\Gabe\OneDrive\Desktop\CISC\CISC442\cisc-442-final\videos\cisc442 dog videos\Normals\Raja Assenmacher 986104\Gait Videos\IMG_9158.MOV,Raja Assenmacher 986104,Raja Assenmacher,0,139.37463538433943,14.606171973041317,97.1250163489018,180.0,82.8749836510982,136.29644524944965,14.829088419181245,102.33908727832619,179.5692127829916,77.23012550466541,136.82057148401043,17.238899440629517,101.853004167744,170.07375449334828,68.22075032560427,137.98846145494036,16.16854458349174,98.32565033042684,164.128821388543,65.80317105811616,155.9989514084159,13.400472460471669,122.47119229084849,180.0,57.52880770915151,155.66681235670475,17.454600967080637,70.3461759419467,180.0,109.6538240580533,133.18765337007036,17.080819960379486,75.96375653207353,161.13100054493856,85.16724401286503,124.66265047320114,18.7272364122499,77.52489028779105,168.6900675259798,91.16517723818875,135.87926278207343,14.534354347196766,106.92751306414705,179.99999914622634,73.0724860820793,152.97292752886926,5.278058069456203,137.0825652797309,166.53022177043584,29.447656490704958,17.420803853422946,11.712870360699272,25.235496649028327,11.262313639396087,16.816728388472253,12.865051824230981,22.10314093326984,15.785639919651652,1.0840985611682583,1.4454647482243443,0.9772188315762084,1.2095140534088293,2.7672760646108663,1.0,1.0
C:\Users\Gabe\OneDrive\Desktop\CISC\CISC442\cisc-442-final\videos\cisc442 dog videos\Normals\Raja Assenmacher 986104\Gait Videos\IMG_9159.MOV,Raja Assenmacher 986104,Raja Assenmacher,0,145.1738283334934,13.079180933780327,121.26373169437744,180.0,58.73626830562256,145.42696605890194,17.572621368584823,114.62356478616361,176.0548137709625,61.4312489847989,130.71057977193013,18.93081201941961,93.61388075200365,171.0273733851036,77.41349263309995,137.8719360584328,15.570721608364815,104.70355182376157,173.6184394674066,68.91488764364503,158.51499489271944,16.625577922296088,75.32360686254998,180.0,104.67639313745002,158.91883246988945,12.964711452963018,117.95096902789018,180.0,62.04903097210982,134.2227513056659,14.725529335849709,93.31094151461144,165.83294447736884,72.5220029627574,140.1174853727236,21.44384448229345,90.0,177.0454201759402,87.0454201759402,127.76094865121536,13.230935952873851,101.52372170389734,164.29136217098429,62.76764046708695,146.5284616578564,8.370871689566936,119.74488129694222,168.6900675259798,48.945186229037574,16.323117281792815,12.292839910115216,24.319111407339417,13.253895443568,16.490780109857614,11.691013475212474,21.28189829852732,14.724276579902895,0.5939510207178353,0.5939510207178353,1.2321515205413434,0.8057772226450293,3.3672810218978104,1.0,0.0
C:\Users\Gabe\OneDrive\Desktop\CISC\CISC442\cisc-442-final\videos\cisc442 dog videos\Normals\Raja Assenmacher 986104\Gait Videos\IMG_9160.MOV,Raja Assenmacher 986104,Raja Assenmacher,0,141.2486594526347,13.524457899461884,113.49856567595211,175.60129464500432,62.10272896905221,135.57005889541495,12.611670688490461,112.16634582208246,163.39301942138303,51.22667359930057,141.38534129773205,16.75046572502438,101.853004167744,172.78573796079317,70.93273379304917,141.5460255956322,15.45122433716195,114.22774531795417,168.5506620115,54.322916693545835,152.92158390272024,17.229070671230623,86.63353933657021,180.0,93.36646066342979,158.30228961076227,10.794293122221518,126.86989764584402,180.0,53.13010235415598,135.93072995414155,17.49873477502351,83.6598082540901,167.7352262721076,84.07541801801752,125.53547962171248,17.39433426585266,73.07248693585296,154.4400348281762,81.36754789232324,132.88414573167393,16.434511311165235,103.13402230639633,176.0548137709624,72.92079146456607,153.03108115279056,5.130932534265256,141.34019174590992,162.89727103094765,21.55707928503773,18.642665980463477,12.50670272953455,26.497726189389372,11.652741960990646,16.925844063461593,15.136743799883954,22.877976397085593,15.714795875608472,1.1839975771112732,1.1839975771112732,1.385009650709965,1.1307174597098066,2.53378896882494,1.0,1.0
C:\Users\Gabe\OneDrive\Desktop\CISC\CISC442\cisc-442-final\videos\cisc442 dog videos\Normals\Raja Assenmacher 986104\Gait Videos\IMG_9163.MOV,Raja Assenmacher 986104,Raja Assenmacher,0,170.82417134961293,9.705556014694372,130.6012946450045,180.0,49.39870535499551,154.97128468939422,10.788698642622776,137.41950921665634,165.96375653207352,28.54424731541718,127.3894868345939,9.96553842692643,106.10555729201819,148.95450917313684,42.84895188111865,142.56022033534845,15.891055879403819,125.86038486322762,163.91834804318628,38.05796317995866,158.23311657680077,23.76651361690264,90.0,180.0,90.0,160.72311153839277,20.198530312503724,99.46232220802563,180.0,80.53767779197437,151.8897329779362,7.430423596397654,138.31778116833485,168.867893707056,30.55011253872115,154.54723377329773,9.239234689496502,137.3532968661083,171.63411387596742,34.280817009859106,148.05559254648452,15.156662816864948,120.52970589993411,174.55966796899446,54.029962069060346,118.60817183610712,21.410631954183323,71.56505117707799,151.3895403340348,79.8244891569568,17.243013661380154,11.943540371777331,19.569752228285214,11.808836381309664,15.24431080433646,14.431923692217055,11.703300663788324,6.5078330701080835,0.6520429807180328,0.6520429807180328,3.931916541718205,0.0908009669399259,1.5336412315930388,1.0,0.0
C:\Users\Gabe\OneDrive\Desktop\CISC\CISC442\cisc-442-final\videos\cisc442 dog videos\Normals\Raja Assenmacher 986104\Gait Videos\IMG_9165.MOV,Raja Assenmacher 986104,Raja Assenmacher,0,167.09264104104574,11.73883058721886,142.67555527175222,180.0,37.324444728247784,164.14777942018108,15.10519355995495,141.34019174590992,180.0,38.65980825409008,100.98371872304801,19.589655105627752,79.50852298766841,160.10160871382337,80.59308572615495,123.80444926493118,24.33203919569856,85.23635830927383,149.03624346792648,63.79988515865266,171.42914835241515,4.851516979574513,161.87813975209863,180.0,18.121860247901367,172.78047288377425,8.062176432617349,157.5205656028969,180.0,22.47943439710309,144.46059652701354,14.215436733193268,112.80178778547854,158.1985905136482,45.396802728169675,161.28155082829196,2.967183973009731,157.10013347153443,165.9637565320735,8.863623060539055,147.44896578803528,15.798676792859458,120.96375653207352,174.28940686250033,53.32565033042681,138.1954049385809,28.372201452218416,99.46232220802563,180.0,80.53767779197437,27.136300888600175,3.393405011333897,38.51552732009882,19.159966795367467,9.54821793976978,6.278514742888012,6.207760869015469,4.349824287649711,2.3072743232134645,1.1536371616067322,0.019106208736618606,0.9659768036112178,0.8668236714975845,1.0,0.0
C:\Users\Gabe\OneDrive\Desktop\CISC\CISC442\cisc-442-final\videos\cisc442 dog videos\Normals\Raja Assenmacher 986104\Gait Videos\IMG_9166.MOV,Raja Assenmacher 986104,Raja Assenmacher,0,169.72096926655388,13.136844329556613,124.26110289909455,180.0,55.73889710090545,164.8595947441238,17.349593507330624,94.31602751986563,180.0,85.68397248013437,121.46292509890282,16.264943371481102,94.94505668590381,151.15733986458793,56.21228317868412,142.70894313183973,21.12802844934413,103.6097318958122,176.63353933657007,73.02380744075786,164.58834254040897,15.809058434620223,103.13402230639633,180.0,76.86597769360367,164.73086021706814,26.654183297360497,9.46232220802565,180.0,170.53767779197435,130.72426908034316,14.751148151262413,103.79948539601936,164.93833845545385,61.13885305943448,170.91894910610668,7.077767937635665,150.2551187030578,179.5692127829916,29.314094079933795,161.0743189611265,9.890927129868682,136.21887523513132,176.0548137709623,39.83593853583099,100.51484366632955,39.42216077515803,32.005383208083494,166.15379158817348,134.14840838009,13.337392813356498,16.232333605515933,23.37622932503178,14.799861259090799,12.045333359194625,13.759584159125895,40.327303290894,15.16006996503795,0.565938795500193,0.565938795500193,0.6825829210375332,0.9896379430321045,1.7669755244755245,1.0,1.0
C:\Users\Gabe\OneDrive\Desktop\CISC\CISC442\cisc-442-final\videos\cisc442 dog videos\Normals\Raja Assenmacher 986104\Gait Videos\IMG_9167.MOV,Raja Assenmacher 986104,Raja Assenmacher,0,168.08152233362705,12.052132567066868,131.63353933657018,180.0,48.36646066342982,164.31692810183725,12.98536109426929,140.07213287251452,178.21008939175394,38.137956519239424,115.15215534670385,22.24119655488128,81.09411629409111,170.53767779197435,89.44356149788324,122.25998495742998,26.836785067248567,86.09950625761812,154.65382405805332,68.5543178004352,164.25093566032393,21.979456375007377,71.56505117707799,179.48383577023506,107.91878459315707,168.7456910431069,7.794334102426072,146.88865803962798,180.0,33.111341960372016,150.88054913034836,14.299436679651713,127.74680538727468,174.28940686250033,46.54260147522565,154.86279091448134,7.392086668499828,143.37600547742667,170.38543072909903,27.009425251672354,161.16283235485764,14.06799692784938,110.55604521958347,177.61405596961112,67.05801075002765,133.40434658456175,26.107340837831952,63.43494882292201,175.6012946450045,112.16634582208248,9.488945424838104,12.238828591408701,19.06678894638291,13.613594640405804,7.9634890264997376,6.018692468651742,14.7098999811578,7.70615848392864,1.0712500297569452,0.5356250148784726,0.9904434375475869,1.088732696797632,1.8669777777777778,1.0,0.0
C:\Users\Gabe\OneDrive\Desktop\CISC\CISC442\cisc-442-final\videos\cisc442 dog videos\Normals\Raja Assenmacher 986104\Gait Videos\IMG_9168.MOV,Raja Assenmacher 986104,Raja Assenmacher,0,170.27257482976006,6.604176407292956,151.92751306414704,180.0,28.072486935852965,163.3842485466528,12.783200021070527,130.18644910629348,180.0,49.81355089370652,126.4404679930112,15.190051613905746,92.29061004263853,158.272904064082,65.98229402144348,146.38624594849915,22.325880890703957,99.1710282243694,177.41874130256522,78.24771307819583,163.94699870306994,19.77971986431095,108.43494882292201,180.0,71.56505117707799,169.55041515324055,9.779088629278768,140.9061411137705,180.0,39.0938588862295,123.38997429627052,15.90308843952398,90.79572355273929,146.4087182028818,55.61299465014251,167.73319168633873,7.006547305515088,150.80251395393555,178.9583733239902,28.155859370054657,161.18565820235835,11.368316815103146,133.21008939175394,180.0,46.78991060824606,123.6446817649044,17.685837892942263,91.82796824430501,155.7848610139685,63.9568927696635,12.357537093743872,9.911334085271676,23.5529397746872,15.125412495045033,13.597400956646805,15.44487376935853,43.37980599078755,15.314834964213393,0.5659391401800357,1.1318782803600713,0.6949372945207393,1.0083732684485296,1.7669744483159118,1.0,1.0
C:\Users\Gabe\OneDrive\Desktop\CISC\CISC442\cisc-442-final\videos\cisc442 dog videos\Normals\Raja Assenmacher 986104\Gait Videos\IMG_9170.MOV,Raja Assenmacher 986104,Raja Assenmacher,0,169.37763608085697,8.695181333417517,130.6012946450045,180.0,49.39870535499551,165.32783961169199,14.603012262932596,108.01976928177714,180.0,71.98023071822286,125.41085635909141,15.34570641172078,93.1221304621157,152.05696557661707,58.93483511450137,141.56556410348082,26.90428453486313,91.04162667600998,178.698047327421,87.65642065141101,168.1905387973887,10.561892600653717,143.13010235415598,180.0,36.86989764584402,161.9324461586879,21.408055692861662,90.0,180.0,90.0,130.97825596785714,17.41640651935535,89.10131637926202,163.4742036100744,74.37288723081238,162.39548454883288,20.51781290214093,88.78112476486871,180.0,91.21887523513129,167.47488279299475,9.87988843219373,137.9356734464212,180.0,42.06432655357881,106.17538230681983,39.30382401428357,19.440034828176188,161.04888694731315,141.60885211913697,9.823852014096879,10.68487374680068,25.548413775584123,16.33466288982526,10.939660940998497,12.271202770796743,35.82398611469399,14.284476352890705,0.37968068898154295,0.37968068898154295,0.8981680073609288,1.0873754680703378,2.6337921022067365,1.0,1.0
C:\Users\Gabe\OneDrive\Desktop\CISC\CISC442\cisc-442-final\videos\cisc442 dog videos\Normals\Raja Assenmacher 986104\Gait Videos\IMG_9171.MOV,Raja Assenmacher 986104,Raja Assenmacher,0,166.5663757016819,16.154456115946623,98.46128814257136,179.99999879258172,81.53871065001036,155.7147973348619,18.008545830625344,124.69515353123397,180.0,55.30484646876603,106.2730414445446,19.069824416142882,77.70141015592013,155.85445803957836,78.15304788365823,127.33423176667885,25.767589121820627,94.76364169072617,164.29136217098423,69.52772048025805,169.27660091521568,9.580484252902664,135.0,180.0,45.0,170.892219741552,8.273131179797074,147.57893523749306,180.0,32.421064762506944,155.83713380122788,9.214894320908332,123.69006752597979,167.47119229084848,43.78112476486869,155.18066658605213,10.097061462071286,139.3987053549955,173.71750791183862,34.31880255684311,158.7803772336448,16.08855553023525,129.8978347476418,180.0,50.10216525235819,121.6860950763299,25.619837379572274,90.0,179.99999914622634,89.99999914622634,10.35642314292383,6.460189926718305,33.177643109355216,14.423682677040409,9.463307360909399,6.950510284304716,11.907276501382572,8.612813752929183,2.399560520051273,0.5998901300128182,1.1671321378486599,1.152782248831109,1.6669719169719168,1.0,0.0
C:\Users\Gabe\OneDrive\Desktop\CISC\CISC442\cisc-442-final\videos\cisc442 dog videos\Normals\Raja Assenmacher 986104\Gait Videos\IMG_9173.MOV,Raja Assenmacher 986104,Raja Assenmacher,0,173.42082037303916,6.592393808445452,149.67639313745002,180.0,30.32360686254998,142.55245840874528,23.835321647971536,85.69133508347514,171.70285503016316,86.01151994668803,115.0566527092522,9.498226763256065,104.03624346792648,140.1021652523582,36.06592178443171,84.85203481498924,29.917679458313444,15.422161318738677,122.18263176720482,106.76047044846615,164.84004693695832,14.408067310785645,123.6900675259798,180.0,56.3099324740202,169.51072854622444,8.608096774689665,150.2551187030578,180.0,29.744881296942197,154.25285007549348,8.612701311084514,135.39332869193643,169.939310204677,34.54598151274058,150.67537348782474,6.489924784845072,140.52754015165618,160.6154843206422,20.087944168986013,169.45828717780478,9.220142283658447,153.8689994550614,180.0,26.131000544938587,143.22684813692348,20.187209394659586,105.94539590092286,180.0,74.05460409907714,30.169765556122695,27.64512302960496,40.17514583705915,23.07838509001834,9.061679189046895,7.160095016083916,7.871686807363815,3.903712416007912,1.0712476174391392,2.1424952348782784,0.3425791521762715,18.05094711886257,0.933490990990991,1.0,0.0
C:\Users\Gabe\OneDrive\Desktop\CISC\CISC442\cisc-442-final\videos\cisc442 dog videos\Normals\Raja Assenmacher 986104\Gait Videos\IMG_9174.MOV,Raja Assenmacher 986104,Raja Assenmacher,0,168.03031551412616,9.523875346654917,139.08561677997488,180.0,40.914383220025115,168.12405832821477,10.113996277705235,138.41658819177135,180.0,41.58341180822865,124.90257623335128,16.290206654445043,81.89473326609743,146.94142351038278,65.04669024428534,134.7558434159395,31.70156822208816,80.84091636940907,178.421382027702,97.58046565829294,170.84968142886413,6.71700185802986,156.50143432404792,180.0,23.49856567595208,164.56511733255837,15.291151508217302,116.56505117707799,180.0,63.43494882292201,134.56981233029808,15.055156041726434,105.32691788792218,171.86989764584405,66.54297975792187,168.5799591556887,7.818143373681571,146.30993247402023,179.3839400916012,33.074007617580975,156.83060166446424,10.989323360641484,135.0,175.6012946450045,40.60129464500449,109.79205831569739,35.3254626044231,26.565051177077994,161.7166269597463,135.1515757826683,8.754864996626434,8.19650683015392,24.10410947321444,14.10920497648247,12.19133634192354,10.70840928038911,37.05972100540955,14.367652576614615,0.5881298944949778,0.5881298944949778,1.076419187801215,0.770731438783982,1.700304659498208,1.0,1.0
C:\Users\Gabe\OneDrive\Desktop\CISC\CISC442\cisc-442-final\videos\cisc442 dog videos\Normals\Raja Assenmacher 986104\Gait Videos\IMG_9175.MOV,Raja Assenmacher 986104,Raja Assenmacher,0,169.38647744837232,7.11737541657882,152.48799737614854,180.0,27.51200262385146,163.7426101164338,11.390885561319964,139.18491612511843,177.33699923393297,38.15208310881454,127.45839012788576,12.13199238004639,96.67446904711758,150.04132947318067,53.366860426063084,151.37673249522817,10.10877639660205,135.52563460645763,160.97439396243135,25.44875935597372,166.2304052399426,17.13421204613646,102.52880770915151,180.0,77.47119229084849,170.76965868077974,7.479401987104304,147.99461679191654,180.0,32.00538320808346,147.81021487869063,12.01877339485351,120.35009589418704,174.38241940987314,54.0323235156861,155.7760329961702,7.875056483461311,130.64059215565518,172.80076636163233,42.16017420597714,161.82914978639812,15.294184446052538,104.30027744918559,180.0,75.69972255081441,123.15782316593788,19.04406876581775,90.0,154.65382405805332,64.65382405805332,7.190866684183254,5.952719682023569,17.429011990353967,8.540095341850416,7.32056427734234,6.037563246761433,13.84454691436974,10.392133116232571,1.1762567233764982,0.5881283616882491,1.0099282586349678,2.62772008368712,1.7003090909090908,1.0,0.0
C:\Users\Gabe\OneDrive\Desktop\CISC\CISC442\cisc-442-final\videos\cisc442 dog videos\Normals\Zane Kleva 976315\Zane Gait Videos\IMG_9703.MOV,Zane Kleva 976315,Zane Kleva,0,135.16267989726367,12.164302037017158,94.86451443776053,158.83874018317175,63.97422574541122,130.53991877808755,17.06271953205219,92.16107948822638,166.13897243697886,73.97789294875248,138.04512072611735,21.14662915132789,95.21586391590542,175.23635830927387,80.02049439336845,144.65528420008891,16.44320663418327,112.24902365721238,178.6573759734622,66.40835231624982,158.72177903185846,19.18436454017755,73.73979529168804,180.0,106.26020470831196,150.0451825172711,25.37870347665543,68.07041224982464,180.0,111.92958775017536,120.94070875235467,22.30032560622116,70.3461759419467,176.18592516570962,105.83974922376292,130.10143103196515,19.234669349819207,71.56505117707799,171.869897645844,100.304846468766,131.25557152357183,19.609210528495314,69.21734114528606,173.92754359279226,104.7102024475062,142.46372138963162,18.943775107156714,31.429565614838506,158.3691131634821,126.93954754864359,16.829232294060763,10.86261339084322,27.70584599290961,15.497625615233622,22.763125137848675,21.575177977084998,22.598917344171458,16.61634632053399,0.3702865951226051,1.4811463804904204,1.1179714682915631,1.3072586997976257,2.700610859728507,1.0,0.0
C:\Users\Gabe\OneDrive\Desktop\CISC\CISC442\cisc-442-final\videos\cisc442 dog videos\Normals\Zane Kleva 976315\Zane Gait Videos\IMG_9704.MOV,Zane Kleva 976315,Zane Kleva,0,136.3613410725302,13.409694190243833,110.44954761079259,180.0,69.55045238920741,134.71816574999738,13.497163671645115,106.31385242626057,180.0,73.68614757373943,140.31114744234728,18.824633818507877,97.33437880141672,175.1354855622394,77.80110676082269,140.8130353357726,19.960078700902464,104.51426629366844,175.72605390240307,71.21178760873462,155.4349858552414,19.907092021753627,93.3664606634298,180.0,86.6335393365702,157.3579509123989,20.487135288430647,78.05582281155367,180.0,101.94417718844633,128.93939615615054,19.65199336659759,76.13897243697885,178.58557678859793,102.44660435161909,125.32681647998697,21.886173332339105,71.56505117707799,177.59978553914323,106.03473436206524,144.7569106452969,14.92378317514257,97.45429881274848,178.61964592655562,81.16534711380714,145.8154865297018,24.417731108767306,9.782407031807285,178.21008939175414,168.42768235994686,13.301006847947377,9.090572775887173,27.376788134447082,15.108035993755859,22.950590987885054,20.688838366166706,23.944443039246828,16.65896439847354,1.499657612417256,1.199726089933805,1.2113561169456484,1.1671153149675109,3.334094368340944,1.0,1.0
C:\Users\Gabe\OneDrive\Desktop\CISC\CISC442\cisc-442-final\videos\cisc442 dog videos\Normals\Zane Kleva 976315\Zane Gait Videos\IMG_9705.MOV,Zane Kleva 976315,Zane Kleva,0,136.79166751205958,16.719283153313576,93.53229458389089,172.87498365109823,79.34268906720735,130.00780467078638,15.849692811379835,91.33221985386963,164.74488129694225,73.41266144307262,139.29006558145707,22.731946431391478,93.2052159310135,174.47245984834387,81.26724391733038,139.43942527391445,17.042994159910773,97.55316977502925,167.34744349944205,69.7942737244128,159.26387366829354,16.785045046225978,97.1250163489018,180.0,82.8749836510982,154.7340156335682,20.885955130225426,97.69605172201658,180.0,82.30394827798342,123.11628007438219,20.423788170415193,77.81136679806812,168.69006752597977,90.87870072791165,131.36852536670227,19.609068037144862,81.86989764584403,176.26860300083962,94.39870535499558,127.97026581418821,16.921935955313902,90.44761417086056,171.66002393427652,81.21240976341596,146.11189832048208,17.73801583594483,40.91438322002513,175.9143832200252,135.00000000000006,18.74956036172337,14.684508804034058,25.695424864352226,16.08073711545817,21.147907709525327,18.11500998102714,24.842766899553233,17.88518125189378,1.0973138328546088,0.36577127761820294,2.8707235035415613,1.3462504389183914,2.733948948948949,1.0,0.0
C:\Users\Gabe\OneDrive\Desktop\CISC\CISC442\cisc-442-final\videos\cisc442 dog videos\Normals\Zane Kleva 976315\Zane Gait Videos\IMG_9706.MOV,Zane Kleva 976315,Zane Kleva,0,138.10526611523537,13.278732471864856,76.7594800848128,176.63353933657007,99.87405925175727,138.16953300973637,14.054162041330096,96.1701750950296,174.8055710922652,78.6353959972356,139.06625520321987,17.357208281155586,96.519801751657,171.869897645844,75.35009589418699,142.54704220686455,18.788616622654846,101.63363399894044,175.54742836863437,73.91379436969393,154.58252336542472,16.358744612622694,95.64054943215683,180.0,84.35945056784317,156.32337872638195,16.615330467203837,98.13010235415598,180.0,81.86989764584402,128.79307681948447,17.5049848116655,76.72360295768402,156.5139061957519,79.79030323806788,125.81929849629739,21.10179016776387,74.29136217098426,174.80557109226527,100.51420892128101,150.62427436084266,16.756084521718304,116.56505117707799,178.85423716182487,62.28918598474688,144.21121167513974,32.23756851978456,0.0,170.45547443444184,170.45547443444184,15.662451543004513,11.384498138264666,27.080884202014474,13.036675740930804,17.58126604607534,13.669453075423556,21.98052233315737,14.40092187719808,1.1108757560780438,1.1108757560780438,0.5033636884969726,0.6800321877586102,3.6007627118644066,1.0,1.0
C:\Users\Gabe\OneDrive\Desktop\CISC\CISC442\cisc-442-final\videos\cisc442 dog videos\Normals\Zane Kleva 976315\Zane Gait Videos\IMG_9707.MOV,Zane Kleva 976315,Zane Kleva,0,141.3255092525572,15.63164530615011,96.93838580533622,170.75388725443673,73.81550144910051,137.21051430885439,13.691485925484239,104.03624346792648,172.2348339815747,68.19859051364821,135.55915338527672,20.239318717374623,92.93567344642118,174.35593037823614,81.42025693181496,138.29239905878347,19.240044379219878,99.01070954681764,170.27242144859838,71.26171190178074,158.543532022889,16.032799532102565,97.76516601842533,180.0,82.23483398157467,153.76047210547935,22.751930367938158,80.8376529542783,180.0,99.1623470457217,128.79791106651066,20.292808185547234,71.56505117707799,178.1523897340053,106.58733855692732,132.8810253890613,21.040011353599276,91.2188752351313,178.04007274087382,86.82119750574252,130.80559775800813,20.381158309728573,80.53767779197439,178.21008939175394,97.67241159977955,148.39896278621478,6.167820517880717,136.33221985386965,175.6012946450045,39.26907479113484,16.80674173279972,10.626916865655893,31.151350455144254,14.05417637233881,19.803610140034596,18.815438175472423,23.961258948340895,16.14240924129691,0.3369917981291744,0.3369917981291744,1.390692663088015,0.9578652906924955,2.9674312714776634,1.0,0.0
C:\Users\Gabe\OneDrive\Desktop\CISC\CISC442\cisc-442-final\videos\cisc442 dog videos\Normals\Zane Kleva 976315\Zane Gait Videos\IMG_9708.MOV,Zane Kleva 976315,Zane Kleva,0,135.74536450515058,13.89952569080126,77.8686789333675,161.565051177078,83.6963722437105,133.8452509982618,14.275770270620631,90.0,175.23635830927387,85.23635830927387,139.02320037292048,19.32126771563895,98.2127801892859,180.0,81.7872198107141,143.87817151347824,20.54430696218224,93.16036162604567,180.0,86.83963837395433,154.79100422826377,16.812383359117298,98.91492695714787,178.6677801461303,79.75285318898243,152.80025125659148,22.607560262849894,75.96375653207353,178.75463573323168,102.79087920115815,127.80975842629228,19.573470948669044,81.19320730556468,155.55604521958347,74.36283791401878,124.9188209017353,20.74102740373754,73.4126614430726,168.6900675259798,95.2774060829072,153.12997948961325,15.554815244629834,122.90524292298791,180.0,57.09475707701209,152.69229151192002,4.508036486767169,143.4269690214807,169.3302171955033,25.90324817402262,14.166382117736081,10.667877522514626,27.4380635235858,14.05624278512441,21.575095336370865,18.65225703554714,22.53525896300363,17.110744514521063,1.3790194124620878,1.0342645593465658,0.6989912407491012,1.0277864004059039,2.9006118143459916,1.0,1.0
C:\Users\Gabe\OneDrive\Desktop\CISC\CISC442\cisc-442-final\videos\cisc442 dog videos\Normals\Zane Kleva 976315\Zane Gait Videos\IMG_9709.MOV,Zane Kleva 976315,Zane Kleva,0,139.3070421392374,12.272252444293896,110.77225468204583,178.31531568210372,67.54306100005789,135.786200282066,16.45931575803008,84.0938588862295,171.86989764584405,87.77603875961455,137.71448331081706,17.87007465191463,99.16234704572172,170.5782555327207,71.41590848699899,137.10286761671716,19.25729501219222,98.2127801892859,168.55066201149998,70.33788182221409,160.08183140751106,17.828436942267068,82.74680538727468,180.0,97.25319461272532,156.33290309441838,17.58539617310261,85.42607874009914,178.85423716182487,93.42815842172573,123.43009081855472,18.69341280392724,74.74488129694222,167.0053832080835,92.26050191114126,131.01778613417315,17.030216921765874,93.1221304621157,164.74488129694225,71.62275083482655,132.42559655673685,11.382717330487452,110.65891006330749,159.7174409110834,49.05853084777591,150.12669427567138,5.82443331113993,136.33221985386965,166.32869286780416,29.99647301393452,15.778203779236637,10.783214739585464,29.080334359604443,14.899980650295362,17.29780149511751,17.435862039168793,22.444926203335996,14.688650701658018,1.1685502673246002,0.3895167557748667,0.7002284651776085,0.9695553041111277,2.567283653846154,1.0,0.0
C:\Users\Gabe\OneDrive\Desktop\CISC\CISC442\cisc-442-final\videos\cisc442 dog videos\Normals\Zane Kleva 976315\Zane Gait Videos\IMG_9710.MOV,Zane Kleva 976315,Zane Kleva,0,139.6691043144989,10.54917420562227,105.70863782901574,160.93080646265187,55.22216863363613,138.0829573587029,15.408947423415023,108.78862198216848,178.1523897340055,69.36376775183703,139.7677252063272,18.19299586558974,100.40771131249006,172.87498365109818,72.46727233860811,142.8938346188945,19.81487498406926,101.63363399894044,177.8079302797759,76.17429628083545,156.36451175472848,15.89660727218913,109.4400348281762,180.0,70.5599651718238,154.10666798026213,21.930210270365656,86.18592516570965,180.0,93.81407483429035,132.43042527609555,18.082763625514684,80.53767779197439,165.80526238720913,85.26758459523474,127.78082395799913,20.981516911307605,76.72360295768402,180.0,103.27639704231598,154.7403587727142,13.15674038491966,117.47443162627712,180.0,62.52556837372288,150.31475859458322,17.1710277936897,28.81079374297305,167.81136679806815,139.0005730550951,15.538489275502075,10.144988430701906,27.17668432346335,14.185928609348489,18.633272142991114,17.25691200094153,21.177257221345172,17.539409210966518,1.142608749650697,0.8569565622380226,0.8403616753706136,0.8132054901239406,3.5007608695652177,1.0,1.0
C:\Users\Gabe\OneDrive\Desktop\CISC\CISC442\cisc-442-final\videos\cisc442 dog videos\Normals\Zane Kleva 976315\Zane Gait Videos\IMG_9711.MOV,Zane Kleva 976315,Zane Kleva,0,140.58008982109706,13.318050593065989,111.1247191460725,178.66778014613004,67.54306100005755,137.07336685587063,14.955870088859319,91.8476102659946,176.82016988013584,84.97255961414123,134.23956287300814,20.46463457763585,90.49821161261364,166.06220279174573,75.56399117913209,134.08410981581915,17.311547160493618,100.40771131249006,172.61818157808014,72.21047026559008,152.8517194166077,22.008798734749764,81.86989764584403,180.0,98.13010235415597,158.41375393447456,20.02501840094922,77.47119229084849,180.0,102.52880770915151,124.07726541920754,19.43967452214767,79.50852298766841,153.43494882292202,73.92642583525361,129.36467199241744,18.262918199774717,86.05481377096244,172.0565281894096,86.00171441844715,130.01227970420058,12.41654441346746,93.17983011986423,159.71744091108343,66.5376107912192,146.36177092640878,14.984759052953386,50.19442890773481,162.32582886786412,112.1313999601293,15.885713529825093,10.822216436334141,26.72619048551564,14.767433995031151,24.117637353587494,21.687707041542087,22.293027736279704,17.613734145047875,0.30920576700208313,2.473646136016665,1.1949333538269251,1.2456576867427542,3.2340923317683883,1.0,0.0
C:\Users\Gabe\OneDrive\Desktop\CISC\CISC442\cisc-442-final\videos\cisc442 dog videos\Normals\Zane Kleva 976315\Zane Gait Videos\IMG_9712.MOV,Zane Kleva 976315,Zane Kleva,0,139.554393735502,10.145766793190846,116.56505117707799,160.3461759419467,43.78112476486872,138.61748427206993,13.961634552903387,111.80140948635182,176.82016988013575,65.01876039378394,138.70404709504527,18.152487498022026,100.40771131249006,171.86989764584405,71.46218633335398,141.72723412491356,19.44004206172648,101.30993247402021,173.7536843790099,72.4437519049897,157.44347571447295,15.947133105275801,103.2405199151872,180.0,76.7594800848128,155.05575325338555,18.438520125483286,67.83365417791754,180.0,112.16634582208246,129.63828157989667,19.38835082522814,80.99149625797484,163.92642583525364,82.9349295772788,128.94027737482674,21.365978719927014,71.56505117707799,174.28940686250036,102.72435568542237,153.52977544234773,11.220257662082878,126.32682595212023,176.98721249581672,50.66038654369649,152.79244745062542,4.504783281933499,140.07960786001456,165.01836742760904,24.938759567594474,13.75672684916649,9.318193775847272,28.39063003995215,13.999259685116959,16.42107573766039,15.654624399491686,23.818375259800888,16.50946882459591,1.1390434399900153,1.1390434399900153,0.4714378110522199,0.8460181776600392,2.63378892733564,1.0,1.0
C:\Users\Gabe\OneDrive\Desktop\CISC\CISC442\cisc-442-final\videos\cisc442 dog videos\Normals\Zane Kleva 976315\Zane Gait Videos\IMG_9713.MOV,Zane Kleva 976315,Zane Kleva,0,142.60761791503944,14.724805475293243,99.00850374202516,178.1523897340053,79.14388599198016,136.59143222970357,10.889850975179359,108.43494882292201,163.96005669395035,55.52510787102834,134.31761924495308,19.702688193922697,93.3664606634298,171.74411128478326,78.37765062135345,132.39428753276377,16.470733821863693,101.42710159394514,164.5387822595581,63.111680665612965,160.4088137404982,16.933476263149505,100.30484646876603,180.0,79.69515353123397,160.74586612951975,18.991609891401794,88.09084756700362,180.0,91.90915243299638,128.99715418448753,17.578311987708943,88.22853025996592,165.9637565320735,77.73522627210757,132.2169240761678,18.432582047918174,74.87599269168945,167.4711922908485,92.59519959915906,123.9023416322275,13.834922717631512,97.25319461272534,157.83365417791757,60.58045956519223,147.8461047075592,14.395679750694294,36.25383773744478,173.99099404250546,137.7371563050607,15.285683183020733,11.833063314312176,28.054044517950103,13.08606455545972,20.797496574371774,17.385853469365497,20.85886539200735,14.282652912193928,0.33700930820633845,0.33700930820633845,1.180321035411703,1.1523556680686593,2.9672770919067215,1.0,0.0
C:\Users\Gabe\OneDrive\Desktop\CISC\CISC442\cisc-442-final\videos\cisc442 dog videos\Normals\Zane Kleva 976315\Zane Gait Videos\IMG_9714.MOV,Zane Kleva 976315,Zane Kleva,0,139.2305471098775,12.907289617120853,107.10272896905238,175.42607874009911,68.32334977104674,137.370978513811,12.560119152759134,114.44395478041653,174.09385888622958,59.64990410581305,142.5914338695237,19.157514728691016,97.0283962389496,171.86989764584405,74.84150140689445,143.3984054093421,17.44028816042338,100.73266455665579,173.5545819637403,72.82191740708451,155.24643492950935,13.372912113211399,108.43494882292201,180.0,71.56505117707799,153.8487480534006,19.101324441236393,90.0,180.0,90.0,129.89415859077124,17.132229311183224,90.0,156.03751102542182,66.03751102542182,127.64411739783746,20.12230744674113,73.4126614430726,158.1985905136482,84.78592907057562,160.3605187571693,10.732476113665749,135.0,177.27368900609395,42.273689006093946,152.9149119010459,3.7510897946354413,145.75096699318803,161.565051177078,15.814084183889975,13.151337014699266,9.019330055673885,27.861351878258535,13.136931655569777,18.531106483141834,14.376172328438951,22.62514521985625,14.986024273924343,0.37968022487727,1.13904067463181,1.4682187132503235,0.5263097878190103,2.633795321637427,1.0,1.0
C:\Users\Gabe\OneDrive\Desktop\CISC\CISC442\cisc-442-final\videos\cisc442 dog videos\Normals\Zane Kleva 976315\Zane Gait Videos\IMG_9715.MOV,Zane Kleva 976315,Zane Kleva,0,139.76716212896972,11.668665988681406,107.98733465206146,165.96375653207352,57.976421880012055,141.06911036614878,14.406426698710582,100.73889710090545,178.6677801461303,77.92888304522485,138.95680168756476,19.322006327547413,96.622666595381,176.14936117608923,79.52669458070822,130.27326493387318,17.391216507553214,94.10999796127477,172.61818157808008,78.50818361680531,160.09054268626474,16.33428305239249,95.10216525235819,180.0,84.89783474764181,158.00469448046638,18.048684695951305,85.60129464500447,180.0,94.39870535499553,131.5558913980693,21.430108860499512,80.40686573726967,179.30972280213493,98.90285706486526,131.011092800493,18.714293284365702,88.66778014613037,164.74488129694225,76.07710115081188,127.6171843576185,19.970570919812058,78.23171106797936,173.0887728809753,94.85706181299595,143.79616739236388,22.904599752985742,33.690067525979785,169.06090881680785,135.37084129082808,13.700447251273355,9.852965794043804,28.77296048767865,16.613407961441297,17.93298132949899,16.071033585771378,23.853837094043293,17.016562656230622,1.2629150264625224,0.3157287566156306,1.0756896290474445,0.946262295738248,3.167275641025641,1.0,0.0
C:\Users\Gabe\OneDrive\Desktop\CISC\CISC442\cisc-442-final\videos\cisc442 dog videos\Normals\Zane Kleva 976315\Zane Gait Videos\IMG_9716.MOV,Zane Kleva 976315,Zane Kleva,0,137.29736377288427,10.472177135550242,107.40270413135629,164.05460409907712,56.65189996772084,136.38485442258497,12.940134240956576,108.43494882292201,174.8055710922652,66.3706222693432,139.5822575911757,18.49170926656652,97.33437880141672,175.8150838748816,78.48070507346488,140.77096817830284,17.049044912099358,105.06848815949222,174.55966796899452,69.4911798095023,158.01775685353599,16.48878115849421,108.43494882292201,180.0,71.56505117707799,155.36448684112594,19.936023889461143,75.96375653207353,180.0,104.03624346792647,134.98859648786532,17.57018519160053,94.26789330029081,167.03549133958074,72.76759803928994,127.45171411805809,21.139294124072784,74.63256823536693,171.869897645844,97.23732941047706,138.55126582327108,17.236072653883376,111.37062226934319,178.12212255271461,66.75150028337143,146.63135562814577,25.451564581293038,7.815293546766825,170.2833141822149,162.46802063544806,13.074618178651765,8.505444835789914,25.533789187310152,12.771609043516312,19.7539987848481,16.762905918494774,24.57819314372283,17.29004013917064,1.2900706137284175,1.2900706137284175,0.5844631977926343,0.8588976738155479,3.10060546875,1.0,1.0
C:\Users\Gabe\OneDrive\Desktop\CISC\CISC442\cisc-442-final\videos\cisc442 dog videos\Normals\Zane Kleva 976315\Zane Gait Videos\IMG_9717.MOV,Zane Kleva 976315,Zane Kleva,0,141.12544572293706,14.456237403575752,99.46232220802563,172.87498365109815,73.41266144307252,136.44957888041353,12.357146104720785,110.77225468204583,160.40771810894847,49.635463426902646,136.11758163723854,20.145029125769135,84.8055710922652,168.42481118260378,83.61924009033858,135.4026961911568,17.65826619816361,99.61456927090096,172.61818157808008,73.00361230717913,158.93595157063947,17.351043254552447,100.30484646876603,180.0,79.69515353123397,158.61967967866977,19.479646381090614,89.15747573925958,180.0,90.84252426074042,128.74550113879536,18.149599599738277,82.18470645323312,156.16125981682828,73.97655336359516,133.2762944556837,18.35176772704091,84.55966796899449,168.69006752597977,84.13039955698528,130.1918216649533,17.955678987579645,81.32682595212023,162.97947438848018,81.65264843635995,149.44141347043958,6.094682883362988,129.0938588862295,167.21329855081325,38.11943966458375,15.725651580795516,11.395039543252507,28.33899638816914,13.974211243702994,19.762577298626777,17.108712443795728,22.47142926267049,14.973605176903813,0.36579269308773743,2.560548851614162,1.5819073889251172,1.7258012091884924,2.733788888888889,1.0,0.0
C:\Users\Gabe\OneDrive\Desktop\CISC\CISC442\cisc-442-final\videos\cisc442 dog videos\Normals\Zane Kleva 976315\Zane Gait Videos\IMG_9718.MOV,Zane Kleva 976315,Zane Kleva,0,138.77888456367018,10.400174829087826,108.83843355798076,158.8601751913423,50.02174163336154,135.52677744019735,13.596895792550393,105.70863782901574,180.0,74.29136217098426,140.46923004849197,18.79161665963807,98.2127801892859,171.02737338510363,72.81459319581774,144.89853045189784,18.024434948265803,97.96071399469619,178.8655783690226,80.9048643743264,156.53358447061925,16.325262873824457,97.49585763972986,178.60281897270391,81.10696133297405,155.89401600704855,20.69631477340241,64.4400348281762,180.0,115.5599651718238,134.3047394827065,20.317726641383626,69.8803668591817,178.6677801461303,108.78741328694859,130.03358047106727,19.387636828920105,79.86219614691485,180.0,100.13780385308515,146.57268280220322,16.69459248087784,96.18525491558233,176.33221194446875,80.14695702888642,147.7157160879859,26.40455829597309,10.840305454330634,169.69515353123393,158.8548480769033,13.22632522531745,8.380512062655601,26.669086604804136,14.105656429448475,18.5257403160229,18.22467906016827,20.524532185978455,15.096070637914499,1.2118976147753127,1.2118976147753127,0.6329579938074876,1.1511311558813886,3.300608856088561,1.0,1.0
C:\Users\Gabe\OneDrive\Desktop\CISC\CISC442\cisc-442-final\videos\cisc442 dog videos\Normals\Zane Kleva 976315\Zane Gait Videos\IMG_9719.MOV,Zane Kleva 976315,Zane Kleva,0,142.96839499824054,12.331546763259032,111.80140948635182,173.65980825409005,61.85839876773824,136.9632838752531,13.965870238379857,90.0,161.565051177078,71.565051177078,136.05089977655626,17.388965525079964,92.93567344642118,166.0622027917458,73.12652934532461,135.36905215211405,17.7710036725591,95.00391995224034,171.2025892900089,76.19866933776855,156.29945755002836,21.005676665057976,83.08877288097531,180.0,96.91122711902469,158.2140006262919,19.37840792093001,82.8749836510982,180.0,97.1250163489018,127.91668096635476,19.718735448935686,74.74488129694222,171.15818543980834,96.41330414286611,132.40398180673645,17.123232687304206,88.05851360908562,167.03549133958077,78.97697773049515,127.71762065951178,14.357569301747578,100.4914770123316,161.86191784440268,61.37044083207108,148.50526762661215,14.205939603582683,36.25383773744478,168.6900675259798,132.436229788535,14.584767187391945,11.531175477814811,25.76031967059946,12.838584061191996,20.73786133209548,21.82021911364098,22.249372307228153,16.76777645297396,0.5881028385233851,0.5881028385233851,1.1191075638399095,1.3474383693031453,3.4007657657657657,1.0,0.0
C:\Users\Gabe\OneDrive\Desktop\CISC\CISC442\cisc-442-final\videos\cisc442 dog videos\Normals\Zane Kleva 976315\Zane Gait Videos\IMG_9720.MOV,Zane Kleva 976315,Zane Kleva,0,140.23994440093733,12.16402405750195,110.17065341185041,166.67546873810923,56.50481532625882,139.24212454390556,13.552418867373511,119.1676133795778,180.0,60.8323866204222,139.72829800603532,18.80001339119569,92.94252045636863,173.55458196374036,80.61206150737173,141.53910218824325,19.593602863529053,105.46121774044191,177.9545915111128,72.49337377067089,158.23971215241306,14.569896893675699,111.80140948635182,179.99999914622634,68.19858965987453,153.15189442211948,22.389622236457587,78.69006752597979,178.85423716182487,100.16416963584508,129.91872390080488,18.259041782396164,83.6598082540901,159.71744091108343,76.05763265699333,131.13277727689362,20.983154437655344,79.69515353123397,173.6598082540901,93.96465472285614,159.38480538959374,12.55653368276392,122.27564431457762,179.21517539700875,56.93953108243113,153.34890544046965,4.963247920210181,140.09739973797903,164.63153667820387,24.53413694022484,13.770289482242921,8.979584660396407,26.467744827761877,15.201312935377464,20.011067473605387,18.04918785610156,21.412712558321434,15.779256833947029,0.6248512258985957,0.9372768388478935,0.5668897142636222,1.4410831083682594,3.200761904761905,1.0,1.0
C:\Users\Gabe\OneDrive\Desktop\CISC\CISC442\cisc-442-final\videos\cisc442 dog videos\Normals\Zane Kleva 976315\Zane Gait Videos\IMG_9721.MOV,Zane Kleva 976315,Zane Kleva,0,141.6688059347313,11.739091582413261,107.49355359990082,175.40574666873357,67.91219306883275,137.86951833374872,13.0025798685851,103.04563706294861,174.88958243896877,71.84394537602016,134.07532257701294,18.576808865582517,91.36392753160293,162.89727103094762,71.5333434993447,135.36644121090248,18.073550547358376,95.00391995224034,172.61818157808014,77.6142616258398,154.43132404909161,19.634691191647896,87.27368900609373,180.0,92.72631099390627,154.2468219871435,21.911243810719245,81.57303097851933,180.0,98.42696902148067,131.88709178864374,20.56424651999192,82.50414236027014,173.78077031120887,91.27662795093873,131.3404559686389,16.5793455080884,88.95837332399003,175.91438322002512,86.95600989603508,129.82957174166455,16.27980915109043,97.80409859194391,170.36246188706903,72.55836329512512,147.63872966153588,19.449830671149446,18.434948822922017,162.4075754378184,143.97262661489637,14.712380398629332,11.229014796885187,28.565801420036532,15.532411259124236,22.243724894629647,20.067206661775344,20.345128169594275,16.136224875082416,0.5767965864435937,0.5767965864435937,1.6028458145701,1.8243600265664492,3.4674269005847953,1.0,0.0
C:\Users\Gabe\OneDrive\Desktop\CISC\CISC442\cisc-442-final\videos\cisc442 dog videos\Normals\Zane Kleva 976315\Zane Gait Videos\IMG_9722.MOV,Zane Kleva 976315,Zane Kleva,0,139.23105415000944,10.598995481559054,112.83365417791754,165.54324459994515,52.70959042202762,139.56131126785942,12.156426529765143,116.20011484134734,175.23635830927378,59.03624346792644,140.26750457415662,20.532499778831138,100.66978280449668,170.24364044912886,69.57385764463218,145.7642036154242,16.866667031732707,108.43494882292201,175.8150838748815,67.3801350519595,156.55805708653102,14.493596533747459,108.43494882292201,180.0,71.56505117707799,157.86965078360734,18.37139235744378,90.0,180.0,90.0,133.19107742998992,19.507222074726407,83.6598082540901,175.36453657309738,91.70472831900729,132.13915716822967,19.86506595261742,84.8055710922652,180.0,95.1944289077348,151.8675805850504,17.024825922772386,106.09081634885217,179.51030440687018,73.419488058018,147.43928331282206,25.78668000025087,14.743562836470694,173.23382517744693,158.49026234097624,12.847067866833852,9.563684517392403,29.54496338876164,13.726775595591306,17.140639501998844,15.894554586824635,20.99107319412254,15.699727520560318,1.1535931728871873,1.1535931728871873,0.8277518612789844,0.3230883473195448,3.4674269005847953,1.0,1.0
C:\Users\Gabe\OneDrive\Desktop\CISC\CISC442\cisc-442-final\videos\cisc442 dog videos\Normals\Zane Kleva 976315\Zane Gait Videos\IMG_9725.MOV,Zane Kleva 976315,Zane Kleva,0,172.74998705734407,6.094339595613657,156.80140948635182,180.0,23.198590513648185,149.84936149504648,14.65444642468116,108.79988515865266,180.0,71.20011484134734,128.39019409318877,5.19052480333681,119.29136217098426,138.31094151461144,19.019579343627186,167.72685381859216,12.92220427702956,99.26998349910895,180.0,80.73001650089105,169.09040907530567,8.41488437868166,138.3664606634298,180.0,41.63353933657021,163.7513511048704,17.38773488971127,99.27260177720031,180.0,80.72739822279969,127.42920815444818,15.989747654744344,79.71016028298958,150.17291534552524,70.46275506253566,163.3057585272867,9.829408394976209,144.72757855140162,178.6677801461303,33.94020159472868,108.18428087347571,15.89277736497104,93.45331625053109,156.50143432404792,63.04811807351683,114.31370753551982,21.084992928490433,77.66091272167381,164.68718163919368,87.02626891751987,23.135365941050242,13.341675259914826,40.24303947754427,10.18305978438503,13.015860229528059,16.7734165812835,35.688041686776806,14.819438056055459,1.3430083754552378,1.3430083754552378,0.9066556779509881,1.091103724434372,2.2337909836065575,1.0,0.0
C:\Users\Gabe\OneDrive\Desktop\CISC\CISC442\cisc-442-final\videos\cisc442 dog videos\Normals\Zane Kleva 976315\Zane Gait Videos\IMG_9727.MOV,Zane Kleva 976315,Zane Kleva,0,171.78187157907635,6.017432763318034,154.94238458169698,180.0,25.057615418303016,156.8441017151955,11.505700684577317,133.66778014613035,180.0,46.332219853869645,121.80238538669117,6.8840205670859955,98.26717333551065,137.48955292199918,39.22237958648853,152.54089217460304,20.992298179555245,96.74258660671278,177.41697933136481,80.67439272465204,169.07333817819276,14.012417897274359,126.02737338510362,180.0,53.972626614896384,164.9624097812139,14.629518357167834,114.62356478616361,180.0,65.37643521383639,134.45809527877134,16.024740680052428,98.65254179111473,169.38034472384487,70.72780293273014,166.62246822451687,12.86015996933429,99.28609583712817,180.0,80.71390416287183,124.56523630167013,25.010687776436917,96.04165932374259,178.78112476486868,82.73946544112609,113.1593316345236,16.20532314124475,71.56505117707799,141.4006515681894,69.83560039111141,15.536241804251862,11.224494376821655,33.14520164990984,15.371757520431586,10.967078653505373,10.999609217456603,37.666379330279874,15.815500176340226,1.4282511928779582,1.4282511928779582,0.9077338401927267,2.7403099266456694,1.4003139013452914,1.0,0.0
C:\Users\Gabe\OneDrive\Desktop\CISC\CISC442\cisc-442-final\videos\cisc442 dog videos\Normals\Zane Kleva 976315\Zane Gait Videos\IMG_9728.MOV,Zane Kleva 976315,Zane Kleva,0,168.8107625517663,7.380652260046538,142.39400864259827,180.0,37.605991357401734,161.1422589854653,12.609513041730509,110.22485943116808,178.74554837731856,68.52068894615047,129.79307940986317,19.13396378792617,95.31454566994475,163.8607573488068,68.54621167886205,156.24265068151334,18.64647836068247,88.51213247117222,177.43622978853506,88.92409731736284,164.9648893083953,12.043481452944462,127.50414236027012,180.0,52.49585763972988,170.10738328946965,7.181112518729067,151.31385242626058,180.0,28.68614757373942,140.5860246318561,20.77855313878455,95.44033203100551,176.22180229283833,80.78147026183282,159.31945870052706,9.763778863425738,138.17983011986425,180.0,41.82016988013575,173.48315947450016,5.817067342671445,161.565051177078,180.0,18.434948822921996,90.59592867651537,37.05731841329806,0.0,134.48383577023517,134.48383577023517,9.848285999831978,8.675880518174743,28.795724560161,20.786507934800042,11.00298520994246,10.802802242223237,25.27640786519015,14.620623565200452,1.3040838415036562,1.3040838415036562,1.0705514829037137,0.720014683596578,1.5336437246963563,1.0,1.0
C:\Users\Gabe\OneDrive\Desktop\CISC\CISC442\cisc-442-final\videos\cisc442 dog videos\Normals\Zane Kleva 976315\Zane Gait Videos\IMG_9729.MOV,Zane Kleva 976315,Zane Kleva,0,171.08264981715698,7.615098249112209,149.26451229807992,180.0,30.73548770192008,155.733990853644,16.143074570534704,76.7594800848128,180.0,103.2405199151872,122.97592549243635,5.334473418730422,111.80140948635182,132.58049078334366,20.779081296991848,159.25610480633887,16.59544305650041,116.56505117707799,179.5993367442068,63.034285567128805,169.00947122654128,14.928324468163671,72.89727103094764,180.0,107.10272896905236,160.31189055346766,20.491285554052123,93.3664606634298,180.0,86.6335393365702,132.60929121607805,14.941032501003566,95.9061411137705,150.64224645720876,54.736105343438254,162.4311146242617,11.933590996157195,139.9697407281103,180.0,40.03025927188969,123.92917076419121,29.716543364941593,90.0,178.6360724683971,88.63607246839709,111.84864192926321,22.805838627483688,66.61477894278624,146.54669054592733,79.93191160314109,16.15587920201106,13.660217584450553,36.280179313902515,16.38823286341768,15.79707793315836,22.750454316210522,29.987013660715817,16.513821649419985,1.2854622342957964,0.8569748228638643,0.8547677970613115,0.9624800540014731,2.3337908496732025,1.0,0.0
C:\Users\Gabe\OneDrive\Desktop\CISC\CISC442\cisc-442-final\videos\cisc442 dog videos\Normals\Zane Kleva 976315\Zane Gait Videos\IMG_9730.MOV,Zane Kleva 976315,Zane Kleva,0,166.50559058535325,10.452094471870145,132.27368900609375,178.99491399474624,46.721224988652494,167.8381614980868,10.309423368352117,135.8223709799982,180.0,44.1776290200018,123.90267464144269,25.841605845358295,74.57004280682641,165.25643716352928,90.68639435670288,131.2215317473681,22.707388651460903,95.51394254582497,165.96375653207352,70.44981398624854,163.23074239197246,15.077127654480702,110.77225468204583,180.0,69.22774531795417,167.1262928856252,13.251707410030042,115.3461759419467,180.0,64.6538240580533,128.09651771439778,30.238459183094918,41.440733178716776,165.96375653207352,124.52302335335673,159.03808156700842,14.021047305532363,105.75117366345303,180.0,74.24882633654697,169.18317092815633,9.748500712285985,146.3099324740202,180.0,33.6900675259798,100.7920241642671,50.844727320431375,3.8140748342902824,162.11311770816278,158.29904287387248,7.918724533733941,7.713251822427815,13.54048073241483,15.450342148150792,15.400491316805713,15.067009944583862,35.3276263561906,26.12693514139844,1.2242579288863813,1.836386893329572,0.6432891432961272,1.0123438817192336,1.6336426767676768,1.0,1.0
C:\Users\Gabe\OneDrive\Desktop\CISC\CISC442\cisc-442-final\videos\cisc442 dog videos\Normals\Zane Kleva 976315\Zane Gait Videos\IMG_9731.MOV,Zane Kleva 976315,Zane Kleva,0,170.88412103353954,7.885566419989458,149.84545208208382,180.0,30.154547917916176,157.87366915334678,11.519874446723335,131.63353933657018,180.0,48.36646066342982,123.13392890517558,7.244635952494264,112.38013505195958,144.1623470457217,31.782211993762118,158.06736592167815,15.00243231727574,115.20112364547508,179.4490960207818,64.24797237530673,168.38846467762244,8.983364220085527,135.0,180.0,45.0,161.1051796930437,20.05441010394387,90.0,179.48383577023506,89.48383577023506,139.41010780535274,10.196438557401981,113.19859051364818,158.19859051364818,45.0,164.76668204289248,15.406169972767383,118.84266013541206,179.99999879258172,61.15733865716966,131.0236899393122,32.84787589591205,81.15818543980834,176.51067509420375,95.35248965439541,120.64884927623943,16.301885465044776,72.62378490028077,143.9726266148964,71.34884171461563,14.717466704869553,8.393824485876134,36.50158846406659,15.632008822396955,14.15439662354837,17.210789675680548,26.36825499152082,13.756308616040627,1.1536416074618523,1.1536416074618523,1.0507110537102313,0.9210152369119545,1.7336406619385343,1.0,0.0
C:\Users\Gabe\OneDrive\Desktop\CISC\CISC442\cisc-442-final\videos\cisc442 dog videos\Normals\Zane Kleva 976315\Zane Gait Videos\IMG_9732.MOV,Zane Kleva 976315,Zane Kleva,0,164.13247980449182,12.310505708828142,122.47119229084849,180.0,57.52880770915151,158.50036719428454,17.661173717486356,93.50353164478446,180.0,86.49646835521554,136.1354635828216,17.9172792305347,91.27539107743837,172.23483398157464,80.95944290413627,154.1579571618826,19.885793078464967,107.10272896905236,178.66778014613004,71.56505117707768,166.50199399244724,10.117881729547365,126.2538377374448,180.0,53.7461622625552,167.26662497377686,10.442994976828338,139.57392125990089,180.0,40.426078740099115,140.9485703570279,20.891437821186358,100.1755108430432,178.1523897340055,77.97687889096231,162.9826030171321,14.364154832311744,122.47119229084849,180.0,57.52880770915151,163.61050605295978,9.018130689717523,134.620563298581,178.75463573323168,44.134072434650676,103.70168894365824,39.108188319544986,8.972626614896399,163.49093800462742,154.51831138973102,12.82941103991382,13.44812965505821,23.989341889100928,15.27606033137025,9.88373931553225,9.227699432578712,26.65979458963905,18.167119591092593,0.5768222338751966,1.1536444677503932,0.8828718006039001,1.175666123949875,1.7336363636363636,1.0,1.0
C:\Users\Gabe\OneDrive\Desktop\CISC\CISC442\cisc-442-final\videos\cisc442 dog videos\Normals\Zane Kleva 976315\Zane Gait Videos\IMG_9733.MOV,Zane Kleva 976315,Zane Kleva,0,167.7482121426239,7.350129228280547,154.79887635452494,180.0,25.201123645475064,155.8823466803954,14.794859366016528,125.53767779197437,180.0,54.462322208025626,124.73254095993477,8.272789289961725,109.46410362722798,142.71636628615502,33.25226265892704,157.5497108345388,11.879762913718748,126.08756503047728,175.17478307289016,49.087218042412886,160.83115970676587,16.57827452606569,111.16125981682828,180.0,68.83874018317172,157.23202032950132,22.662785501593966,92.56377021146501,180.0,87.43622978853499,132.74685333007727,9.771538467912317,103.4558429789237,147.1290761981028,43.67323321917911,163.42507889904113,13.143582088734396,139.7636416907262,179.3839400916012,39.620298400875015,127.15076417353815,27.659025498193156,96.05419189411484,179.20427644726072,83.15008455314589,120.84354499373067,16.60472318268666,88.99491399474583,147.09475707701213,58.099843082266304,13.584824980341761,10.917729211727275,33.90503217952952,13.971630566262808,19.02760053981352,19.216562052111804,30.306582940091378,18.604530806284284,0.6665289540728501,1.3330579081457001,1.6238625245387148,0.2363654408140641,1.5003099173553718,1.0,0.0
C:\Users\Gabe\OneDrive\Desktop\CISC\CISC442\cisc-442-final\videos\cisc442 dog videos\Normals\Zane Kleva 976315\Zane Gait Videos\IMG_9734.MOV,Zane Kleva 976315,Zane Kleva,0,166.506203006753,15.998250053681216,76.42956561483851,180.0,103.57043438516149,161.17026987759027,11.598366720803662,117.34987578006988,179.63506366426847,62.28518788419859,132.99464207848686,21.690803916562547,84.00665076557884,161.92998751280865,77.92333674722981,160.13948539284897,17.27629509872469,99.59500227849367,178.45184230102225,78.85684002252859,167.71446621422754,9.668847793695386,136.7357045889284,180.0,43.2642954110716,166.33181450319225,16.177310700823494,98.9726266148964,180.0,81.0273733851036,147.21162207733462,20.19463931942776,103.55719292953565,178.09084756700364,74.53365463746799,168.00496452495707,14.782702951531153,96.92721812600917,180.0,83.07278187399083,166.83114690493343,9.174151135455247,143.9726266148964,177.5804907833437,33.60786416844729,99.71535098811314,31.58456539849242,12.425942865427455,157.36282514931008,144.93688228388262,10.452447910880624,11.188637204259395,30.58857723257498,18.62284431671962,11.154802541774703,9.477121679657992,22.605630241588447,19.36011551630893,0.6381717514409312,1.2763435028818624,1.1962316966421322,1.2645813084419035,1.5669762845849802,1.0,1.0
C:\Users\Gabe\OneDrive\Desktop\CISC\CISC442\cisc-442-final\videos\cisc442 dog videos\Normals\Zane Kleva 976315\Zane Gait Videos\IMG_9735.MOV,Zane Kleva 976315,Zane Kleva,0,173.56571851081702,5.702461447221199,150.77194805685488,180.0,29.22805194314512,159.05280293913594,13.353975854285103,126.86989764584402,180.0,53.13010235415598,120.08990662412789,4.807222817258069,105.25511870305778,129.74619724873776,24.491078545679983,153.08282593719971,21.140317901181636,101.36745833773587,176.6335393365703,75.26608099883443,168.75444236810762,10.186546860525203,122.47119229084849,180.0,57.52880770915151,161.80120847121438,23.1331702894919,80.53767779197439,180.0,99.46232220802561,128.43010634718698,14.241436755576203,92.95077910900636,155.01876039378394,62.067981284777574,167.56786213800203,11.031429877872124,139.57392125990086,180.0,40.42607874009914,124.87361787310205,31.168823446410805,89.77353564765882,180.0,90.22646435234118,115.50736914063903,18.08549691388542,76.9170093251889,142.5299267776876,65.61291745249869,16.14495757210958,13.25096905015959,35.56387300499809,16.79401919344238,17.214952587738825,21.302954829767753,39.13775579081508,14.31053579556706,1.1762582672484263,1.1762582672484263,1.3396497128570484,1.4478586770382427,1.7003068592057762,1.0,0.0
C:\Users\Gabe\OneDrive\Desktop\CISC\CISC442\cisc-442-final\videos\cisc442 dog videos\Normals\Zane Kleva 976315\Zane Gait Videos\IMG_9737.MOV,Zane Kleva 976315,Zane Kleva,0,171.1585661858917,6.508375316968935,155.22485943116808,180.0,24.775140568831915,157.11762549502797,12.49221496044852,126.94558555361826,176.63353933657018,49.68795378295192,124.85307424642848,4.345505341943489,111.16125981682828,136.62497635752476,25.46371654069648,159.79354150357247,19.041664060610437,98.9726266148964,180.0,81.0273733851036,164.55582000671617,17.47503888677659,88.78112476486871,180.0,91.21887523513129,160.449776568267,24.01710730392892,81.86989764584403,180.0,98.13010235415597,134.21967038899552,15.33933951159984,102.52880770915151,159.82934658814958,57.30053887899807,164.76797248854726,12.264330801078856,140.07960786001456,180.0,39.92039213998544,124.27649267902225,33.05154352587061,92.04540848888723,178.51213247117232,86.46672398228509,120.39518164117227,16.701657362955956,79.33021719550332,144.64584425661198,65.31562706110866,15.720942816483774,11.188744055040614,37.23371161274108,14.094118909836384,20.1335853450457,20.649059525733886,31.58384068108659,15.842364647625642,0.9089639588173312,0.9089639588173312,1.1443392229017688,0.9369246014641105,2.2003072625698326,1.0,0.0
C:\Users\Gabe\OneDrive\Desktop\CISC\CISC442\cisc-442-final\videos\cisc442 dog videos\Normals\Zane Kleva 976315\Zane Gait Videos\IMG_9738.MOV,Zane Kleva 976315,Zane Kleva,0,168.697705943212,10.097775752866054,116.56505117707799,180.0,63.43494882292201,162.64894484597605,15.629276077560467,102.9946167919165,180.0,77.0053832080835,132.5022115578108,23.685899222467672,78.75645889778681,165.9637565320735,87.20729763428668,141.55887925876903,30.82867632876267,85.72053646975478,180.0,94.27946353024522,162.6566985600969,20.07285167417589,94.18491612511842,180.0,85.81508387488158,169.66355606470177,11.151313833181034,121.32869286780416,180.0,58.671307132195835,140.32068581240858,30.68171221650902,41.682650994975425,176.12147549715218,134.43882450217674,161.3874693674252,8.367079306907447,136.7357045889284,175.60129464500443,38.86559005607603,172.40571903827063,8.017489146751979,145.30484646876604,180.0,34.695153531233956,96.9259258909108,47.70976406031371,19.653824058053313,165.96375653207355,146.30993247402023,12.4188608708961,13.541643539660425,15.686679655343452,9.974408429857727,17.625107647589925,19.73551380048181,27.36899849147234,24.937156384764872,0.5083956328499364,0.5083956328499364,0.8520035996064315,1.3259394597433318,1.966972049689441,1.0,1.0
C:\Users\Gabe\OneDrive\Desktop\CISC\CISC442\cisc-442-final\videos\cisc442 dog videos\Normals\Zane Kleva 976315\Zane Gait Videos\IMG_9739.MOV,Zane Kleva 976315,Zane Kleva,0,169.71449086434964,7.091649320378922,150.2551187030578,179.5692127829916,29.314094079933795,159.84543973455268,8.486988088297556,139.9697407281103,175.6012946450045,35.63155391689418,117.5394643539447,8.056008354115912,107.10272896905238,141.54629078329404,34.44356181424166,147.46234142318892,13.723265322558905,116.29479007058386,178.60281897270363,62.30802890211977,170.55293251815286,7.8234425915246035,153.434948822922,180.0,26.565051177078004,158.1719775143549,18.74804308164226,87.35745470593528,178.99491399474584,91.63745928881056,134.37168851008622,10.458957767525595,118.68614757373945,158.96248897457818,40.27634140083873,161.01306875417407,18.681152712048057,118.35496178532405,178.96775530843428,60.61279352311023,107.25376972246487,25.91149081783092,73.30075576600639,175.6012946450045,102.3005388789981,122.354059367159,12.055408775459078,103.43102887068167,142.33111538628594,38.90008651560427,12.206842852190084,7.705609818951233,32.16374307251195,13.832619185645875,13.336216013062396,10.887998401980587,30.288005730421016,15.863152849486555,1.2497568566426764,1.2497568566426764,1.2482214419018027,16.879223223265228,0.8001556420233462,1.0,0.0
C:\Users\Gabe\OneDrive\Desktop\CISC\CISC442\cisc-442-final\videos\cisc442 dog videos\Normals\Zane Kleva 976315\Zane Gait Videos\IMG_9740.MOV,Zane Kleva 976315,Zane Kleva,0,167.53250819761462,9.981007182040614,124.84573341979976,178.85423716182487,54.00850374202511,160.4922185243051,11.426828361935582,126.86989764584402,180.0,53.13010235415598,113.93603245918801,22.894194673266828,76.72360295768402,162.47443162627715,85.75082866859313,136.9713274315626,31.303363296901182,74.86016439994796,170.93655591702273,96.07639151707477,165.09059181326768,12.043875794016296,127.23483398157467,180.0,52.76516601842533,165.66680700207553,15.029644187710396,101.88865803962798,180.0,78.11134196037202,139.32136402663988,20.173504092664956,103.73626830562257,167.4711922908485,63.73492398522593,161.10631987835055,20.957314998880182,95.63426665576739,180.0,84.36573334423261,164.33973920781855,10.403581311639124,135.0,180.0,45.0,105.57970174230306,44.57451927921128,7.1250163489018075,164.62032545073495,157.49530910183316,11.640855055701714,7.966895112440052,33.013495542992494,23.611947980816534,15.138900584023151,15.693856992386463,23.016828036141906,18.346186676531712,0.545362733546541,0.545362733546541,0.9680876373615168,0.7424054407447,1.8336419753086421,1.0,1.0
C:\Users\Gabe\OneDrive\Desktop\CISC\CISC442\cisc-442-final\videos\cisc442 dog videos\Normals\Zane Kleva 976315\Zane Gait Videos\IMG_9741.MOV,Zane Kleva 976315,Zane Kleva,0,172.44925117833958,5.045066161743713,159.03428815944258,180.0,20.965711840557418,161.68442441471717,8.798240433214588,142.12501634890182,178.66778014613004,36.54276379722822,119.6884947574807,4.84702930517259,109.06454743133229,133.865578369023,24.801030937690726,156.57758788849267,13.334491314779488,109.6538240580533,176.63353933657018,66.97971527851688,166.6389159403336,9.272772914321035,131.82016988013578,180.0,48.17983011986422,159.2176550879966,23.657423050367008,77.0053832080835,178.85423716182453,101.84885395374103,139.0950446788554,10.949614024239288,119.74488129694222,166.26373169437747,46.518850397435244,165.83169887383121,14.849393522429104,119.16025077623705,179.53419091723538,60.37394014099833,130.495465668801,31.39964257970355,88.95837332399003,177.18444331578903,88.226069991799,122.3600874239162,13.567602621697336,95.1944289077348,158.83874018317175,63.64431127543695,11.538556220052712,7.576857680720396,37.82091164472715,12.748252111262042,15.569925070245967,20.332082422868694,28.684535929285495,14.987159378013237,0.6816761659502755,1.363352331900551,1.2030147759277012,0.7342914720740653,1.4669722222222223,1.0,0.0
C:\Users\Gabe\OneDrive\Desktop\CISC\CISC442\cisc-442-final\videos\cisc442 dog videos\Normals\Zane Kleva 976315\Zane Gait Videos\IMG_9742.MOV,Zane Kleva 976315,Zane Kleva,0,163.0644442988711,16.346140794869108,79.88094612863293,179.63506366426947,99.75411753563654,162.30892074283398,10.140847701334167,138.06648550112592,180.0,41.933514498874075,119.77016993523377,24.059212005116066,66.33560040358682,153.32694559643642,86.9913451928496,148.58162058345889,29.947132047767735,68.43886877516236,179.45778483505399,111.01891605989162,165.00901170935228,18.99209113131684,66.80140948635182,180.0,113.19859051364818,163.17341416577594,16.60821127146792,105.25511870305779,180.0,74.74488129694221,132.68317907183277,17.28871715094287,87.32062526903995,161.13426396006935,73.8136386910294,160.4808161432836,18.35307540856912,108.43494882292201,180.0,71.56505117707799,156.52359486150047,14.113166938687584,126.95937562543942,179.23610153907012,52.2767259136307,123.7956593745167,26.01380415908969,74.74488129694222,172.12369788843034,97.37881659148812,13.664348072014612,15.241256278149734,32.06917624410822,20.480220099211703,8.505172563831918,10.428222663141792,31.161454987700676,14.456706701195788,0.545362733546541,0.545362733546541,0.6531431243980301,0.7915263941904596,1.8336419753086421,1.0,1.0
C:\Users\Gabe\OneDrive\Desktop\CISC\CISC442\cisc-442-final\videos\cisc442 dog videos\Normals\Zane Kleva 976315\Zane Gait Videos\IMG_9743.MOV,Zane Kleva 976315,Zane Kleva,0,170.60594276983701,8.41383934720554,146.30993247402023,180.0,33.69006752597977,160.80420841339304,11.816663575719177,134.05043314356416,180.0,45.94956685643584,119.7706153315554,5.445392440641084,107.040383205288,130.6012946450045,23.56091143971649,158.3299699085394,18.14228812942641,102.144278049567,179.45434240658483,77.31006435701782,164.28702184070673,19.443924028266853,69.77514056883193,180.0,110.22485943116807,163.0954465142556,22.70596493841844,88.31531568210372,180.0,91.68468431789628,133.81358630628378,11.995072569724458,97.19347005529553,173.2021174997137,76.00864744441816,163.866188457147,16.771200128599933,106.27967320213052,179.5692127829916,73.28953958086107,131.3304473769078,29.47592631472573,94.39870535499554,179.09061955080062,84.69191419580508,118.32624348995017,13.1274530147217,86.78451600825179,138.17983011986425,51.395314111612464,13.8767425986227,8.990290086429445,39.69164684300012,15.066991624821215,15.702719181784838,19.039635815428987,36.232811497367685,12.097982776504114,1.2497605822639342,1.2497605822639342,1.601562446050191,1.489956744254754,1.6003065134099617,1.0,0.0
C:\Users\Gabe\OneDrive\Desktop\CISC\CISC442\cisc-442-final\videos\cisc442 dog videos\Normals\Zane Kleva 976315\Zane Gait Videos\IMG_9744.MOV,Zane Kleva 976315,Zane Kleva,0,164.882461203264,12.854060545390952,99.36238781021444,178.91907581333976,79.55668800312532,159.8059838083385,17.52798016958111,102.2647737278924,180.0,77.7352262721076,105.58576543442375,21.157482071042732,39.049569449408146,156.03751102542182,116.98794157601367,138.58143897783816,30.643008199870774,80.1259407482426,178.24914581345715,98.12320506521455,167.28907319723552,12.574266103120301,108.43494882292201,180.0,71.56505117707799,164.0074199684901,14.960709026912637,105.06848815949222,180.0,74.93151184050778,131.68978670613222,13.646167920144087,110.62987994612618,162.64597536373867,52.01609541761249,160.5840423534334,19.256459078795473,107.10272896905236,178.6677801461303,71.56505117707793,166.25357223383762,9.5233969512955,142.48503895037334,180.0,37.51496104962666,120.60168403674305,27.079480602775188,51.91122711902468,160.65926451696734,108.74803739794265,9.870159527467688,10.55558093333746,40.80510670307809,22.90700651147174,12.592504253371528,15.400372606173628,30.60799640664261,14.347705391328295,0.5356258986023051,0.5356258986023051,2.944864089676756,0.697155526538884,1.866974697469747,1.0,1.0
